make,model,year,engine_fuel_type,engine_hp,engine_cylinders,transmission_type,driven_wheels,number_of_doors,market_category,vehicle_size,vehicle_style,highway_mpg,city_mpg,popularity,msrp
chevrolet,cobalt,2008,regular_unleaded,148.0,4.0,manual,front_wheel_drive,2.0,,compact,coupe,33,24,1385,14410
toyota,matrix,2012,regular_unleaded,132.0,4.0,automatic,front_wheel_drive,4.0,hatchback,compact,4dr_hatchback,32,25,2031,19685
subaru,impreza,2016,regular_unleaded,148.0,4.0,automatic,all_wheel_drive,4.0,hatchback,compact,4dr_hatchback,37,28,640,19795
volkswagen,vanagon,1991,regular_unleaded,90.0,4.0,manual,rear_wheel_drive,3.0,,large,passenger_minivan,18,16,873,2000
ford,f-150,2017,flex-fuel_(unleaded/e85),385.0,8.0,automatic,four_wheel_drive,4.0,flex_fuel,large,crew_cab_pickup,21,15,5657,56260
volkswagen,rabbit,2008,regular_unleaded,170.0,5.0,manual,front_wheel_drive,4.0,hatchback,compact,4dr_hatchback,29,22,873,17575
bentley,continental_gtc,2013,premium_unleaded_(required),500.0,8.0,automatic,all_wheel_drive,2.0,"exotic,luxury,high-performance",midsize,convertible,24,14,520,191400
bmw,6_series,2015,premium_unleaded_(required),315.0,6.0,automatic,rear_wheel_drive,2.0,"luxury,performance",midsize,coupe,32,21,3916,76100
maybach,57,2012,premium_unleaded_(required),543.0,12.0,automatic,rear_wheel_drive,4.0,"exotic,luxury",large,sedan,16,10,67,379050
ford,f-150_heritage,2004,regular_unleaded,202.0,6.0,manual,four_wheel_drive,2.0,,large,regular_cab_pickup,18,13,5657,26030
rolls-royce,phantom_drophead_coupe,2015,premium_unleaded_(required),453.0,12.0,automatic,rear_wheel_drive,2.0,"exotic,luxury,performance",large,convertible,19,11,86,479775
chevrolet,equinox,2015,regular_unleaded,182.0,4.0,automatic,all_wheel_drive,4.0,"crossover,flex_fuel",compact,4dr_suv,29,20,1385,33670
mitsubishi,eclipse_spyder,2011,regular_unleaded,162.0,4.0,automatic,front_wheel_drive,2.0,,compact,convertible,27,20,436,27999
ferrari,california_t,2015,premium_unleaded_(required),553.0,8.0,automated_manual,rear_wheel_drive,2.0,"exotic,high-performance",compact,convertible,23,16,2774,198973
audi,q5,2017,premium_unleaded_(required),272.0,6.0,automatic,all_wheel_drive,4.0,"crossover,luxury",midsize,4dr_suv,26,18,3105,53200
subaru,xv_crosstrek,2014,regular_unleaded,160.0,4.0,automatic,all_wheel_drive,4.0,"crossover,hybrid",compact,4dr_suv,33,29,640,29295
hyundai,genesis_coupe,2016,premium_unleaded_(recommended),348.0,6.0,manual,rear_wheel_drive,2.0,high-performance,midsize,coupe,24,17,1439,33750
mitsubishi,mighty_max_pickup,1994,regular_unleaded,151.0,4.0,manual,rear_wheel_drive,2.0,,compact,extended_cab_pickup,23,18,436,2000
dodge,dakota,2008,regular_unleaded,210.0,6.0,manual,four_wheel_drive,4.0,,compact,extended_cab_pickup,19,15,1851,25245
ford,probe,1996,regular_unleaded,164.0,6.0,manual,front_wheel_drive,2.0,"hatchback,performance",compact,2dr_hatchback,24,18,5657,2000
ford,thunderbird,2005,premium_unleaded_(required),280.0,8.0,automatic,rear_wheel_drive,2.0,performance,midsize,convertible,22,16,5657,38355
gmc,sierra_1500_classic,2007,flex-fuel_(unleaded/e85),295.0,8.0,automatic,four_wheel_drive,4.0,flex_fuel,large,extended_cab_pickup,17,13,549,28790
bmw,6_series,2015,premium_unleaded_(required),315.0,6.0,automatic,all_wheel_drive,2.0,"luxury,performance",midsize,coupe,29,20,3916,79100
gmc,canyon,2016,regular_unleaded,305.0,6.0,automatic,four_wheel_drive,4.0,diesel,compact,crew_cab_pickup,24,17,549,38110
volkswagen,beetle_convertible,2014,regular_unleaded,170.0,4.0,automatic,front_wheel_drive,2.0,,compact,convertible,32,24,873,30755
suzuki,esteem,2001,regular_unleaded,122.0,4.0,manual,front_wheel_drive,4.0,,compact,sedan,32,24,481,14899
nissan,juke,2016,premium_unleaded_(recommended),188.0,4.0,manual,front_wheel_drive,4.0,"crossover,hatchback,performance",compact,4dr_hatchback,34,28,2009,24830
suzuki,aerio,2006,regular_unleaded,155.0,4.0,automatic,front_wheel_drive,4.0,,compact,wagon,28,22,481,15499
mitsubishi,mirage,2014,regular_unleaded,74.0,3.0,manual,front_wheel_drive,4.0,hatchback,compact,4dr_hatchback,42,34,436,14195
nissan,rogue,2015,regular_unleaded,170.0,4.0,automatic,front_wheel_drive,4.0,crossover,midsize,4dr_suv,33,26,2009,23040
mercedes-benz,gle-class,2017,premium_unleaded_(required),302.0,6.0,automatic,rear_wheel_drive,4.0,"crossover,luxury",midsize,4dr_suv,23,18,617,52000
ford,escape_hybrid,2011,regular_unleaded,177.0,4.0,automatic,all_wheel_drive,4.0,"crossover,hybrid",compact,4dr_suv,27,30,5657,32320
mercedes-benz,300-class,1991,diesel,121.0,5.0,automatic,rear_wheel_drive,4.0,"diesel,luxury",midsize,sedan,30,23,617,2000
volkswagen,tiguan,2016,premium_unleaded_(recommended),200.0,4.0,automatic,all_wheel_drive,4.0,crossover,compact,4dr_suv,26,20,873,26865
porsche,macan,2017,premium_unleaded_(required),400.0,6.0,automated_manual,all_wheel_drive,4.0,"crossover,luxury,performance",midsize,4dr_suv,23,17,1715,76000
chevrolet,captiva_sport,2014,flex-fuel_(unleaded/e85),180.0,4.0,automatic,front_wheel_drive,4.0,"crossover,flex_fuel",midsize,4dr_suv,28,20,1385,24360
nissan,frontier,2016,regular_unleaded,152.0,4.0,manual,rear_wheel_drive,4.0,,compact,extended_cab_pickup,23,19,2009,18290
chevrolet,camaro,2017,premium_unleaded_(recommended),455.0,8.0,manual,rear_wheel_drive,2.0,high-performance,midsize,coupe,25,16,1385,41905
ford,fusion_hybrid,2017,regular_unleaded,188.0,4.0,automatic,front_wheel_drive,4.0,hybrid,midsize,sedan,41,43,5657,31010
porsche,panamera,2015,premium_unleaded_(required),310.0,6.0,automated_manual,rear_wheel_drive,4.0,"luxury,performance",large,sedan,28,18,1715,78100
nissan,juke,2017,premium_unleaded_(recommended),188.0,4.0,automatic,all_wheel_drive,4.0,"crossover,hatchback",compact,4dr_hatchback,30,26,2009,26940
hyundai,accent,2014,regular_unleaded,138.0,4.0,manual,front_wheel_drive,4.0,hatchback,compact,4dr_hatchback,38,27,1439,14895
suzuki,kizashi,2011,regular_unleaded,180.0,4.0,automatic,front_wheel_drive,4.0,,midsize,sedan,30,23,481,25949
nissan,370z,2016,premium_unleaded_(required),332.0,6.0,automatic,rear_wheel_drive,2.0,high-performance,compact,coupe,26,19,2009,31290
ferrari,superamerica,2005,premium_unleaded_(required),532.0,12.0,automated_manual,rear_wheel_drive,2.0,"exotic,high-performance",compact,convertible,16,9,2774,294080
bmw,x3,2015,premium_unleaded_(required),240.0,4.0,automatic,rear_wheel_drive,4.0,"crossover,luxury",midsize,4dr_suv,28,21,3916,38500
lexus,rx_450h,2017,premium_unleaded_(recommended),308.0,6.0,automatic,all_wheel_drive,4.0,"crossover,luxury,hybrid",midsize,4dr_suv,28,31,454,56495
maserati,coupe,2006,premium_unleaded_(required),390.0,8.0,manual,rear_wheel_drive,2.0,"exotic,luxury,high-performance",compact,coupe,17,12,238,79900
gmc,envoy_xl,2005,regular_unleaded,275.0,6.0,automatic,four_wheel_drive,4.0,,large,4dr_suv,17,12,549,36060
infiniti,g_coupe,2011,premium_unleaded_(recommended),330.0,6.0,manual,rear_wheel_drive,2.0,"luxury,high-performance",midsize,coupe,25,17,190,43350
rolls-royce,ghost,2012,premium_unleaded_(required),563.0,12.0,automatic,rear_wheel_drive,4.0,"exotic,luxury,performance",large,sedan,20,13,86,290000
scion,fr-s,2015,premium_unleaded_(required),200.0,4.0,manual,rear_wheel_drive,2.0,performance,compact,coupe,30,22,105,29990
chevrolet,traverse,2015,regular_unleaded,288.0,6.0,automatic,front_wheel_drive,4.0,crossover,midsize,4dr_suv,24,17,1385,41935
volvo,850,1995,regular_unleaded,168.0,5.0,manual,front_wheel_drive,4.0,luxury,midsize,sedan,26,18,870,2000
infiniti,qx,2012,premium_unleaded_(recommended),400.0,8.0,automatic,rear_wheel_drive,4.0,luxury,large,4dr_suv,20,14,190,60000
volvo,xc60,2017,regular_unleaded,240.0,4.0,automatic,front_wheel_drive,4.0,"crossover,luxury",midsize,4dr_suv,30,23,870,40950
mercedes-benz,s-class,2017,premium_unleaded_(required),621.0,12.0,automatic,rear_wheel_drive,4.0,"factory_tuner,luxury,high-performance",large,sedan,22,13,617,226900
nissan,juke,2015,premium_unleaded_(recommended),188.0,4.0,automatic,front_wheel_drive,4.0,"crossover,hatchback",compact,4dr_hatchback,32,28,2009,25240
volvo,740,1990,regular_unleaded,153.0,4.0,manual,rear_wheel_drive,4.0,luxury,midsize,wagon,26,19,870,2000
gmc,sierra_1500_classic,2007,regular_unleaded,310.0,8.0,automatic,four_wheel_drive,4.0,flex_fuel,large,extended_cab_pickup,17,13,549,33785
land_rover,range_rover,2016,diesel,254.0,6.0,automatic,four_wheel_drive,4.0,"diesel,luxury",large,4dr_suv,29,22,258,86450
suzuki,esteem,2002,regular_unleaded,122.0,4.0,automatic,front_wheel_drive,4.0,,compact,wagon,30,23,481,16799
mercedes-benz,e-class,2017,premium_unleaded_(required),402.0,8.0,automatic,rear_wheel_drive,2.0,"luxury,high-performance",midsize,coupe,26,18,617,60650
toyota,tundra,2015,flex-fuel_(unleaded/e85),381.0,8.0,automatic,four_wheel_drive,4.0,flex_fuel,large,extended_cab_pickup,17,13,2031,35040
land_rover,range_rover_evoque,2017,premium_unleaded_(recommended),240.0,4.0,automatic,all_wheel_drive,2.0,"crossover,luxury",compact,2dr_suv,29,21,258,45700
maserati,ghibli,2016,premium_unleaded_(required),404.0,6.0,automatic,all_wheel_drive,4.0,"exotic,luxury,high-performance",midsize,sedan,24,16,238,78550
chevrolet,traverse,2016,regular_unleaded,281.0,6.0,automatic,all_wheel_drive,4.0,crossover,midsize,4dr_suv,22,15,1385,38505
mercedes-benz,c-class,2016,premium_unleaded_(required),241.0,4.0,automatic,rear_wheel_drive,4.0,luxury,midsize,sedan,34,25,617,39275
ford,fusion,2015,regular_unleaded,231.0,4.0,automatic,all_wheel_drive,4.0,,midsize,sedan,31,22,5657,27830
pontiac,montana,2005,regular_unleaded,200.0,6.0,automatic,all_wheel_drive,4.0,,midsize,passenger_minivan,21,15,210,30210
chrysler,300m,2002,premium_unleaded_(required),250.0,6.0,automatic,front_wheel_drive,4.0,performance,large,sedan,24,16,1013,28540
chevrolet,malibu_maxx,2006,regular_unleaded,240.0,6.0,automatic,front_wheel_drive,4.0,"hatchback,performance",midsize,4dr_hatchback,24,16,1385,23265
chevrolet,trailblazer_ext,2004,regular_unleaded,275.0,6.0,automatic,rear_wheel_drive,4.0,,large,4dr_suv,18,13,1385,30070
nissan,pathfinder,2017,regular_unleaded,284.0,6.0,automatic,front_wheel_drive,4.0,crossover,large,4dr_suv,27,20,2009,32980
buick,electra,1990,regular_unleaded,165.0,6.0,automatic,front_wheel_drive,4.0,,midsize,sedan,25,16,155,2000
ford,f-150,2015,regular_unleaded,325.0,6.0,automatic,rear_wheel_drive,4.0,flex_fuel,large,crew_cab_pickup,26,19,5657,41670
acura,rdx,2016,premium_unleaded_(recommended),279.0,6.0,automatic,front_wheel_drive,4.0,"crossover,luxury",midsize,4dr_suv,29,20,204,35370
nissan,altima,2016,regular_unleaded,182.0,4.0,automatic,front_wheel_drive,4.0,,midsize,sedan,39,27,2009,25460
chevrolet,malibu,2017,regular_unleaded,160.0,4.0,automatic,front_wheel_drive,4.0,,midsize,sedan,36,27,1385,25125
subaru,brz,2016,premium_unleaded_(required),200.0,4.0,automatic,rear_wheel_drive,2.0,performance,compact,coupe,34,25,640,28495
land_rover,range_rover_sport,2014,flex-fuel_(premium_unleaded_required/e85),510.0,8.0,automatic,four_wheel_drive,4.0,"flex_fuel,luxury,high-performance",midsize,4dr_suv,19,14,258,79100
chevrolet,captiva_sport,2013,flex-fuel_(unleaded/e85),180.0,4.0,automatic,front_wheel_drive,4.0,"crossover,flex_fuel",midsize,4dr_suv,28,20,1385,24940
lotus,evora_400,2017,premium_unleaded_(required),400.0,6.0,manual,rear_wheel_drive,2.0,"exotic,high-performance",compact,coupe,39,21,613,91900
fiat,124_spider,2017,premium_unleaded_(recommended),160.0,4.0,manual,rear_wheel_drive,2.0,performance,compact,convertible,35,26,819,27495
ford,mustang_svt_cobra,1998,regular_unleaded,305.0,8.0,manual,rear_wheel_drive,2.0,"factory_tuner,performance",compact,coupe,24,16,5657,3654
ford,taurus,2015,flex-fuel_(unleaded/e85),288.0,6.0,automatic,front_wheel_drive,4.0,flex_fuel,large,sedan,29,19,5657,27055
audi,q7,2014,diesel,240.0,6.0,automatic,all_wheel_drive,4.0,"crossover,luxury,diesel",large,4dr_suv,28,19,3105,64900
ford,e-series_van,2012,flex-fuel_(unleaded/e85),225.0,8.0,automatic,rear_wheel_drive,3.0,flex_fuel,large,cargo_van,17,13,5657,28985
chevrolet,cavalier,2005,regular_unleaded,140.0,4.0,manual,front_wheel_drive,4.0,,compact,sedan,33,23,1385,17710
chevrolet,s-10,2003,regular_unleaded,190.0,6.0,manual,four_wheel_drive,3.0,,compact,extended_cab_pickup,17,12,1385,21820
volkswagen,golf_gti,2015,premium_unleaded_(recommended),210.0,4.0,manual,front_wheel_drive,4.0,"hatchback,performance",compact,4dr_hatchback,34,25,873,25385
maybach,57,2010,premium_unleaded_(required),631.0,12.0,automatic,rear_wheel_drive,4.0,"exotic,luxury,high-performance",large,sedan,16,10,67,455500
scion,im,2016,regular_unleaded,137.0,4.0,manual,front_wheel_drive,4.0,hatchback,compact,4dr_hatchback,36,27,105,18460
chevrolet,s-10,2002,flex-fuel_(unleaded/e85),120.0,4.0,automatic,rear_wheel_drive,2.0,flex_fuel,compact,regular_cab_pickup,23,17,1385,19434
nissan,300zx,1994,regular_unleaded,222.0,6.0,manual,rear_wheel_drive,2.0,performance,compact,coupe,22,16,2009,2553
hyundai,tiburon,2007,regular_unleaded,172.0,6.0,automatic,front_wheel_drive,2.0,hatchback,compact,2dr_hatchback,23,20,1439,20495
chevrolet,cruze,2017,regular_unleaded,153.0,4.0,automatic,front_wheel_drive,4.0,hatchback,compact,4dr_hatchback,38,29,1385,21920
hyundai,elantra,2015,regular_unleaded,145.0,4.0,automatic,front_wheel_drive,4.0,,compact,sedan,37,27,1439,21700
ford,expedition,2017,regular_unleaded,365.0,6.0,automatic,rear_wheel_drive,4.0,,large,4dr_suv,20,15,5657,65957
ford,explorer,2017,flex-fuel_(unleaded/e85),290.0,6.0,automatic,all_wheel_drive,4.0,"crossover,flex_fuel",midsize,4dr_suv,23,16,5657,33310
audi,a3,2016,premium_unleaded_(recommended),220.0,4.0,automated_manual,all_wheel_drive,4.0,luxury,compact,sedan,33,24,3105,34200
volvo,s60,2016,regular_unleaded,325.0,6.0,automatic,all_wheel_drive,4.0,"luxury,high-performance",midsize,sedan,27,18,870,47700
ford,f-150,2017,flex-fuel_(unleaded/e85),385.0,8.0,automatic,four_wheel_drive,4.0,flex_fuel,large,crew_cab_pickup,21,15,5657,53704
kia,forte,2015,regular_unleaded,201.0,4.0,manual,front_wheel_drive,2.0,performance,compact,coupe,29,22,1720,20590
toyota,venza,2014,regular_unleaded,181.0,4.0,automatic,front_wheel_drive,4.0,crossover,midsize,wagon,26,20,2031,31810
lamborghini,aventador,2016,premium_unleaded_(required),750.0,12.0,automated_manual,all_wheel_drive,2.0,"exotic,high-performance",midsize,coupe,18,11,1158,490700
nissan,frontier,2016,regular_unleaded,261.0,6.0,automatic,four_wheel_drive,4.0,,compact,extended_cab_pickup,21,15,2009,32080
chevrolet,express,2016,flex-fuel_(unleaded/e85),285.0,8.0,automatic,rear_wheel_drive,3.0,flex_fuel,midsize,passenger_van,16,11,1385,36715
volkswagen,golf,2015,regular_unleaded,170.0,4.0,manual,front_wheel_drive,2.0,hatchback,compact,2dr_hatchback,37,25,873,17995
mercedes-benz,cla-class,2015,premium_unleaded_(required),208.0,4.0,automated_manual,all_wheel_drive,4.0,luxury,midsize,sedan,32,24,617,33500
chevrolet,venture,2005,regular_unleaded,185.0,6.0,automatic,front_wheel_drive,4.0,,midsize,passenger_minivan,24,17,1385,26835
acura,rdx,2016,premium_unleaded_(recommended),279.0,6.0,automatic,all_wheel_drive,4.0,"crossover,luxury",midsize,4dr_suv,28,19,204,40570
dodge,ram_150,1993,regular_unleaded,180.0,6.0,manual,rear_wheel_drive,2.0,,large,regular_cab_pickup,17,14,1851,2000
toyota,pickup,1994,regular_unleaded,116.0,4.0,manual,rear_wheel_drive,2.0,,compact,regular_cab_pickup,25,19,2031,2000
mercedes-benz,cl-class,2014,premium_unleaded_(required),621.0,12.0,automatic,rear_wheel_drive,2.0,"factory_tuner,luxury,high-performance",large,coupe,18,12,617,215500
ford,f-150,2015,flex-fuel_(unleaded/e85),282.0,6.0,automatic,rear_wheel_drive,4.0,flex_fuel,large,extended_cab_pickup,25,18,5657,30090
gmc,sierra_1500,2017,flex-fuel_(unleaded/e85),285.0,6.0,automatic,four_wheel_drive,4.0,flex_fuel,large,crew_cab_pickup,22,17,549,43995
buick,terraza,2005,regular_unleaded,200.0,6.0,automatic,front_wheel_drive,4.0,,midsize,passenger_minivan,23,16,155,31170
dodge,stealth,1996,regular_unleaded,222.0,6.0,manual,front_wheel_drive,2.0,performance,compact,coupe,23,17,1851,3044
mercedes-benz,c43_amg,2000,regular_unleaded,302.0,8.0,automatic,rear_wheel_drive,4.0,"factory_tuner,luxury,performance",compact,sedan,21,16,617,5739
acura,integra,2000,regular_unleaded,170.0,4.0,manual,front_wheel_drive,2.0,"hatchback,luxury,performance",compact,2dr_hatchback,28,22,204,3652
bentley,continental_flying_spur_speed,2013,flex-fuel_(premium_unleaded_required/e85),600.0,12.0,automatic,all_wheel_drive,4.0,"exotic,flex_fuel,factory_tuner,luxury,high-performance",large,sedan,17,10,520,209600
chrysler,concorde,2004,regular_unleaded,200.0,6.0,automatic,front_wheel_drive,4.0,,large,sedan,27,19,1013,23480
oldsmobile,alero,2003,regular_unleaded,140.0,4.0,automatic,front_wheel_drive,4.0,,midsize,sedan,30,21,26,18085
chevrolet,malibu,2016,regular_unleaded,160.0,4.0,automatic,front_wheel_drive,4.0,,midsize,sedan,37,27,1385,25020
ford,fiesta,2017,regular_unleaded,120.0,4.0,manual,front_wheel_drive,4.0,hatchback,compact,4dr_hatchback,35,27,5657,15660
dodge,stealth,1995,regular_unleaded,320.0,6.0,manual,all_wheel_drive,2.0,"factory_tuner,performance",compact,coupe,22,16,1851,3219
honda,passport,2002,regular_unleaded,205.0,6.0,automatic,four_wheel_drive,4.0,,midsize,4dr_suv,19,15,2202,27600
toyota,tundra,2016,regular_unleaded,310.0,8.0,automatic,rear_wheel_drive,4.0,,large,crew_cab_pickup,19,15,2031,33270
mazda,mpv,2005,regular_unleaded,200.0,6.0,automatic,front_wheel_drive,4.0,,compact,passenger_minivan,23,16,586,28515
toyota,celica,2004,regular_unleaded,140.0,4.0,manual,front_wheel_drive,2.0,hatchback,compact,2dr_hatchback,30,23,2031,17570
hyundai,santa_fe,2017,regular_unleaded,290.0,6.0,automatic,front_wheel_drive,4.0,crossover,midsize,4dr_suv,25,18,1439,30800
gmc,savana_cargo,2015,flex-fuel_(unleaded/e85),285.0,8.0,automatic,rear_wheel_drive,3.0,flex_fuel,large,cargo_van,17,11,549,33760
acura,mdx,2016,premium_unleaded_(recommended),290.0,6.0,automatic,front_wheel_drive,4.0,"crossover,luxury",midsize,4dr_suv,27,19,204,48640
volkswagen,beetle_convertible,2014,premium_unleaded_(recommended),210.0,4.0,manual,front_wheel_drive,2.0,performance,compact,convertible,31,23,873,29395
audi,cabriolet,1996,regular_unleaded,172.0,6.0,automatic,front_wheel_drive,2.0,luxury,compact,convertible,22,17,3105,2631
ford,five_hundred,2005,regular_unleaded,203.0,6.0,automatic,all_wheel_drive,4.0,,large,sedan,23,17,5657,25965
volkswagen,gli,2009,premium_unleaded_(recommended),200.0,4.0,automated_manual,front_wheel_drive,4.0,performance,compact,sedan,29,22,873,25870
porsche,panamera,2016,premium_unleaded_(required),310.0,6.0,automated_manual,rear_wheel_drive,4.0,"luxury,performance",large,sedan,28,18,1715,78100
toyota,camry,2016,regular_unleaded,178.0,4.0,automatic,front_wheel_drive,4.0,,midsize,sedan,35,25,2031,23070
audi,a3,2017,premium_unleaded_(recommended),220.0,4.0,automated_manual,all_wheel_drive,4.0,luxury,compact,sedan,35,26,3105,37450
volkswagen,golf_gti,2017,premium_unleaded_(recommended),210.0,4.0,automated_manual,front_wheel_drive,2.0,"hatchback,performance",compact,2dr_hatchback,32,24,873,26095
volkswagen,beetle_convertible,2016,regular_unleaded,170.0,4.0,automatic,front_wheel_drive,2.0,,compact,convertible,34,25,873,30500
mazda,b-series_pickup,2000,flex-fuel_(unleaded/e85),143.0,6.0,manual,four_wheel_drive,4.0,flex_fuel,compact,extended_cab_pickup,20,15,586,3394
mercedes-benz,300-class,1993,regular_unleaded,228.0,6.0,automatic,rear_wheel_drive,4.0,luxury,large,sedan,18,14,617,2540
ford,f-250,1998,regular_unleaded,220.0,8.0,automatic,rear_wheel_drive,3.0,,large,extended_cab_pickup,18,13,5657,3096
dodge,magnum,2006,regular_unleaded,340.0,8.0,automatic,all_wheel_drive,4.0,,large,wagon,22,15,1851,32855
suzuki,sx4,2012,regular_unleaded,148.0,4.0,automatic,front_wheel_drive,4.0,,compact,sedan,32,25,481,18199
honda,accord,2017,regular_unleaded,189.0,4.0,automatic,front_wheel_drive,4.0,,midsize,sedan,34,26,2202,26215
maserati,quattroporte,2017,premium_unleaded_(required),523.0,8.0,automatic,rear_wheel_drive,4.0,"exotic,factory_tuner,luxury,high-performance",large,sedan,22,15,238,145500
suzuki,aerio,2006,regular_unleaded,155.0,4.0,automatic,front_wheel_drive,4.0,,compact,wagon,28,22,481,16199
ford,fiesta,2016,regular_unleaded,120.0,4.0,manual,front_wheel_drive,4.0,,compact,sedan,35,27,5657,18530
ford,ranger,2009,regular_unleaded,143.0,4.0,manual,rear_wheel_drive,2.0,,compact,regular_cab_pickup,26,21,5657,17990
suzuki,reno,2008,regular_unleaded,127.0,4.0,automatic,front_wheel_drive,4.0,hatchback,compact,4dr_hatchback,28,19,481,14939
lincoln,mks,2016,regular_unleaded,350.0,6.0,automatic,all_wheel_drive,4.0,"luxury,performance",large,sedan,24,17,61,41005
plymouth,breeze,1998,regular_unleaded,132.0,4.0,manual,front_wheel_drive,4.0,,midsize,sedan,33,23,535,2000
gmc,sierra_1500,2017,flex-fuel_(unleaded/e85),285.0,6.0,automatic,rear_wheel_drive,2.0,flex_fuel,large,regular_cab_pickup,24,18,549,35080
lexus,sc_300,2000,regular_unleaded,225.0,6.0,automatic,rear_wheel_drive,2.0,"luxury,performance",midsize,coupe,22,17,454,4024
ford,fusion,2017,regular_unleaded,231.0,4.0,automatic,all_wheel_drive,4.0,performance,midsize,sedan,29,20,5657,32610
dodge,ram_van,2000,regular_unleaded,175.0,6.0,automatic,rear_wheel_drive,3.0,,compact,cargo_van,16,13,1851,2087
gmc,sierra_1500_classic,2007,regular_unleaded,285.0,8.0,automatic,rear_wheel_drive,4.0,,large,crew_cab_pickup,19,15,549,26820
lincoln,aviator,2004,premium_unleaded_(required),302.0,8.0,automatic,all_wheel_drive,4.0,luxury,midsize,4dr_suv,16,12,61,43240
acura,tsx_sport_wagon,2012,premium_unleaded_(recommended),201.0,4.0,automatic,front_wheel_drive,4.0,luxury,midsize,wagon,30,22,204,31360
audi,a6,2016,diesel,240.0,6.0,automatic,all_wheel_drive,4.0,"diesel,luxury",midsize,sedan,38,25,3105,63700
volkswagen,passat,2017,premium_unleaded_(required),280.0,6.0,automated_manual,front_wheel_drive,4.0,performance,midsize,sedan,28,20,873,29295
volvo,s60,2015,regular_unleaded,250.0,5.0,automatic,all_wheel_drive,4.0,"luxury,performance",midsize,sedan,29,20,870,35450
chevrolet,silverado_1500_hybrid,2013,regular_unleaded,332.0,8.0,automatic,rear_wheel_drive,4.0,hybrid,large,crew_cab_pickup,23,20,1385,41135
cadillac,escalade_esv,2017,premium_unleaded_(recommended),420.0,8.0,automatic,four_wheel_drive,4.0,"luxury,performance",large,4dr_suv,20,15,1624,83995
hyundai,veloster,2014,regular_unleaded,138.0,4.0,manual,front_wheel_drive,3.0,hatchback,compact,2dr_hatchback,35,26,1439,17800
infiniti,g_sedan,2012,premium_unleaded_(recommended),328.0,6.0,automatic,rear_wheel_drive,4.0,"luxury,performance",midsize,sedan,27,19,190,36900
toyota,tundra,2016,flex-fuel_(unleaded/e85),381.0,8.0,automatic,rear_wheel_drive,4.0,flex_fuel,large,extended_cab_pickup,18,13,2031,31170
plymouth,voyager,1999,flex-fuel_(unleaded/e85),158.0,6.0,automatic,front_wheel_drive,4.0,flex_fuel,midsize,passenger_minivan,22,16,535,2166
toyota,cressida,1992,regular_unleaded,190.0,6.0,automatic,rear_wheel_drive,4.0,,midsize,sedan,22,17,2031,2000
volkswagen,touareg,2015,premium_unleaded_(recommended),380.0,6.0,automatic,all_wheel_drive,4.0,"crossover,hybrid",midsize,4dr_suv,24,20,873,66995
ford,transit_connect,2015,regular_unleaded,169.0,4.0,automatic,front_wheel_drive,4.0,,compact,cargo_minivan,29,21,5657,23855
cadillac,xts,2016,regular_unleaded,304.0,6.0,automatic,front_wheel_drive,4.0,"luxury,performance",large,sedan,28,18,1624,55705
dodge,daytona,1992,regular_unleaded,100.0,4.0,manual,front_wheel_drive,2.0,hatchback,compact,2dr_hatchback,29,20,1851,2000
gmc,sierra_1500_classic,2007,regular_unleaded,295.0,8.0,automatic,rear_wheel_drive,4.0,,large,extended_cab_pickup,19,14,549,27430
maserati,gransport,2005,premium_unleaded_(required),395.0,8.0,automated_manual,rear_wheel_drive,2.0,"exotic,factory_tuner,luxury,high-performance",compact,coupe,16,11,238,98172
cadillac,escalade_esv,2016,premium_unleaded_(recommended),420.0,8.0,automatic,rear_wheel_drive,4.0,luxury,large,4dr_suv,22,15,1624,75970
porsche,911,2015,premium_unleaded_(required),520.0,6.0,automated_manual,all_wheel_drive,2.0,"luxury,high-performance",compact,convertible,24,17,1715,163000
hyundai,elantra_coupe,2013,regular_unleaded,148.0,4.0,manual,front_wheel_drive,2.0,,compact,coupe,38,28,1439,19895
suzuki,swift,2001,regular_unleaded,79.0,4.0,manual,front_wheel_drive,2.0,hatchback,compact,2dr_hatchback,38,31,481,9299
hyundai,genesis_coupe,2015,premium_unleaded_(recommended),348.0,6.0,automatic,rear_wheel_drive,2.0,high-performance,midsize,coupe,25,16,1439,34600
mercedes-benz,gl-class,2014,premium_unleaded_(required),362.0,8.0,automatic,all_wheel_drive,4.0,"crossover,luxury",large,4dr_suv,19,14,617,64550
buick,terraza,2006,regular_unleaded,196.0,6.0,automatic,all_wheel_drive,4.0,,midsize,passenger_minivan,21,15,155,30250
ford,mustang,2017,premium_unleaded_(recommended),435.0,8.0,manual,rear_wheel_drive,2.0,performance,midsize,convertible,23,14,5657,42145
volkswagen,jetta_gli,2014,premium_unleaded_(recommended),210.0,4.0,automated_manual,front_wheel_drive,4.0,performance,midsize,sedan,32,24,873,30875
bmw,4_series_gran_coupe,2015,premium_unleaded_(required),240.0,4.0,automatic,rear_wheel_drive,4.0,luxury,midsize,sedan,34,23,3916,40300
honda,civic,2015,regular_unleaded,110.0,4.0,automatic,front_wheel_drive,4.0,hybrid,compact,sedan,47,44,2202,25935
porsche,968,1994,regular_unleaded,236.0,4.0,manual,rear_wheel_drive,2.0,"luxury,performance",compact,convertible,24,15,1715,4878
chevrolet,s-10,2003,flex-fuel_(unleaded/e85),120.0,4.0,automatic,rear_wheel_drive,2.0,flex_fuel,compact,regular_cab_pickup,23,17,1385,16220
chevrolet,s-10,2002,regular_unleaded,190.0,6.0,automatic,rear_wheel_drive,2.0,,compact,regular_cab_pickup,20,15,1385,18169
toyota,tundra,2017,flex-fuel_(unleaded/e85),381.0,8.0,automatic,four_wheel_drive,4.0,flex_fuel,large,crew_cab_pickup,17,13,2031,38470
fiat,500x,2017,regular_unleaded,180.0,4.0,automatic,all_wheel_drive,4.0,crossover,compact,4dr_suv,29,21,819,23890
chevrolet,cavalier,2003,regular_unleaded,140.0,4.0,manual,front_wheel_drive,4.0,,compact,sedan,30,22,1385,17030
infiniti,q50,2017,premium_unleaded_(required),208.0,4.0,automatic,all_wheel_drive,4.0,"luxury,performance",midsize,sedan,28,22,190,44300
mitsubishi,mirage,2015,regular_unleaded,74.0,3.0,automatic,front_wheel_drive,4.0,hatchback,compact,4dr_hatchback,44,37,436,14945
buick,encore,2016,regular_unleaded,138.0,4.0,automatic,front_wheel_drive,4.0,crossover,compact,4dr_suv,33,25,155,24065
pontiac,firebird,2002,regular_unleaded,200.0,6.0,manual,rear_wheel_drive,2.0,"hatchback,performance",midsize,2dr_hatchback,29,17,210,20050
ferrari,456m,2002,premium_unleaded_(required),442.0,12.0,manual,rear_wheel_drive,2.0,"exotic,high-performance",compact,coupe,15,9,2774,224585
mazda,b-series_pickup,1999,regular_unleaded,119.0,4.0,manual,rear_wheel_drive,4.0,,compact,extended_cab_pickup,24,19,586,2857
mazda,cx-7,2012,premium_unleaded_(recommended),244.0,4.0,automatic,all_wheel_drive,4.0,crossover,midsize,4dr_suv,21,17,586,33540
subaru,impreza,2016,regular_unleaded,148.0,4.0,automatic,all_wheel_drive,4.0,hatchback,compact,4dr_hatchback,37,28,640,21595
volkswagen,cc,2015,premium_unleaded_(recommended),200.0,4.0,manual,front_wheel_drive,4.0,performance,midsize,sedan,32,21,873,32995
mazda,mx-5_miata,2015,premium_unleaded_(recommended),158.0,4.0,automatic,rear_wheel_drive,2.0,performance,compact,convertible,28,21,586,30550
dodge,ram_pickup_1500,2008,regular_unleaded,310.0,8.0,manual,four_wheel_drive,2.0,flex_fuel,large,regular_cab_pickup,16,12,1851,26705
volkswagen,passat,2015,diesel,150.0,4.0,automated_manual,front_wheel_drive,4.0,diesel,midsize,sedan,42,30,873,29125
gmc,safari_cargo,2003,regular_unleaded,190.0,6.0,automatic,all_wheel_drive,3.0,,large,cargo_minivan,18,14,549,24450
mitsubishi,montero_sport,2003,regular_unleaded,197.0,6.0,automatic,four_wheel_drive,4.0,,midsize,4dr_suv,17,14,436,32887
gmc,safari,2004,regular_unleaded,190.0,6.0,automatic,all_wheel_drive,3.0,,large,passenger_minivan,16,12,549,26195
subaru,baja,2004,premium_unleaded_(required),210.0,4.0,manual,all_wheel_drive,4.0,crossover,compact,crew_cab_pickup,22,16,640,23995
kia,borrego,2009,regular_unleaded,337.0,8.0,automatic,rear_wheel_drive,4.0,,midsize,4dr_suv,22,15,1720,37995
gmc,sierra_1500hd,2006,regular_unleaded,300.0,8.0,automatic,rear_wheel_drive,4.0,,large,crew_cab_pickup,18,13,549,31405
chrysler,le_baron,1994,regular_unleaded,142.0,6.0,automatic,front_wheel_drive,4.0,,compact,sedan,24,18,1013,2000
cadillac,dts,2011,premium_unleaded_(recommended),275.0,8.0,automatic,front_wheel_drive,4.0,luxury,large,sedan,23,15,1624,54825
saab,9-3,2009,premium_unleaded_(recommended),280.0,6.0,automatic,all_wheel_drive,4.0,"luxury,performance",midsize,sedan,24,15,376,43605
mercedes-benz,300-class,1991,regular_unleaded,158.0,6.0,automatic,rear_wheel_drive,4.0,luxury,midsize,sedan,22,17,617,2000
nissan,sentra,2017,regular_unleaded,124.0,4.0,automatic,front_wheel_drive,4.0,,midsize,sedan,37,29,2009,21500
chevrolet,tahoe,2016,flex-fuel_(unleaded/e85),355.0,8.0,automatic,rear_wheel_drive,4.0,"flex_fuel,performance",large,4dr_suv,23,16,1385,61740
ford,f-150,2015,flex-fuel_(unleaded/e85),282.0,6.0,automatic,four_wheel_drive,4.0,flex_fuel,large,extended_cab_pickup,23,17,5657,33515
suzuki,reno,2007,regular_unleaded,127.0,4.0,automatic,front_wheel_drive,4.0,hatchback,compact,4dr_hatchback,28,19,481,15049
gmc,sierra_1500,2015,regular_unleaded,355.0,8.0,automatic,four_wheel_drive,4.0,,large,extended_cab_pickup,22,16,549,44150
dodge,journey,2017,regular_unleaded,283.0,6.0,automatic,all_wheel_drive,4.0,crossover,midsize,4dr_suv,24,16,1851,26595
porsche,911,2017,premium_unleaded_(required),580.0,6.0,automated_manual,all_wheel_drive,2.0,"luxury,high-performance",compact,convertible,28,20,1715,200400
dodge,ram_pickup_1500,2010,flex-fuel_(unleaded/e85),310.0,8.0,automatic,four_wheel_drive,4.0,flex_fuel,large,crew_cab_pickup,18,13,1851,34240
volkswagen,golf_gti,2017,premium_unleaded_(recommended),210.0,4.0,manual,front_wheel_drive,4.0,"hatchback,performance",compact,4dr_hatchback,34,24,873,25595
toyota,4runner,2015,regular_unleaded,270.0,6.0,automatic,four_wheel_drive,4.0,,midsize,4dr_suv,21,17,2031,36115
volkswagen,jetta_sportwagen,2012,regular_unleaded,170.0,5.0,automatic,front_wheel_drive,4.0,,compact,wagon,31,24,873,21295
dodge,nitro,2010,regular_unleaded,260.0,6.0,automatic,rear_wheel_drive,4.0,"crossover,performance",midsize,4dr_suv,21,16,1851,26750
buick,regal,2016,premium_unleaded_(recommended),259.0,4.0,automatic,front_wheel_drive,4.0,"performance,hybrid",midsize,sedan,30,21,155,31900
mitsubishi,raider,2009,regular_unleaded,210.0,6.0,manual,rear_wheel_drive,4.0,,compact,extended_cab_pickup,20,16,436,21135
porsche,cayenne,2015,premium_unleaded_(required),520.0,8.0,automatic,all_wheel_drive,4.0,"crossover,luxury,performance",midsize,4dr_suv,21,14,1715,113600
subaru,forester,2017,premium_unleaded_(required),250.0,4.0,automatic,all_wheel_drive,4.0,crossover,midsize,4dr_suv,27,23,640,34295
lamborghini,murcielago,2008,premium_unleaded_(required),632.0,12.0,automated_manual,all_wheel_drive,2.0,"exotic,high-performance",compact,convertible,14,9,1158,378200
audi,s8,2015,premium_unleaded_(required),520.0,8.0,automatic,all_wheel_drive,4.0,"factory_tuner,luxury,high-performance",large,sedan,27,17,3105,114900
lexus,is_250_c,2014,premium_unleaded_(required),204.0,6.0,automatic,rear_wheel_drive,2.0,luxury,compact,convertible,30,21,454,42860
audi,a3,2017,premium_unleaded_(recommended),220.0,4.0,automated_manual,all_wheel_drive,2.0,luxury,compact,convertible,34,25,3105,40300
lincoln,mkc,2015,regular_unleaded,240.0,4.0,automatic,front_wheel_drive,4.0,"crossover,luxury",compact,4dr_suv,29,20,61,33100
toyota,tundra,2016,regular_unleaded,381.0,8.0,automatic,rear_wheel_drive,2.0,,large,regular_cab_pickup,18,13,2031,29950
porsche,911,2016,premium_unleaded_(required),350.0,6.0,manual,rear_wheel_drive,2.0,"luxury,high-performance",compact,coupe,27,19,1715,84300
mercedes-benz,c-class,2015,premium_unleaded_(required),241.0,4.0,automatic,rear_wheel_drive,4.0,luxury,midsize,sedan,34,25,617,38400
mazda,tribute,2010,regular_unleaded,171.0,4.0,automatic,front_wheel_drive,4.0,crossover,compact,4dr_suv,28,21,586,23590
dodge,ram_250,1993,regular_unleaded,230.0,8.0,manual,four_wheel_drive,2.0,,large,regular_cab_pickup,15,12,1851,2046
cadillac,ats,2016,regular_unleaded,335.0,6.0,automatic,all_wheel_drive,4.0,"luxury,high-performance",midsize,sedan,28,19,1624,49210
ford,ltd_crown_victoria,1990,regular_unleaded,150.0,8.0,automatic,rear_wheel_drive,4.0,,large,wagon,22,15,5657,2000
mitsubishi,lancer_sportback,2013,regular_unleaded,168.0,4.0,automatic,front_wheel_drive,4.0,hatchback,compact,4dr_hatchback,29,22,436,21495
toyota,sienna,2015,regular_unleaded,266.0,6.0,automatic,front_wheel_drive,4.0,,large,passenger_minivan,25,18,2031,31430
mitsubishi,galant,2011,regular_unleaded,160.0,4.0,automatic,front_wheel_drive,4.0,,midsize,sedan,30,21,436,21599
toyota,tundra,2016,regular_unleaded,381.0,8.0,automatic,four_wheel_drive,4.0,,large,extended_cab_pickup,17,13,2031,33890
plymouth,neon,1999,regular_unleaded,150.0,4.0,manual,front_wheel_drive,2.0,,compact,coupe,36,24,535,2000
infiniti,ex35,2008,premium_unleaded_(recommended),297.0,6.0,automatic,all_wheel_drive,4.0,"crossover,luxury",midsize,4dr_suv,23,16,190,33300
honda,pilot,2016,regular_unleaded,280.0,6.0,automatic,all_wheel_drive,4.0,crossover,midsize,4dr_suv,26,19,2202,42970
volkswagen,golf_gti,2016,premium_unleaded_(recommended),220.0,4.0,automated_manual,front_wheel_drive,4.0,"hatchback,performance",compact,4dr_hatchback,33,25,873,31220
volkswagen,new_beetle,2010,regular_unleaded,150.0,5.0,automatic,front_wheel_drive,2.0,hatchback,compact,2dr_hatchback,29,20,873,20390
scion,xb,2013,regular_unleaded,158.0,4.0,automatic,front_wheel_drive,4.0,,compact,wagon,28,22,105,17920
mercedes-benz,s-class,2015,premium_unleaded_(required),577.0,8.0,automatic,all_wheel_drive,4.0,"factory_tuner,luxury,high-performance",large,sedan,23,15,617,141450
nissan,altima,2017,regular_unleaded,179.0,4.0,automatic,front_wheel_drive,4.0,,midsize,sedan,39,27,2009,28570
pontiac,g6,2009,regular_unleaded,252.0,6.0,automatic,front_wheel_drive,2.0,performance,midsize,coupe,26,17,210,28480
saab,9-5,2009,premium_unleaded_(recommended),260.0,4.0,automatic,front_wheel_drive,4.0,"luxury,performance",midsize,wagon,27,17,376,43270
nissan,frontier,2015,regular_unleaded,261.0,6.0,manual,rear_wheel_drive,4.0,,compact,extended_cab_pickup,22,16,2009,24540
hyundai,elantra,2015,regular_unleaded,145.0,4.0,automatic,front_wheel_drive,4.0,,compact,sedan,38,28,1439,18250
audi,rs_5,2013,premium_unleaded_(required),450.0,8.0,automated_manual,all_wheel_drive,2.0,"factory_tuner,luxury,high-performance",midsize,convertible,23,16,3105,77900
chrysler,300,2016,regular_unleaded,292.0,6.0,automatic,all_wheel_drive,4.0,,large,sedan,27,18,1013,45190
cadillac,ats,2015,flex-fuel_(unleaded/e85),321.0,6.0,automatic,all_wheel_drive,4.0,"flex_fuel,luxury,high-performance",compact,sedan,26,18,1624,43340
mitsubishi,outlander_sport,2017,regular_unleaded,168.0,4.0,automatic,front_wheel_drive,4.0,crossover,compact,4dr_suv,28,23,436,22695
chevrolet,uplander,2007,regular_unleaded,240.0,6.0,automatic,front_wheel_drive,4.0,flex_fuel,midsize,passenger_minivan,23,16,1385,33050
subaru,svx,1997,regular_unleaded,230.0,6.0,automatic,all_wheel_drive,2.0,performance,compact,coupe,22,15,640,2512
honda,insight,2013,regular_unleaded,98.0,4.0,automatic,front_wheel_drive,4.0,"hatchback,hybrid",compact,4dr_hatchback,44,41,2202,22065
hyundai,excel,1992,regular_unleaded,81.0,4.0,manual,front_wheel_drive,4.0,,compact,sedan,33,25,1439,2000
nissan,truck,1995,regular_unleaded,134.0,4.0,manual,four_wheel_drive,2.0,,compact,extended_cab_pickup,19,16,2009,2281
chevrolet,silverado_1500,2015,flex-fuel_(unleaded/e85),285.0,6.0,automatic,four_wheel_drive,2.0,flex_fuel,large,regular_cab_pickup,22,17,1385,30045
toyota,sequoia,2017,flex-fuel_(unleaded/e85),381.0,8.0,automatic,four_wheel_drive,4.0,flex_fuel,large,4dr_suv,17,13,2031,48685
aston_martin,vanquish,2016,premium_unleaded_(required),568.0,12.0,automatic,rear_wheel_drive,2.0,"exotic,high-performance",midsize,convertible,21,13,259,320695
chrysler,le_baron,1993,regular_unleaded,100.0,4.0,automatic,front_wheel_drive,4.0,,compact,sedan,26,21,1013,2000
chevrolet,s-10_blazer,1994,regular_unleaded,165.0,6.0,manual,four_wheel_drive,2.0,,compact,2dr_suv,20,15,1385,2000
ford,fusion_hybrid,2015,regular_unleaded,188.0,4.0,automatic,front_wheel_drive,4.0,hybrid,midsize,sedan,41,44,5657,26575
lincoln,ls,2004,premium_unleaded_(required),280.0,8.0,automatic,rear_wheel_drive,4.0,"luxury,performance",midsize,sedan,23,15,61,39970
ford,expedition,2016,regular_unleaded,365.0,6.0,automatic,rear_wheel_drive,4.0,,large,4dr_suv,22,16,5657,60335
lexus,is_300,2005,premium_unleaded_(required),215.0,6.0,automatic,rear_wheel_drive,4.0,"luxury,performance",compact,sedan,23,16,454,31105
toyota,highlander_hybrid,2015,regular_unleaded,280.0,6.0,automatic,all_wheel_drive,4.0,"crossover,hybrid",midsize,4dr_suv,28,27,2031,50340
bmw,3_series_gran_turismo,2016,premium_unleaded_(required),240.0,4.0,automatic,all_wheel_drive,4.0,"hatchback,luxury",midsize,4dr_hatchback,34,22,3916,43000
volvo,s60,2017,regular_unleaded,240.0,4.0,automatic,front_wheel_drive,4.0,luxury,midsize,sedan,36,25,870,33950
volkswagen,cc,2015,premium_unleaded_(recommended),200.0,4.0,automated_manual,front_wheel_drive,4.0,performance,midsize,sedan,31,22,873,34095
ford,explorer_sport_trac,2009,regular_unleaded,292.0,8.0,automatic,four_wheel_drive,4.0,crossover,compact,crew_cab_pickup,19,14,5657,29820
cadillac,ct6,2017,premium_unleaded_(required),404.0,6.0,automatic,all_wheel_drive,4.0,"luxury,high-performance",large,sedan,26,18,1624,87495
mercedes-benz,s-class,2016,premium_unleaded_(required),621.0,12.0,automatic,rear_wheel_drive,4.0,"factory_tuner,luxury,high-performance",large,sedan,20,13,617,224650
scion,fr-s,2015,premium_unleaded_(required),200.0,4.0,automatic,rear_wheel_drive,2.0,performance,compact,coupe,34,25,105,31090
dodge,viper,2017,premium_unleaded_(required),645.0,10.0,manual,rear_wheel_drive,2.0,"exotic,high-performance",compact,coupe,19,12,1851,107995
volvo,740,1990,regular_unleaded,114.0,4.0,manual,rear_wheel_drive,4.0,luxury,midsize,sedan,26,19,870,2000
ford,f-150,2015,regular_unleaded,325.0,6.0,automatic,four_wheel_drive,4.0,flex_fuel,large,extended_cab_pickup,23,18,5657,42735
toyota,tacoma,2016,regular_unleaded,278.0,6.0,automatic,four_wheel_drive,4.0,,compact,crew_cab_pickup,23,18,2031,34090
lincoln,mark_vii,1990,regular_unleaded,225.0,8.0,automatic,rear_wheel_drive,2.0,luxury,large,coupe,22,15,61,2000
volvo,v60_cross_country,2016,regular_unleaded,250.0,5.0,automatic,all_wheel_drive,4.0,"crossover,luxury",midsize,wagon,28,20,870,41200
ford,ranger,2011,regular_unleaded,207.0,6.0,manual,rear_wheel_drive,2.0,,compact,extended_cab_pickup,21,16,5657,22425
bentley,continental_gtc_speed,2010,premium_unleaded_(required),600.0,12.0,automatic,all_wheel_drive,2.0,"exotic,factory_tuner,luxury,high-performance",midsize,convertible,17,10,520,231400
volkswagen,jetta,2015,regular_unleaded,170.0,4.0,automatic,front_wheel_drive,4.0,,midsize,sedan,37,25,873,22325
dodge,dart,2016,regular_unleaded,184.0,4.0,automatic,front_wheel_drive,4.0,,midsize,sedan,35,23,1851,24395
volkswagen,r32,2008,premium_unleaded_(required),250.0,6.0,automated_manual,all_wheel_drive,2.0,"hatchback,performance",compact,2dr_hatchback,23,18,873,32990
cadillac,sts-v,2007,premium_unleaded_(required),469.0,8.0,automatic,rear_wheel_drive,4.0,"factory_tuner,luxury,high-performance",large,sedan,19,12,1624,75010
gmc,yukon_xl,2016,premium_unleaded_(recommended),420.0,8.0,automatic,four_wheel_drive,4.0,performance,large,4dr_suv,20,14,549,71025
plymouth,voyager,1999,flex-fuel_(unleaded/e85),158.0,6.0,automatic,front_wheel_drive,4.0,flex_fuel,midsize,passenger_minivan,22,16,535,2110
kia,sorento,2017,regular_unleaded,290.0,6.0,automatic,front_wheel_drive,4.0,crossover,midsize,4dr_suv,25,18,1720,33100
acura,mdx,2016,premium_unleaded_(recommended),290.0,6.0,automatic,front_wheel_drive,4.0,"crossover,luxury",midsize,4dr_suv,27,19,204,47440
dodge,journey,2017,regular_unleaded,173.0,4.0,automatic,front_wheel_drive,4.0,crossover,midsize,4dr_suv,25,19,1851,27495
suzuki,kizashi,2013,regular_unleaded,180.0,4.0,automatic,front_wheel_drive,4.0,,midsize,sedan,30,23,481,21749
ford,tempo,1992,regular_unleaded,96.0,4.0,manual,front_wheel_drive,4.0,,compact,sedan,30,21,5657,2000
buick,lucerne,2010,flex-fuel_(unleaded/e85),227.0,6.0,automatic,front_wheel_drive,4.0,flex_fuel,large,sedan,26,17,155,36230
acura,tlx,2016,premium_unleaded_(recommended),290.0,6.0,automatic,front_wheel_drive,4.0,luxury,midsize,sedan,34,21,204,35320
volkswagen,jetta_gli,2013,premium_unleaded_(recommended),210.0,4.0,automated_manual,front_wheel_drive,4.0,performance,midsize,sedan,32,24,873,27520
toyota,pickup,1993,regular_unleaded,150.0,6.0,manual,four_wheel_drive,2.0,,compact,extended_cab_pickup,17,14,2031,2550
volvo,740,1991,regular_unleaded,114.0,4.0,automatic,rear_wheel_drive,4.0,luxury,midsize,wagon,24,18,870,2000
volkswagen,golf_alltrack,2017,regular_unleaded,170.0,4.0,automated_manual,all_wheel_drive,4.0,crossover,compact,wagon,30,22,873,32890
nissan,armada,2014,regular_unleaded,317.0,8.0,automatic,rear_wheel_drive,4.0,flex_fuel,large,4dr_suv,19,13,2009,42680
toyota,tundra,2016,regular_unleaded,310.0,8.0,automatic,rear_wheel_drive,4.0,,large,extended_cab_pickup,19,15,2031,29140
chevrolet,monte_carlo,2006,regular_unleaded,242.0,6.0,automatic,front_wheel_drive,2.0,,midsize,coupe,26,18,1385,23430
volvo,xc70,2016,regular_unleaded,250.0,5.0,automatic,all_wheel_drive,4.0,"crossover,luxury",midsize,wagon,26,19,870,43050
pontiac,sunbird,1992,regular_unleaded,111.0,4.0,manual,front_wheel_drive,2.0,,compact,convertible,32,22,210,2000
infiniti,g37,2009,premium_unleaded_(required),330.0,6.0,automatic,rear_wheel_drive,2.0,luxury,midsize,coupe,26,18,190,35900
suzuki,kizashi,2012,regular_unleaded,180.0,4.0,automatic,all_wheel_drive,4.0,,midsize,sedan,29,22,481,23649
bmw,m,2002,premium_unleaded_(required),315.0,6.0,manual,rear_wheel_drive,2.0,"factory_tuner,luxury,high-performance",compact,coupe,25,17,3916,44990
ford,expedition,2016,regular_unleaded,365.0,6.0,automatic,rear_wheel_drive,4.0,,large,4dr_suv,21,15,5657,44410
honda,pilot,2016,regular_unleaded,280.0,6.0,automatic,front_wheel_drive,4.0,crossover,midsize,4dr_suv,27,19,2202,37055
bentley,continental_flying_spur,2012,flex-fuel_(premium_unleaded_required/e85),552.0,12.0,automatic,all_wheel_drive,4.0,"exotic,flex_fuel,luxury,high-performance",large,sedan,19,11,520,184200
nissan,truck,1995,regular_unleaded,153.0,6.0,manual,rear_wheel_drive,2.0,,compact,regular_cab_pickup,20,16,2009,2000
dodge,omni,1990,regular_unleaded,93.0,4.0,manual,front_wheel_drive,4.0,hatchback,compact,4dr_hatchback,31,22,1851,2000
suzuki,grand_vitara,2012,regular_unleaded,166.0,4.0,automatic,rear_wheel_drive,4.0,crossover,compact,4dr_suv,25,19,481,23749
chevrolet,tahoe,2015,flex-fuel_(unleaded/e85),355.0,8.0,automatic,rear_wheel_drive,4.0,flex_fuel,large,4dr_suv,23,16,1385,46300
honda,fit,2016,regular_unleaded,130.0,4.0,automatic,front_wheel_drive,4.0,hatchback,compact,4dr_hatchback,38,32,2202,20165
kia,rio,2017,regular_unleaded,138.0,4.0,automatic,front_wheel_drive,4.0,hatchback,compact,4dr_hatchback,36,27,1720,17905
hyundai,santa_fe,2016,regular_unleaded,290.0,6.0,automatic,all_wheel_drive,4.0,crossover,midsize,4dr_suv,24,18,1439,32150
toyota,tacoma,2017,regular_unleaded,278.0,6.0,automatic,rear_wheel_drive,4.0,,compact,crew_cab_pickup,24,19,2031,31740
volvo,850,1995,regular_unleaded,168.0,5.0,manual,front_wheel_drive,4.0,luxury,midsize,sedan,26,18,870,2000
hyundai,elantra,2017,regular_unleaded,147.0,4.0,automatic,front_wheel_drive,4.0,,compact,sedan,37,28,1439,22350
toyota,4runner,2016,regular_unleaded,270.0,6.0,automatic,rear_wheel_drive,4.0,,midsize,4dr_suv,22,17,2031,34010
volvo,v60,2015,regular_unleaded,250.0,5.0,automatic,all_wheel_drive,4.0,luxury,midsize,wagon,29,20,870,37250
chevrolet,corvette,2017,premium_unleaded_(recommended),460.0,8.0,manual,rear_wheel_drive,2.0,high-performance,compact,coupe,25,16,1385,70195
oldsmobile,silhouette,2003,regular_unleaded,185.0,6.0,automatic,front_wheel_drive,4.0,,midsize,passenger_minivan,24,17,26,28040
cadillac,cts_wagon,2013,regular_unleaded,270.0,6.0,automatic,all_wheel_drive,4.0,luxury,midsize,wagon,26,18,1624,44050
nissan,350z,2009,regular_unleaded,306.0,6.0,automatic,rear_wheel_drive,2.0,high-performance,compact,convertible,23,17,2009,37870
chrysler,crossfire,2006,premium_unleaded_(required),215.0,6.0,manual,rear_wheel_drive,2.0,performance,compact,convertible,23,15,1013,38545
ford,edge,2016,premium_unleaded_(recommended),245.0,4.0,automatic,all_wheel_drive,4.0,crossover,midsize,4dr_suv,28,20,5657,33785
volkswagen,cabrio,2001,regular_unleaded,115.0,4.0,automatic,front_wheel_drive,2.0,,compact,convertible,26,20,873,20475
ford,ltd_crown_victoria,1990,regular_unleaded,150.0,8.0,automatic,rear_wheel_drive,4.0,,large,sedan,22,15,5657,2000
kia,forte,2016,regular_unleaded,173.0,4.0,automatic,front_wheel_drive,4.0,hatchback,compact,4dr_hatchback,33,25,1720,18090
mercedes-benz,sl-class,2015,premium_unleaded_(required),557.0,8.0,automatic,rear_wheel_drive,2.0,"factory_tuner,luxury,high-performance",compact,convertible,25,16,617,147300
ford,explorer,2015,flex-fuel_(unleaded/e85),290.0,6.0,automatic,all_wheel_drive,4.0,"crossover,flex_fuel,performance",midsize,4dr_suv,23,17,5657,40200
lexus,gs_350,2015,premium_unleaded_(required),306.0,6.0,automatic,rear_wheel_drive,4.0,"luxury,performance",midsize,sedan,29,19,454,48600
chevrolet,sonic,2017,regular_unleaded,138.0,4.0,manual,front_wheel_drive,4.0,,compact,sedan,39,28,1385,17530
audi,q5,2015,diesel,240.0,6.0,automatic,all_wheel_drive,4.0,"crossover,luxury,diesel",midsize,4dr_suv,31,24,3105,55000
volkswagen,gti,2013,premium_unleaded_(recommended),200.0,4.0,automated_manual,front_wheel_drive,2.0,"hatchback,performance",compact,2dr_hatchback,33,24,873,29295
kia,soul,2015,regular_unleaded,130.0,4.0,manual,front_wheel_drive,4.0,,compact,wagon,30,24,1720,15190
mazda,cx-7,2011,regular_unleaded,161.0,4.0,automatic,front_wheel_drive,4.0,crossover,midsize,4dr_suv,28,20,586,22795
volkswagen,jetta_gli,2014,premium_unleaded_(recommended),210.0,4.0,automated_manual,front_wheel_drive,4.0,performance,midsize,sedan,32,24,873,25635
toyota,previa,1997,regular_unleaded,161.0,4.0,automatic,rear_wheel_drive,3.0,,compact,passenger_minivan,20,16,2031,2580
volvo,v60,2015,regular_unleaded,240.0,4.0,automatic,front_wheel_drive,4.0,luxury,midsize,wagon,37,25,870,35950
oldsmobile,eighty-eight_royale,1993,regular_unleaded,170.0,6.0,automatic,front_wheel_drive,4.0,,large,sedan,26,17,26,2000
toyota,supra,1996,regular_unleaded,220.0,6.0,manual,rear_wheel_drive,2.0,performance,compact,coupe,22,16,2031,14977
chevrolet,camaro,2015,regular_unleaded,323.0,6.0,manual,rear_wheel_drive,2.0,performance,midsize,coupe,28,17,1385,26005
volkswagen,jetta_sportwagen,2012,diesel,140.0,4.0,manual,front_wheel_drive,4.0,diesel,compact,wagon,42,30,873,25540
porsche,panamera,2015,premium_unleaded_(required),570.0,8.0,automated_manual,all_wheel_drive,4.0,"luxury,high-performance",large,sedan,24,15,1715,200500
chevrolet,colorado,2015,regular_unleaded,305.0,6.0,automatic,four_wheel_drive,4.0,,compact,crew_cab_pickup,24,17,1385,34115
lexus,hs_250h,2011,regular_unleaded,187.0,4.0,automatic,front_wheel_drive,4.0,"luxury,hybrid",midsize,sedan,34,35,454,39100
bmw,5_series,2016,premium_unleaded_(required),240.0,4.0,automatic,all_wheel_drive,4.0,luxury,large,sedan,34,22,3916,52500
infiniti,qx80,2016,premium_unleaded_(recommended),400.0,8.0,automatic,rear_wheel_drive,4.0,luxury,large,4dr_suv,20,14,190,63250
oldsmobile,achieva,1997,regular_unleaded,150.0,4.0,unknown,front_wheel_drive,2.0,,midsize,coupe,29,19,26,2000
honda,accord,2016,regular_unleaded,278.0,6.0,automatic,front_wheel_drive,4.0,,midsize,sedan,34,21,2202,30745
subaru,forester,2015,regular_unleaded,170.0,4.0,automatic,all_wheel_drive,4.0,crossover,midsize,4dr_suv,32,24,640,25095
pontiac,trans_sport,1998,regular_unleaded,180.0,6.0,automatic,front_wheel_drive,4.0,,midsize,passenger_minivan,23,16,210,2038
chevrolet,c/k_2500_series,1998,regular_unleaded,230.0,8.0,manual,rear_wheel_drive,2.0,,large,extended_cab_pickup,17,13,1385,3034
lincoln,aviator,2004,premium_unleaded_(required),302.0,8.0,automatic,rear_wheel_drive,4.0,luxury,midsize,4dr_suv,17,12,61,40290
chevrolet,hhr,2011,flex-fuel_(unleaded/e85),155.0,4.0,manual,front_wheel_drive,4.0,flex_fuel,compact,wagon,32,22,1385,19720
toyota,tundra,2017,regular_unleaded,310.0,8.0,automatic,four_wheel_drive,4.0,,large,extended_cab_pickup,18,14,2031,33070
infiniti,fx35,2010,premium_unleaded_(required),303.0,6.0,automatic,all_wheel_drive,4.0,"crossover,luxury",midsize,4dr_suv,21,16,190,44300
suzuki,forenza,2006,regular_unleaded,126.0,4.0,manual,front_wheel_drive,4.0,,compact,wagon,27,19,481,14499
mazda,626,2001,premium_unleaded_(required),165.0,6.0,manual,front_wheel_drive,4.0,,midsize,sedan,25,19,586,22935
kia,sedona,2015,regular_unleaded,276.0,6.0,automatic,front_wheel_drive,4.0,,midsize,passenger_minivan,25,18,1720,36300
infiniti,q50,2015,premium_unleaded_(recommended),360.0,6.0,automatic,rear_wheel_drive,4.0,"luxury,hybrid",midsize,sedan,36,29,190,44400
volkswagen,beetle,2016,regular_unleaded,170.0,4.0,automatic,front_wheel_drive,2.0,hatchback,compact,2dr_hatchback,34,25,873,19795
dodge,durango,2015,premium_unleaded_(recommended),360.0,8.0,automatic,rear_wheel_drive,4.0,"crossover,performance",large,4dr_suv,23,14,1851,39995
toyota,tacoma,2017,regular_unleaded,278.0,6.0,automatic,four_wheel_drive,4.0,,compact,crew_cab_pickup,23,18,2031,35315
kia,rio,2015,regular_unleaded,138.0,4.0,automatic,front_wheel_drive,4.0,,compact,sedan,37,27,1720,16990
nissan,versa_note,2017,regular_unleaded,109.0,4.0,automatic,front_wheel_drive,4.0,hatchback,compact,4dr_hatchback,39,31,2009,16380
chrysler,le_baron,1994,regular_unleaded,142.0,6.0,automatic,front_wheel_drive,4.0,,compact,sedan,26,18,1013,2000
ford,edge,2017,premium_unleaded_(recommended),245.0,4.0,automatic,all_wheel_drive,4.0,crossover,midsize,4dr_suv,27,20,5657,30945
subaru,xv_crosstrek,2013,regular_unleaded,148.0,4.0,automatic,all_wheel_drive,4.0,crossover,compact,4dr_suv,33,25,640,24495
nissan,leaf,2016,electric,,0.0,direct_drive,front_wheel_drive,4.0,hatchback,compact,4dr_hatchback,101,124,2009,34200
oldsmobile,silhouette,2004,regular_unleaded,185.0,6.0,automatic,front_wheel_drive,4.0,,midsize,passenger_minivan,24,17,26,28465
chrysler,pt_cruiser,2008,regular_unleaded,150.0,4.0,manual,front_wheel_drive,2.0,,compact,convertible,26,21,1013,18430
chevrolet,silverado_1500_classic,2007,flex-fuel_(unleaded/e85),295.0,8.0,automatic,four_wheel_drive,4.0,flex_fuel,large,crew_cab_pickup,17,13,1385,35160
mazda,mpv,2004,regular_unleaded,200.0,6.0,automatic,front_wheel_drive,4.0,,compact,passenger_minivan,23,16,586,28460
volvo,740,1991,regular_unleaded,162.0,4.0,automatic,rear_wheel_drive,4.0,"luxury,performance",midsize,wagon,20,17,870,2000
chevrolet,silverado_1500,2017,flex-fuel_(unleaded/e85),285.0,6.0,automatic,rear_wheel_drive,2.0,flex_fuel,large,regular_cab_pickup,24,18,1385,30000
toyota,prius,2016,regular_unleaded,121.0,4.0,automatic,front_wheel_drive,4.0,"hatchback,hybrid",compact,4dr_hatchback,50,54,2031,26250
aston_martin,vanquish,2015,premium_unleaded_(required),568.0,12.0,automatic,rear_wheel_drive,2.0,"exotic,high-performance",midsize,convertible,21,13,259,301695
honda,civic,2016,regular_unleaded,174.0,4.0,automatic,front_wheel_drive,2.0,,compact,coupe,41,31,2202,22300
lexus,rx_400h,2006,regular_unleaded,268.0,6.0,automatic,front_wheel_drive,4.0,"crossover,luxury,hybrid",midsize,4dr_suv,25,28,454,44660
chevrolet,spark,2017,regular_unleaded,98.0,4.0,automatic,front_wheel_drive,4.0,hatchback,compact,4dr_hatchback,38,30,1385,15925
mercedes-benz,sls_amg,2012,premium_unleaded_(required),563.0,8.0,automated_manual,rear_wheel_drive,2.0,"exotic,factory_tuner,luxury,high-performance",compact,convertible,20,14,617,196100
volkswagen,routan,2010,regular_unleaded,197.0,6.0,automatic,front_wheel_drive,4.0,,midsize,passenger_minivan,23,16,873,33600
volvo,v60_cross_country,2017,regular_unleaded,240.0,4.0,automatic,all_wheel_drive,4.0,"crossover,luxury",midsize,wagon,30,22,870,41700
hyundai,santa_fe,2017,regular_unleaded,290.0,6.0,automatic,all_wheel_drive,4.0,crossover,midsize,4dr_suv,22,17,1439,36700
honda,pilot,2016,regular_unleaded,280.0,6.0,automatic,all_wheel_drive,4.0,crossover,midsize,4dr_suv,26,18,2202,31945
ford,expedition,2017,regular_unleaded,365.0,6.0,automatic,four_wheel_drive,4.0,,large,4dr_suv,20,15,5657,62860
subaru,forester,2016,regular_unleaded,170.0,4.0,automatic,all_wheel_drive,4.0,crossover,midsize,4dr_suv,32,24,640,25795
ford,f-150,2016,regular_unleaded,325.0,6.0,automatic,rear_wheel_drive,4.0,flex_fuel,large,extended_cab_pickup,26,19,5657,40065
gmc,acadia,2017,regular_unleaded,194.0,4.0,automatic,all_wheel_drive,4.0,crossover,midsize,4dr_suv,25,21,549,37070
infiniti,fx,2011,premium_unleaded_(required),390.0,8.0,automatic,all_wheel_drive,4.0,"crossover,luxury,performance",midsize,4dr_suv,20,14,190,57600
chrysler,pt_cruiser,2008,regular_unleaded,150.0,4.0,manual,front_wheel_drive,4.0,,compact,wagon,26,21,1013,15970
mazda,cx-3,2016,regular_unleaded,146.0,4.0,automatic,all_wheel_drive,4.0,crossover,compact,4dr_suv,32,27,586,26240
mercedes-benz,sl-class,2017,premium_unleaded_(required),449.0,8.0,automatic,rear_wheel_drive,2.0,"luxury,high-performance",compact,convertible,25,17,617,110800
bmw,2_series,2016,premium_unleaded_(required),240.0,4.0,automatic,all_wheel_drive,2.0,luxury,compact,convertible,34,22,3916,40650
mercedes-benz,e-class,2015,diesel,195.0,4.0,automatic,rear_wheel_drive,4.0,"diesel,luxury",midsize,sedan,42,28,617,51800
land_rover,range_rover,2014,flex-fuel_(premium_unleaded_required/e85),340.0,6.0,automatic,four_wheel_drive,4.0,"flex_fuel,luxury",large,4dr_suv,23,17,258,88300
lexus,is_250_c,2015,premium_unleaded_(required),204.0,6.0,automatic,rear_wheel_drive,2.0,luxury,compact,convertible,30,21,454,43360
chrysler,200,2017,flex-fuel_(unleaded/e85),184.0,4.0,automatic,front_wheel_drive,4.0,flex_fuel,midsize,sedan,36,23,1013,22490
ford,f-250,1999,regular_unleaded,220.0,8.0,manual,rear_wheel_drive,2.0,,large,regular_cab_pickup,17,13,5657,3251
acura,integra,2000,regular_unleaded,140.0,4.0,manual,front_wheel_drive,2.0,"hatchback,luxury",compact,2dr_hatchback,28,22,204,3086
honda,accord,2017,regular_unleaded,185.0,4.0,manual,front_wheel_drive,2.0,,midsize,coupe,32,23,2202,24025
chrysler,sebring,2009,regular_unleaded,173.0,4.0,automatic,front_wheel_drive,4.0,flex_fuel,midsize,sedan,30,21,1013,23040
mazda,rx-8,2010,premium_unleaded_(required),232.0,,manual,rear_wheel_drive,4.0,performance,compact,coupe,22,16,586,26645
honda,civic,2017,regular_unleaded,174.0,4.0,automatic,front_wheel_drive,4.0,performance,midsize,sedan,42,32,2202,26600
chevrolet,impala,2017,flex-fuel_(unleaded/natural_gas),,6.0,automatic,front_wheel_drive,4.0,"flex_fuel,performance",large,sedan,25,17,1385,40915
gmc,yukon_xl,2017,flex-fuel_(unleaded/e85),355.0,8.0,automatic,rear_wheel_drive,4.0,"flex_fuel,performance",large,4dr_suv,23,16,549,51230
mitsubishi,montero_sport,2004,regular_unleaded,197.0,6.0,automatic,rear_wheel_drive,4.0,,midsize,4dr_suv,19,15,436,26199
dodge,magnum,2007,premium_unleaded_(required),425.0,8.0,automatic,rear_wheel_drive,4.0,"factory_tuner,high-performance",large,wagon,18,13,1851,37795
chrysler,sebring,2009,flex-fuel_(unleaded/e85),186.0,6.0,automatic,front_wheel_drive,2.0,flex_fuel,midsize,convertible,26,18,1013,30270
lexus,is_300,2016,premium_unleaded_(required),255.0,6.0,automatic,all_wheel_drive,4.0,"luxury,performance",midsize,sedan,26,19,454,39700
toyota,tercel,1997,regular_unleaded,93.0,4.0,manual,front_wheel_drive,2.0,,compact,coupe,35,28,2031,2012
chevrolet,s-10_blazer,1993,regular_unleaded,165.0,6.0,manual,rear_wheel_drive,4.0,,midsize,4dr_suv,22,16,1385,2000
gmc,s-15,1990,regular_unleaded,105.0,4.0,manual,rear_wheel_drive,2.0,,compact,extended_cab_pickup,25,21,549,2000
chevrolet,silverado_1500,2015,regular_unleaded,355.0,8.0,automatic,four_wheel_drive,4.0,,large,crew_cab_pickup,22,16,1385,45420
subaru,legacy,2015,regular_unleaded,175.0,4.0,automatic,all_wheel_drive,4.0,,midsize,sedan,36,26,640,26495
chevrolet,silverado_1500_classic,2007,regular_unleaded,285.0,8.0,automatic,four_wheel_drive,4.0,,large,crew_cab_pickup,18,14,1385,29980
mazda,cx-3,2016,regular_unleaded,146.0,4.0,automatic,front_wheel_drive,4.0,crossover,compact,4dr_suv,35,29,586,24990
volkswagen,beetle_convertible,2014,premium_unleaded_(recommended),210.0,4.0,automated_manual,front_wheel_drive,2.0,performance,compact,convertible,29,23,873,31795
lincoln,town_car,2011,flex-fuel_(unleaded/e85),239.0,8.0,automatic,rear_wheel_drive,4.0,"flex_fuel,luxury",large,sedan,24,16,61,52670
volkswagen,rabbit,2009,regular_unleaded,170.0,5.0,automatic,front_wheel_drive,4.0,hatchback,compact,4dr_hatchback,29,20,873,19340
toyota,tacoma,2016,regular_unleaded,159.0,4.0,automatic,rear_wheel_drive,4.0,,compact,extended_cab_pickup,23,19,2031,23660
nissan,pathfinder,2017,regular_unleaded,284.0,6.0,automatic,four_wheel_drive,4.0,crossover,large,4dr_suv,26,19,2009,43760
gmc,jimmy,2001,regular_unleaded,190.0,6.0,automatic,four_wheel_drive,4.0,,midsize,4dr_suv,18,14,549,33920
dodge,ram_pickup_1500,2009,flex-fuel_(unleaded/e85),310.0,8.0,automatic,four_wheel_drive,2.0,flex_fuel,large,regular_cab_pickup,18,13,1851,25975
nissan,200sx,1998,regular_unleaded,115.0,4.0,manual,front_wheel_drive,2.0,,compact,coupe,35,25,2009,2000
chevrolet,silverado_1500_classic,2007,regular_unleaded,295.0,8.0,automatic,rear_wheel_drive,4.0,,large,extended_cab_pickup,19,14,1385,30315
nissan,armada,2017,regular_unleaded,390.0,8.0,automatic,rear_wheel_drive,4.0,,large,4dr_suv,19,14,2009,49650
oldsmobile,cutlass_calais,1990,regular_unleaded,160.0,4.0,automatic,front_wheel_drive,2.0,,compact,coupe,28,20,26,2000
dodge,dakota,2008,regular_unleaded,210.0,6.0,manual,four_wheel_drive,4.0,,compact,extended_cab_pickup,19,15,1851,28580
lexus,nx_200t,2015,premium_unleaded_(required),235.0,4.0,automatic,front_wheel_drive,4.0,"crossover,luxury",midsize,4dr_suv,28,22,454,36580
suzuki,aerio,2005,regular_unleaded,155.0,4.0,automatic,all_wheel_drive,4.0,,compact,sedan,26,21,481,17049
oldsmobile,alero,2002,regular_unleaded,140.0,4.0,automatic,front_wheel_drive,2.0,,midsize,coupe,30,21,26,19855
dodge,daytona,1993,regular_unleaded,141.0,6.0,manual,front_wheel_drive,2.0,hatchback,compact,2dr_hatchback,25,17,1851,2000
hyundai,santa_fe_sport,2016,regular_unleaded,265.0,4.0,automatic,all_wheel_drive,4.0,crossover,midsize,4dr_suv,24,18,1439,33000
gmc,sierra_1500,2016,regular_unleaded,355.0,8.0,automatic,rear_wheel_drive,4.0,,large,crew_cab_pickup,23,16,549,44120
mazda,b-series_pickup,2000,regular_unleaded,119.0,4.0,manual,rear_wheel_drive,2.0,,compact,regular_cab_pickup,24,20,586,2350
mercedes-benz,gle-class,2017,premium_unleaded_(required),329.0,6.0,automatic,all_wheel_drive,4.0,"crossover,luxury,performance",midsize,4dr_suv,23,18,617,65650
ford,five_hundred,2007,regular_unleaded,203.0,6.0,automatic,all_wheel_drive,4.0,,large,sedan,23,17,5657,24885
cadillac,cts,2016,premium_unleaded_(recommended),268.0,4.0,automatic,all_wheel_drive,4.0,"luxury,performance",large,sedan,29,21,1624,53285
buick,roadmaster,1996,regular_unleaded,260.0,8.0,automatic,rear_wheel_drive,4.0,,large,sedan,24,15,155,2000
bentley,continental_gt3-r,2015,premium_unleaded_(required),572.0,8.0,automatic,all_wheel_drive,2.0,"exotic,factory_tuner,luxury,high-performance",midsize,coupe,23,13,520,337000
nissan,pathfinder,2017,regular_unleaded,284.0,6.0,automatic,four_wheel_drive,4.0,crossover,large,4dr_suv,26,19,2009,37790
chevrolet,cobalt,2010,regular_unleaded,155.0,4.0,manual,front_wheel_drive,4.0,,compact,sedan,37,25,1385,16470
cadillac,ats_coupe,2015,premium_unleaded_(recommended),272.0,4.0,automatic,rear_wheel_drive,2.0,"luxury,performance",compact,coupe,31,21,1624,47095
toyota,tacoma,2016,regular_unleaded,278.0,6.0,automatic,four_wheel_drive,4.0,,compact,extended_cab_pickup,23,18,2031,33310
acura,zdx,2011,premium_unleaded_(required),300.0,6.0,automatic,all_wheel_drive,4.0,"crossover,hatchback,luxury",midsize,4dr_hatchback,23,16,204,50520
gmc,sierra_1500,2015,flex-fuel_(unleaded/e85),285.0,6.0,automatic,four_wheel_drive,2.0,flex_fuel,large,regular_cab_pickup,22,17,549,37500
land_rover,range_rover,2016,premium_unleaded_(recommended),550.0,8.0,automatic,four_wheel_drive,4.0,"factory_tuner,luxury,high-performance",large,4dr_suv,19,14,258,199495
lotus,esprit,2003,premium_unleaded_(required),350.0,8.0,manual,rear_wheel_drive,2.0,"exotic,high-performance",compact,coupe,21,14,613,90825
oldsmobile,ninety-eight,1996,regular_unleaded,205.0,6.0,automatic,front_wheel_drive,4.0,,large,sedan,27,17,26,2000
dodge,dynasty,1991,regular_unleaded,100.0,4.0,automatic,front_wheel_drive,4.0,,midsize,sedan,24,18,1851,2000
saab,9-3_griffin,2012,premium_unleaded_(recommended),220.0,4.0,automatic,all_wheel_drive,4.0,luxury,midsize,sedan,29,18,376,37115
volvo,xc90,2016,premium_unleaded_(recommended),250.0,4.0,automatic,all_wheel_drive,4.0,"crossover,luxury",large,4dr_suv,25,22,870,45950
mercedes-benz,300-class,1992,regular_unleaded,158.0,6.0,automatic,rear_wheel_drive,4.0,luxury,midsize,sedan,23,18,617,2000
audi,s8,2016,premium_unleaded_(required),520.0,8.0,automatic,all_wheel_drive,4.0,"factory_tuner,luxury,high-performance",large,sedan,25,16,3105,114900
infiniti,g_sedan,2011,premium_unleaded_(recommended),218.0,6.0,automatic,all_wheel_drive,4.0,luxury,midsize,sedan,27,19,190,35000
ford,explorer_sport_trac,2009,regular_unleaded,210.0,6.0,automatic,rear_wheel_drive,4.0,crossover,compact,crew_cab_pickup,20,14,5657,29835
ford,windstar,2001,regular_unleaded,200.0,6.0,automatic,front_wheel_drive,4.0,,midsize,passenger_minivan,22,16,5657,33765
toyota,t100,1996,regular_unleaded,150.0,4.0,manual,rear_wheel_drive,2.0,,large,regular_cab_pickup,22,18,2031,2141
ford,explorer_sport,2002,regular_unleaded,203.0,6.0,automatic,rear_wheel_drive,2.0,,midsize,2dr_suv,20,15,5657,22265
mitsubishi,sigma,1990,regular_unleaded,142.0,6.0,automatic,front_wheel_drive,4.0,,midsize,sedan,20,16,436,2000
dodge,challenger,2017,regular_unleaded,375.0,8.0,manual,rear_wheel_drive,2.0,high-performance,large,coupe,23,15,1851,35890
toyota,camry_solara,2007,regular_unleaded,210.0,6.0,automatic,front_wheel_drive,2.0,,midsize,coupe,27,18,2031,26905
pontiac,torrent,2007,regular_unleaded,185.0,6.0,automatic,all_wheel_drive,4.0,crossover,compact,4dr_suv,23,17,210,23965
infiniti,fx35,2008,premium_unleaded_(required),275.0,6.0,automatic,rear_wheel_drive,4.0,"crossover,luxury",midsize,4dr_suv,22,15,190,38050
kia,k900,2015,premium_unleaded_(recommended),420.0,8.0,automatic,rear_wheel_drive,4.0,"luxury,high-performance",large,sedan,23,15,1720,54500
volkswagen,cc,2016,premium_unleaded_(recommended),200.0,4.0,automated_manual,front_wheel_drive,4.0,performance,midsize,sedan,31,22,873,37820
toyota,tacoma,2016,regular_unleaded,159.0,4.0,manual,four_wheel_drive,4.0,,compact,extended_cab_pickup,21,19,2031,25185
aston_martin,v8_vantage,2015,premium_unleaded_(required),430.0,8.0,automated_manual,rear_wheel_drive,2.0,"exotic,high-performance",compact,coupe,21,14,259,103900
subaru,crosstrek,2017,regular_unleaded,148.0,4.0,automatic,all_wheel_drive,4.0,crossover,compact,4dr_suv,33,26,640,25195
hyundai,santa_fe,2017,regular_unleaded,290.0,6.0,automatic,front_wheel_drive,4.0,crossover,midsize,4dr_suv,23,17,1439,38700
chevrolet,c/k_1500_series,1998,regular_unleaded,200.0,6.0,manual,four_wheel_drive,2.0,,large,regular_cab_pickup,19,14,1385,2883
toyota,sienna,2017,regular_unleaded,296.0,6.0,automatic,front_wheel_drive,4.0,,large,passenger_minivan,27,19,2031,42800
dodge,charger,2017,premium_unleaded_(recommended),485.0,8.0,automatic,rear_wheel_drive,4.0,"factory_tuner,high-performance",large,sedan,25,15,1851,51145
mercedes-benz,300-class,1991,regular_unleaded,177.0,6.0,automatic,rear_wheel_drive,4.0,luxury,midsize,wagon,20,15,617,2000
dodge,ram_150,1992,regular_unleaded,180.0,6.0,manual,rear_wheel_drive,2.0,,large,regular_cab_pickup,17,14,1851,2000
subaru,forester,2017,regular_unleaded,170.0,4.0,automatic,all_wheel_drive,4.0,crossover,midsize,4dr_suv,32,26,640,29195
lexus,lx_470,2007,regular_unleaded,268.0,8.0,automatic,four_wheel_drive,4.0,luxury,midsize,4dr_suv,15,12,454,67395
gmc,jimmy,2000,regular_unleaded,190.0,6.0,automatic,four_wheel_drive,4.0,,midsize,4dr_suv,18,14,549,2916
nissan,versa_note,2017,regular_unleaded,109.0,4.0,automatic,front_wheel_drive,4.0,hatchback,compact,4dr_hatchback,39,31,2009,15480
gmc,yukon,2015,premium_unleaded_(recommended),420.0,8.0,automatic,rear_wheel_drive,4.0,,large,4dr_suv,21,15,549,64520
chevrolet,equinox,2015,regular_unleaded,182.0,4.0,automatic,front_wheel_drive,4.0,"crossover,flex_fuel",compact,4dr_suv,32,22,1385,22120
gmc,canyon,2012,regular_unleaded,185.0,4.0,automatic,rear_wheel_drive,4.0,,compact,extended_cab_pickup,25,18,549,23040
cadillac,cts,2015,flex-fuel_(unleaded/e85),321.0,6.0,automatic,all_wheel_drive,4.0,"flex_fuel,luxury,performance",large,sedan,26,18,1624,59370
chevrolet,cruze,2015,regular_unleaded,138.0,4.0,automatic,front_wheel_drive,4.0,,midsize,sedan,35,22,1385,18870
ford,f-150,2015,regular_unleaded,325.0,6.0,automatic,rear_wheel_drive,4.0,flex_fuel,large,crew_cab_pickup,26,19,5657,41970
bentley,arnage,2009,premium_unleaded_(required),450.0,8.0,automatic,rear_wheel_drive,4.0,"exotic,luxury,performance",large,sedan,15,9,520,267990
chevrolet,spark_ev,2015,electric,140.0,0.0,direct_drive,front_wheel_drive,4.0,hatchback,compact,4dr_hatchback,109,128,1385,25170
chevrolet,camaro,2017,premium_unleaded_(required),650.0,8.0,manual,rear_wheel_drive,2.0,"factory_tuner,high-performance",midsize,coupe,20,14,1385,61140
ford,explorer,2017,flex-fuel_(unleaded/e85),290.0,6.0,automatic,front_wheel_drive,4.0,"crossover,flex_fuel",midsize,4dr_suv,24,17,5657,33625
mercedes-benz,clk-class,2008,premium_unleaded_(required),268.0,6.0,automatic,rear_wheel_drive,2.0,"luxury,performance",compact,coupe,25,17,617,46450
dodge,ram_cargo,2001,regular_unleaded,175.0,6.0,automatic,rear_wheel_drive,3.0,,large,cargo_van,15,13,1851,20850
dodge,nitro,2011,regular_unleaded,210.0,6.0,automatic,rear_wheel_drive,4.0,crossover,midsize,4dr_suv,22,16,1851,23235
toyota,tacoma,2015,regular_unleaded,236.0,6.0,automatic,four_wheel_drive,4.0,,compact,crew_cab_pickup,21,16,2031,28235
chrysler,300,2015,regular_unleaded,292.0,6.0,automatic,rear_wheel_drive,4.0,performance,large,sedan,31,19,1013,42395
chrysler,300m,2002,premium_unleaded_(required),250.0,6.0,automatic,front_wheel_drive,4.0,performance,large,sedan,24,16,1013,32065
gmc,jimmy,2001,regular_unleaded,190.0,6.0,manual,four_wheel_drive,2.0,,compact,2dr_suv,16,13,549,22270
land_rover,range_rover,2015,flex-fuel_(premium_unleaded_required/e85),510.0,8.0,automatic,four_wheel_drive,4.0,"flex_fuel,luxury,high-performance",large,4dr_suv,19,13,258,142995
fiat,500l,2017,premium_unleaded_(recommended),160.0,4.0,automatic,front_wheel_drive,4.0,,compact,wagon,30,22,819,22995
ferrari,599,2011,premium_unleaded_(required),661.0,12.0,automated_manual,rear_wheel_drive,2.0,"exotic,factory_tuner,high-performance",midsize,coupe,15,11,2774,410000
subaru,impreza,2015,regular_unleaded,148.0,4.0,manual,all_wheel_drive,4.0,hatchback,compact,4dr_hatchback,34,25,640,18695
dodge,daytona,1991,regular_unleaded,100.0,4.0,manual,front_wheel_drive,2.0,hatchback,compact,2dr_hatchback,31,21,1851,2000
oldsmobile,bravada,2002,regular_unleaded,270.0,6.0,automatic,rear_wheel_drive,4.0,,midsize,4dr_suv,20,14,26,32660
hyundai,sonata,2015,regular_unleaded,185.0,4.0,automatic,front_wheel_drive,4.0,,midsize,sedan,35,24,1439,23175
bmw,3_series_gran_turismo,2017,premium_unleaded_(required),248.0,4.0,automatic,all_wheel_drive,4.0,"hatchback,luxury",midsize,4dr_hatchback,33,23,3916,43950
mazda,b-series,2001,regular_unleaded,150.0,6.0,manual,rear_wheel_drive,4.0,,compact,extended_cab_pickup,21,15,586,18485
suzuki,xl-7,2006,regular_unleaded,185.0,6.0,automatic,rear_wheel_drive,4.0,,midsize,4dr_suv,21,16,481,21999
bentley,continental_gt,2015,flex-fuel_(premium_unleaded_required/e85),626.0,12.0,automatic,all_wheel_drive,2.0,"exotic,flex_fuel,factory_tuner,luxury,high-performance",midsize,convertible,20,12,520,250100
volkswagen,beetle,2015,regular_unleaded,170.0,4.0,automatic,front_wheel_drive,2.0,hatchback,compact,2dr_hatchback,33,25,873,26195
dodge,charger,2015,regular_unleaded,292.0,6.0,automatic,rear_wheel_drive,4.0,,large,sedan,31,19,1851,27995
infiniti,qx60,2016,premium_unleaded_(recommended),265.0,6.0,automatic,front_wheel_drive,4.0,"crossover,luxury",large,4dr_suv,27,21,190,42600
honda,accord,2016,regular_unleaded,278.0,6.0,automatic,front_wheel_drive,4.0,performance,midsize,sedan,34,21,2202,34680
honda,accord,2015,regular_unleaded,185.0,4.0,manual,front_wheel_drive,2.0,,midsize,coupe,34,24,2202,23775
buick,lacrosse,2015,regular_unleaded,182.0,4.0,automatic,front_wheel_drive,4.0,"flex_fuel,hybrid",large,sedan,36,25,155,33635
cadillac,srx,2015,regular_unleaded,308.0,6.0,automatic,front_wheel_drive,4.0,"crossover,luxury",midsize,4dr_suv,24,17,1624,43640
kia,rondo,2007,regular_unleaded,162.0,4.0,automatic,front_wheel_drive,4.0,,compact,wagon,26,19,1720,16395
mazda,b-series_pickup,1999,flex-fuel_(unleaded/e85),150.0,6.0,manual,rear_wheel_drive,2.0,flex_fuel,compact,extended_cab_pickup,21,16,586,2853
infiniti,m37,2011,premium_unleaded_(recommended),330.0,6.0,automatic,rear_wheel_drive,4.0,"luxury,performance",large,sedan,26,18,190,47050
acura,mdx,2016,premium_unleaded_(recommended),290.0,6.0,automatic,all_wheel_drive,4.0,"crossover,luxury",midsize,4dr_suv,26,19,204,55230
infiniti,q50,2017,premium_unleaded_(required),208.0,4.0,automatic,all_wheel_drive,4.0,luxury,midsize,sedan,28,22,190,40400
infiniti,m45,2009,premium_unleaded_(required),325.0,8.0,automatic,all_wheel_drive,4.0,"luxury,performance",large,sedan,20,14,190,54650
mazda,tribute_hybrid,2009,regular_unleaded,177.0,4.0,automatic,all_wheel_drive,4.0,"crossover,hybrid",compact,4dr_suv,27,29,586,30925
buick,verano,2017,regular_unleaded,180.0,4.0,automatic,front_wheel_drive,4.0,,midsize,sedan,31,21,155,26555
dodge,stratus,2004,regular_unleaded,200.0,6.0,automatic,front_wheel_drive,2.0,performance,midsize,coupe,25,18,1851,23520
honda,accord,2017,regular_unleaded,185.0,4.0,automatic,front_wheel_drive,2.0,,midsize,coupe,34,26,2202,24875
mazda,cx-5,2016,regular_unleaded,184.0,4.0,automatic,all_wheel_drive,4.0,crossover,midsize,4dr_suv,30,24,586,26515
chevrolet,impala,2016,flex-fuel_(unleaded/e85),305.0,6.0,automatic,front_wheel_drive,4.0,"flex_fuel,performance",large,sedan,29,19,1385,30435
dodge,ramcharger,1991,regular_unleaded,170.0,8.0,automatic,rear_wheel_drive,2.0,,midsize,2dr_suv,12,11,1851,2000
cadillac,ats,2017,premium_unleaded_(recommended),272.0,4.0,automatic,rear_wheel_drive,4.0,"luxury,performance",midsize,sedan,31,22,1624,34595
cadillac,escalade_ext,2013,flex-fuel_(premium_unleaded_recommended/e85),403.0,8.0,automatic,all_wheel_drive,4.0,"crossover,flex_fuel,luxury",large,crew_cab_pickup,18,13,1624,63060
plymouth,voyager,1998,regular_unleaded,150.0,6.0,automatic,front_wheel_drive,4.0,,midsize,passenger_minivan,24,17,535,2000
toyota,rav4,2017,regular_unleaded,176.0,4.0,automatic,all_wheel_drive,4.0,crossover,midsize,4dr_suv,28,22,2031,33230
bmw,5_series_gran_turismo,2015,premium_unleaded_(required),300.0,6.0,automatic,rear_wheel_drive,4.0,"hatchback,luxury",large,4dr_hatchback,28,19,3916,60700
mazda,cx-5,2016,regular_unleaded,184.0,4.0,automatic,all_wheel_drive,4.0,crossover,midsize,4dr_suv,30,24,586,24895
ford,probe,1995,regular_unleaded,164.0,6.0,manual,front_wheel_drive,2.0,"hatchback,performance",compact,2dr_hatchback,24,18,5657,2000
ford,f-150_heritage,2004,regular_unleaded,202.0,6.0,manual,four_wheel_drive,2.0,,large,regular_cab_pickup,18,13,5657,22985
bmw,x3,2015,premium_unleaded_(required),300.0,6.0,automatic,all_wheel_drive,4.0,"crossover,luxury,performance",midsize,4dr_suv,26,19,3916,45500
mazda,mx-5_miata,2015,premium_unleaded_(recommended),158.0,4.0,automatic,rear_wheel_drive,2.0,performance,compact,convertible,28,21,586,27505
toyota,highlander,2016,regular_unleaded,270.0,6.0,automatic,all_wheel_drive,4.0,crossover,midsize,4dr_suv,24,18,2031,38775
lincoln,mkz,2017,regular_unleaded,,4.0,automatic,front_wheel_drive,4.0,"luxury,hybrid",midsize,sedan,38,41,61,35010
buick,envision,2016,premium_unleaded_(recommended),252.0,4.0,automatic,all_wheel_drive,4.0,crossover,midsize,4dr_suv,26,20,155,42070
toyota,tundra,2017,regular_unleaded,310.0,8.0,automatic,rear_wheel_drive,4.0,,large,extended_cab_pickup,19,15,2031,31830
toyota,prius,2017,regular_unleaded,121.0,4.0,automatic,front_wheel_drive,4.0,"hatchback,hybrid",compact,4dr_hatchback,50,54,2031,30015
chevrolet,hhr,2009,flex-fuel_(unleaded/e85),155.0,4.0,manual,front_wheel_drive,4.0,flex_fuel,compact,wagon,32,22,1385,18720
suzuki,xl-7,2005,regular_unleaded,185.0,6.0,automatic,rear_wheel_drive,4.0,,midsize,4dr_suv,21,16,481,21899
toyota,corolla,2015,regular_unleaded,132.0,4.0,automatic,front_wheel_drive,4.0,,compact,sedan,37,29,2031,19895
pontiac,le_mans,1992,regular_unleaded,74.0,4.0,manual,front_wheel_drive,2.0,,compact,coupe,34,24,210,2000
toyota,sequoia,2015,regular_unleaded,381.0,8.0,automatic,rear_wheel_drive,4.0,,large,4dr_suv,17,13,2031,44395
gmc,s-15,1990,regular_unleaded,160.0,6.0,manual,four_wheel_drive,2.0,,compact,regular_cab_pickup,19,15,549,2000
chevrolet,silverado_1500,2017,flex-fuel_(unleaded/e85),285.0,6.0,automatic,rear_wheel_drive,4.0,flex_fuel,large,extended_cab_pickup,24,18,1385,31610
cadillac,cts_coupe,2013,regular_unleaded,318.0,6.0,automatic,rear_wheel_drive,2.0,"luxury,performance",midsize,coupe,27,18,1624,43950
ford,transit_connect,2016,regular_unleaded,169.0,4.0,automatic,front_wheel_drive,4.0,,compact,cargo_minivan,29,21,5657,25200
cadillac,deville,2004,regular_unleaded,300.0,8.0,automatic,front_wheel_drive,4.0,"luxury,performance",large,sedan,24,16,1624,50750
chevrolet,equinox,2017,regular_unleaded,182.0,4.0,automatic,all_wheel_drive,4.0,crossover,compact,4dr_suv,28,20,1385,28500
mercedes-benz,s-class,2017,premium_unleaded_(required),621.0,12.0,automatic,rear_wheel_drive,2.0,"factory_tuner,luxury,high-performance",large,convertible,21,14,617,247900
audi,rs_7,2017,premium_unleaded_(required),560.0,8.0,automatic,all_wheel_drive,4.0,"factory_tuner,luxury,high-performance",large,sedan,25,15,3105,110700
gmc,yukon,2017,flex-fuel_(unleaded/e85),355.0,8.0,automatic,four_wheel_drive,4.0,"flex_fuel,performance",large,4dr_suv,22,16,549,51530
oldsmobile,ninety-eight,1994,regular_unleaded,170.0,6.0,automatic,front_wheel_drive,4.0,,large,sedan,25,17,26,2000
oldsmobile,cutlass_calais,1991,regular_unleaded,110.0,4.0,manual,front_wheel_drive,2.0,,compact,coupe,31,19,26,2000
mazda,tribute,2009,regular_unleaded,171.0,4.0,automatic,all_wheel_drive,4.0,crossover,compact,4dr_suv,25,19,586,26375
volkswagen,gti,2014,premium_unleaded_(recommended),200.0,4.0,automated_manual,front_wheel_drive,4.0,"hatchback,performance",compact,4dr_hatchback,33,24,873,30795
infiniti,ex35,2010,premium_unleaded_(recommended),297.0,6.0,automatic,rear_wheel_drive,4.0,"crossover,luxury",midsize,4dr_suv,24,17,190,36000
audi,s5,2016,premium_unleaded_(required),333.0,6.0,automated_manual,all_wheel_drive,2.0,"factory_tuner,luxury,performance",midsize,convertible,26,18,3105,67350
volkswagen,beetle,2016,premium_unleaded_(recommended),210.0,4.0,manual,front_wheel_drive,2.0,"hatchback,performance",compact,2dr_hatchback,31,23,873,31450
gmc,sierra_1500_classic,2007,flex-fuel_(unleaded/e85),295.0,8.0,automatic,four_wheel_drive,4.0,flex_fuel,large,crew_cab_pickup,17,13,549,35520
volkswagen,jetta_gli,2014,premium_unleaded_(recommended),210.0,4.0,automated_manual,front_wheel_drive,4.0,performance,midsize,sedan,32,24,873,28555
dodge,intrepid,2003,regular_unleaded,200.0,6.0,automatic,front_wheel_drive,4.0,,large,sedan,27,19,1851,21155
chevrolet,uplander,2006,regular_unleaded,201.0,6.0,automatic,front_wheel_drive,4.0,,midsize,passenger_minivan,23,16,1385,22750
subaru,xv_crosstrek,2015,regular_unleaded,160.0,4.0,automatic,all_wheel_drive,4.0,"crossover,hybrid",compact,4dr_suv,34,30,640,29295
honda,accord,2015,regular_unleaded,185.0,4.0,automatic,front_wheel_drive,2.0,,midsize,coupe,35,26,2202,24625
chevrolet,metro,2000,regular_unleaded,79.0,4.0,manual,front_wheel_drive,4.0,,compact,sedan,38,31,1385,2000
cadillac,cts,2017,regular_unleaded,335.0,6.0,automatic,all_wheel_drive,4.0,"luxury,performance",large,sedan,27,19,1624,55695
gmc,sierra_1500_classic,2007,regular_unleaded,295.0,8.0,automatic,rear_wheel_drive,4.0,,large,extended_cab_pickup,19,14,549,30675
pontiac,montana,2003,regular_unleaded,185.0,6.0,automatic,all_wheel_drive,4.0,,midsize,passenger_minivan,22,16,210,30540
volkswagen,jetta,2016,regular_unleaded,150.0,4.0,manual,front_wheel_drive,4.0,,midsize,sedan,39,28,873,17680
dodge,nitro,2010,regular_unleaded,210.0,6.0,automatic,rear_wheel_drive,4.0,crossover,midsize,4dr_suv,22,16,1851,23235
lexus,rc_350,2016,premium_unleaded_(required),306.0,6.0,automatic,rear_wheel_drive,2.0,"luxury,performance",midsize,coupe,28,19,454,42780
rolls-royce,phantom,2015,premium_unleaded_(required),453.0,12.0,automatic,rear_wheel_drive,4.0,"exotic,luxury,performance",large,sedan,19,11,86,407400
bugatti,veyron_16.4,2008,premium_unleaded_(required),1001.0,16.0,automated_manual,all_wheel_drive,2.0,"exotic,high-performance",compact,coupe,14,8,820,1500000
gmc,sierra_1500,2017,regular_unleaded,355.0,8.0,automatic,rear_wheel_drive,4.0,,large,crew_cab_pickup,23,16,549,44840
volvo,740,1991,regular_unleaded,162.0,4.0,manual,rear_wheel_drive,4.0,"luxury,performance",midsize,sedan,24,18,870,2000
volkswagen,golf_gti,2017,premium_unleaded_(recommended),220.0,4.0,manual,front_wheel_drive,4.0,"hatchback,performance",compact,4dr_hatchback,34,24,873,34095
toyota,camry,2017,regular_unleaded,178.0,4.0,automatic,front_wheel_drive,4.0,,midsize,sedan,33,24,2031,26310
volkswagen,jetta_sportwagen,2014,diesel,140.0,4.0,automated_manual,front_wheel_drive,4.0,diesel,compact,wagon,39,29,873,30265
bmw,z4,2014,premium_unleaded_(required),335.0,6.0,automated_manual,rear_wheel_drive,2.0,"luxury,high-performance",compact,convertible,24,17,3916,65800
gmc,sierra_1500,2016,regular_unleaded,355.0,8.0,automatic,four_wheel_drive,4.0,,large,crew_cab_pickup,22,16,549,47270
infiniti,q70,2016,premium_unleaded_(recommended),360.0,6.0,automatic,rear_wheel_drive,4.0,"luxury,hybrid",large,sedan,34,29,190,55900
gmc,canyon,2016,regular_unleaded,200.0,4.0,automatic,rear_wheel_drive,4.0,diesel,compact,crew_cab_pickup,27,20,549,29245
subaru,impreza_wrx,2013,premium_unleaded_(required),265.0,4.0,manual,all_wheel_drive,4.0,"hatchback,performance",compact,4dr_hatchback,25,19,640,25795
suzuki,kizashi,2013,regular_unleaded,180.0,4.0,automatic,front_wheel_drive,4.0,,midsize,sedan,30,23,481,25799
toyota,tacoma,2015,regular_unleaded,236.0,6.0,automatic,four_wheel_drive,4.0,,compact,crew_cab_pickup,21,16,2031,28735
toyota,tundra,2016,regular_unleaded,381.0,8.0,automatic,rear_wheel_drive,4.0,,large,extended_cab_pickup,18,13,2031,31170
ford,freestar,2006,regular_unleaded,201.0,6.0,automatic,front_wheel_drive,4.0,,midsize,passenger_minivan,21,15,5657,26615
volkswagen,tiguan,2015,premium_unleaded_(recommended),200.0,4.0,automatic,all_wheel_drive,4.0,crossover,compact,4dr_suv,26,20,873,30225
mercedes-benz,sls_amg_gt,2014,premium_unleaded_(required),622.0,8.0,automated_manual,rear_wheel_drive,2.0,"exotic,factory_tuner,luxury,high-performance",compact,coupe,17,13,617,275000
hyundai,sonata,2016,regular_unleaded,185.0,4.0,automatic,front_wheel_drive,4.0,,midsize,sedan,36,25,1439,23400
mercedes-benz,e-class,2015,premium_unleaded_(required),402.0,8.0,automatic,rear_wheel_drive,2.0,"luxury,high-performance",midsize,coupe,26,18,617,59400
nissan,frontier,2015,regular_unleaded,152.0,4.0,automatic,rear_wheel_drive,4.0,,compact,extended_cab_pickup,23,17,2009,20660
dodge,daytona,1993,regular_unleaded,100.0,4.0,manual,front_wheel_drive,2.0,hatchback,compact,2dr_hatchback,29,22,1851,2000
bmw,4_series_gran_coupe,2016,premium_unleaded_(required),300.0,6.0,automatic,all_wheel_drive,4.0,"luxury,performance",midsize,sedan,30,20,3916,49950
infiniti,g20,2002,regular_unleaded,145.0,4.0,manual,front_wheel_drive,4.0,luxury,compact,sedan,29,21,190,21395
porsche,911,2017,premium_unleaded_(required),540.0,6.0,automated_manual,all_wheel_drive,2.0,"luxury,high-performance",compact,convertible,29,20,1715,171500
dodge,dakota,2008,regular_unleaded,210.0,6.0,manual,rear_wheel_drive,4.0,,compact,extended_cab_pickup,20,16,1851,24985
ford,edge,2017,premium_unleaded_(recommended),245.0,4.0,automatic,front_wheel_drive,4.0,crossover,midsize,4dr_suv,29,20,5657,35600
ford,mustang,2015,regular_unleaded,300.0,6.0,manual,rear_wheel_drive,2.0,performance,midsize,coupe,28,17,5657,23800
dodge,magnum,2007,regular_unleaded,190.0,6.0,automatic,rear_wheel_drive,4.0,,large,wagon,26,18,1851,23370
oldsmobile,achieva,1998,regular_unleaded,150.0,6.0,automatic,front_wheel_drive,4.0,,midsize,sedan,27,18,26,2000
volkswagen,new_beetle,2008,regular_unleaded,150.0,5.0,automatic,front_wheel_drive,2.0,,compact,convertible,28,20,873,25740
chevrolet,cruze_limited,2016,regular_unleaded,138.0,4.0,manual,front_wheel_drive,4.0,,midsize,sedan,36,25,1385,16120
bmw,5_series_gran_turismo,2016,premium_unleaded_(required),300.0,6.0,automatic,all_wheel_drive,4.0,"hatchback,luxury",large,4dr_hatchback,26,18,3916,63200
acura,cl,2003,premium_unleaded_(required),225.0,6.0,automatic,front_wheel_drive,2.0,luxury,midsize,coupe,27,17,204,30350
nissan,350z,2008,regular_unleaded,306.0,6.0,manual,rear_wheel_drive,2.0,"factory_tuner,high-performance",compact,coupe,25,18,2009,38680
plymouth,voyager,2000,flex-fuel_(unleaded/e85),158.0,6.0,automatic,front_wheel_drive,4.0,flex_fuel,midsize,passenger_minivan,23,16,535,2317
honda,passport,2001,regular_unleaded,205.0,6.0,automatic,rear_wheel_drive,4.0,,midsize,4dr_suv,20,15,2202,28050
volkswagen,cc,2016,premium_unleaded_(recommended),200.0,4.0,manual,front_wheel_drive,4.0,performance,midsize,sedan,32,21,873,34655
dodge,ram_150,1993,regular_unleaded,180.0,6.0,manual,four_wheel_drive,2.0,,large,regular_cab_pickup,16,11,1851,2000
subaru,wrx,2016,premium_unleaded_(required),305.0,4.0,manual,all_wheel_drive,4.0,"factory_tuner,high-performance",compact,sedan,23,17,640,39995
subaru,impreza,2017,regular_unleaded,152.0,4.0,automatic,all_wheel_drive,4.0,hatchback,compact,4dr_hatchback,37,28,640,19895
mitsubishi,vanwagon,1990,regular_unleaded,107.0,4.0,automatic,rear_wheel_drive,3.0,,compact,passenger_minivan,19,16,436,2000
gmc,vandura,1994,regular_unleaded,165.0,6.0,automatic,rear_wheel_drive,3.0,,midsize,cargo_van,20,15,549,2000
honda,civic,2017,regular_unleaded,174.0,4.0,automatic,front_wheel_drive,2.0,performance,compact,coupe,40,31,2202,23525
bmw,x6_m,2016,premium_unleaded_(required),567.0,8.0,automatic,all_wheel_drive,4.0,"crossover,factory_tuner,luxury,high-performance",midsize,4dr_suv,19,14,3916,102200
toyota,sienna,2017,regular_unleaded,296.0,6.0,automatic,front_wheel_drive,4.0,,large,passenger_minivan,27,19,2031,27645
chevrolet,lumina_minivan,1994,regular_unleaded,120.0,6.0,automatic,front_wheel_drive,3.0,,compact,passenger_minivan,21,17,1385,2000
ford,fiesta,2015,regular_unleaded,120.0,4.0,manual,front_wheel_drive,4.0,,compact,sedan,36,28,5657,14455
toyota,tundra,2017,regular_unleaded,381.0,8.0,automatic,four_wheel_drive,4.0,,large,extended_cab_pickup,17,13,2031,34670
ford,expedition,2016,regular_unleaded,365.0,6.0,automatic,rear_wheel_drive,4.0,,large,4dr_suv,21,15,5657,57795
volkswagen,gti,2012,premium_unleaded_(recommended),200.0,4.0,manual,front_wheel_drive,2.0,"hatchback,performance",compact,2dr_hatchback,31,21,873,27845
dodge,ramcharger,1993,regular_unleaded,230.0,8.0,automatic,rear_wheel_drive,2.0,,midsize,2dr_suv,16,11,1851,2000
plymouth,sundance,1993,regular_unleaded,100.0,4.0,manual,front_wheel_drive,2.0,hatchback,compact,2dr_hatchback,29,22,535,2000
dodge,grand_caravan,2015,flex-fuel_(unleaded/e85),283.0,6.0,automatic,front_wheel_drive,4.0,flex_fuel,midsize,passenger_minivan,25,17,1851,24245
cadillac,escalade_esv,2017,premium_unleaded_(recommended),420.0,8.0,automatic,four_wheel_drive,4.0,"luxury,performance",large,4dr_suv,20,15,1624,78995
suzuki,sx4,2013,regular_unleaded,150.0,4.0,manual,all_wheel_drive,4.0,"crossover,hatchback",compact,4dr_hatchback,30,22,481,16999
suzuki,vitara,2002,regular_unleaded,127.0,4.0,automatic,four_wheel_drive,4.0,,compact,4dr_suv,23,20,481,19199
porsche,911,2016,premium_unleaded_(required),430.0,6.0,manual,all_wheel_drive,2.0,"luxury,high-performance",compact,convertible,25,18,1715,132800
ford,bronco,1996,regular_unleaded,199.0,8.0,manual,four_wheel_drive,2.0,,midsize,2dr_suv,16,13,5657,2774
cadillac,sts-v,2008,premium_unleaded_(required),469.0,8.0,automatic,rear_wheel_drive,4.0,"factory_tuner,luxury,high-performance",large,sedan,19,13,1624,78775
oldsmobile,alero,2002,regular_unleaded,140.0,4.0,automatic,front_wheel_drive,4.0,,midsize,sedan,30,21,26,19605
ford,transit_connect,2016,regular_unleaded,169.0,4.0,automatic,front_wheel_drive,4.0,,compact,cargo_minivan,29,21,5657,22675
suzuki,aerio,2005,regular_unleaded,155.0,4.0,automatic,front_wheel_drive,4.0,,compact,sedan,28,22,481,16049
honda,fit,2016,regular_unleaded,130.0,4.0,manual,front_wheel_drive,4.0,hatchback,compact,4dr_hatchback,37,29,2202,17800
chevrolet,corvette,2016,premium_unleaded_(recommended),460.0,8.0,manual,rear_wheel_drive,2.0,high-performance,compact,convertible,29,17,1385,74145
oldsmobile,eighty-eight,1997,regular_unleaded,205.0,6.0,automatic,front_wheel_drive,4.0,,large,sedan,26,17,26,2000
volkswagen,jetta_sportwagen,2012,regular_unleaded,170.0,5.0,automatic,front_wheel_drive,4.0,,compact,wagon,31,24,873,25960
hyundai,genesis,2015,regular_unleaded,311.0,6.0,automatic,rear_wheel_drive,4.0,"luxury,performance",large,sedan,29,18,1439,38000
lincoln,mkz_hybrid,2011,regular_unleaded,191.0,4.0,automatic,front_wheel_drive,4.0,"luxury,hybrid",midsize,sedan,36,41,61,34645
mazda,cx-5,2016,regular_unleaded,184.0,4.0,automatic,all_wheel_drive,4.0,crossover,midsize,4dr_suv,30,24,586,29870
mercedes-benz,e-class,2016,diesel,195.0,4.0,automatic,rear_wheel_drive,4.0,"diesel,luxury",midsize,sedan,42,28,617,52650
chevrolet,avalanche,2011,flex-fuel_(unleaded/e85),320.0,8.0,automatic,four_wheel_drive,4.0,"crossover,flex_fuel",large,crew_cab_pickup,21,15,1385,39350
audi,a3,2016,diesel,150.0,4.0,automated_manual,front_wheel_drive,4.0,"diesel,luxury",compact,sedan,43,31,3105,33200
chevrolet,tahoe_hybrid,2012,regular_unleaded,332.0,8.0,automatic,rear_wheel_drive,4.0,hybrid,large,4dr_suv,23,20,1385,51970
lexus,es_350,2015,regular_unleaded,268.0,6.0,automatic,front_wheel_drive,4.0,"luxury,performance",midsize,sedan,31,21,454,37700
bmw,2_series,2016,premium_unleaded_(required),240.0,4.0,automatic,rear_wheel_drive,2.0,luxury,compact,convertible,34,23,3916,38650
mazda,cx-7,2011,premium_unleaded_(recommended),244.0,4.0,automatic,front_wheel_drive,4.0,crossover,midsize,4dr_suv,24,18,586,26255
toyota,tacoma,2017,regular_unleaded,278.0,6.0,automatic,four_wheel_drive,4.0,,compact,crew_cab_pickup,23,18,2031,35315
gmc,suburban,1999,regular_unleaded,255.0,8.0,automatic,rear_wheel_drive,4.0,,large,4dr_suv,17,12,549,3051
ford,transit_wagon,2015,flex-fuel_(unleaded/e85),275.0,6.0,automatic,rear_wheel_drive,3.0,flex_fuel,midsize,passenger_van,19,14,5657,33770
chrysler,crossfire,2007,premium_unleaded_(required),215.0,6.0,manual,rear_wheel_drive,2.0,"hatchback,performance",compact,2dr_hatchback,23,15,1013,29510
mitsubishi,mighty_max_pickup,1994,regular_unleaded,116.0,6.0,manual,four_wheel_drive,2.0,,compact,regular_cab_pickup,20,15,436,2000
honda,civic,2017,regular_unleaded,174.0,4.0,automatic,front_wheel_drive,4.0,"hatchback,performance",compact,4dr_hatchback,40,31,2202,22800
bmw,3_series,2015,diesel,180.0,4.0,automatic,rear_wheel_drive,4.0,"diesel,luxury",midsize,sedan,45,32,3916,39000
mercedes-benz,m-class,2014,premium_unleaded_(required),302.0,6.0,automatic,all_wheel_drive,4.0,"crossover,luxury",midsize,4dr_suv,22,17,617,50290
mazda,cx-5,2014,regular_unleaded,155.0,4.0,automatic,front_wheel_drive,4.0,crossover,midsize,4dr_suv,32,26,586,22795
honda,ridgeline,2014,regular_unleaded,250.0,6.0,automatic,four_wheel_drive,4.0,,large,crew_cab_pickup,21,15,2202,29575
nissan,frontier,2015,regular_unleaded,261.0,6.0,manual,four_wheel_drive,4.0,,compact,extended_cab_pickup,21,16,2009,30550
toyota,camry,2017,regular_unleaded,178.0,4.0,automatic,front_wheel_drive,4.0,,midsize,sedan,33,24,2031,26310
ford,f-150,2016,regular_unleaded,325.0,6.0,automatic,rear_wheel_drive,4.0,flex_fuel,large,crew_cab_pickup,26,19,5657,38250
subaru,impreza,2016,regular_unleaded,148.0,4.0,automatic,all_wheel_drive,4.0,,compact,sedan,37,28,640,21095
mitsubishi,galant,2012,regular_unleaded,160.0,4.0,automatic,front_wheel_drive,4.0,,midsize,sedan,30,21,436,24299
bmw,3_series_gran_turismo,2016,premium_unleaded_(required),300.0,6.0,automatic,all_wheel_drive,4.0,"hatchback,luxury,performance",midsize,4dr_hatchback,30,20,3916,49200
honda,insight,2013,regular_unleaded,98.0,4.0,automatic,front_wheel_drive,4.0,"hatchback,hybrid",compact,4dr_hatchback,44,41,2202,20375
ferrari,f12_berlinetta,2014,premium_unleaded_(required),731.0,12.0,automated_manual,rear_wheel_drive,2.0,"exotic,high-performance",midsize,coupe,16,11,2774,315888
dodge,spirit,1993,regular_unleaded,101.0,4.0,manual,front_wheel_drive,4.0,,compact,sedan,29,22,1851,2000
volkswagen,golf_r,2017,premium_unleaded_(recommended),292.0,4.0,automated_manual,all_wheel_drive,4.0,"hatchback,factory_tuner,high-performance",compact,4dr_hatchback,30,23,873,36755
mercedes-benz,slc-class,2017,premium_unleaded_(required),362.0,6.0,automatic,rear_wheel_drive,2.0,"factory_tuner,luxury,high-performance",compact,convertible,29,20,617,60300
volkswagen,passat,2015,regular_unleaded,170.0,4.0,automatic,front_wheel_drive,4.0,,midsize,sedan,36,24,873,26280
chevrolet,s-10_blazer,1993,regular_unleaded,165.0,6.0,manual,four_wheel_drive,4.0,,midsize,4dr_suv,20,15,1385,2000
oldsmobile,alero,2003,regular_unleaded,170.0,6.0,automatic,front_wheel_drive,2.0,,midsize,coupe,27,18,26,21585
toyota,t100,1996,regular_unleaded,190.0,6.0,manual,rear_wheel_drive,2.0,,large,extended_cab_pickup,20,15,2031,2506
volkswagen,beetle,2015,premium_unleaded_(recommended),210.0,4.0,manual,front_wheel_drive,2.0,"hatchback,performance",compact,2dr_hatchback,31,23,873,31375
hyundai,santa_fe,2016,regular_unleaded,290.0,6.0,automatic,front_wheel_drive,4.0,crossover,midsize,4dr_suv,25,18,1439,30400
ford,thunderbird,2004,premium_unleaded_(required),280.0,8.0,automatic,rear_wheel_drive,2.0,performance,midsize,convertible,21,15,5657,38480
mazda,rx-8,2011,premium_unleaded_(required),232.0,,manual,rear_wheel_drive,4.0,performance,compact,coupe,22,16,586,26795
kia,soul_ev,2016,electric,,0.0,direct_drive,front_wheel_drive,4.0,,compact,wagon,92,120,1720,33950
porsche,911,2017,premium_unleaded_(required),420.0,6.0,manual,rear_wheel_drive,2.0,"luxury,high-performance",compact,convertible,28,20,1715,115700
infiniti,g37_sedan,2010,premium_unleaded_(recommended),328.0,6.0,automatic,all_wheel_drive,4.0,luxury,midsize,sedan,25,18,190,43550
hummer,h3,2010,regular_unleaded,239.0,5.0,manual,four_wheel_drive,4.0,"flex_fuel,luxury",midsize,4dr_suv,18,14,130,35960
gmc,jimmy,2000,regular_unleaded,190.0,6.0,automatic,rear_wheel_drive,4.0,,midsize,4dr_suv,20,15,549,2756
toyota,tundra,2017,regular_unleaded,381.0,8.0,automatic,four_wheel_drive,4.0,,large,crew_cab_pickup,17,13,2031,50030
cadillac,cts,2017,premium_unleaded_(recommended),268.0,4.0,automatic,rear_wheel_drive,4.0,"luxury,performance",large,sedan,30,22,1624,51695
volkswagen,vanagon,1991,regular_unleaded,90.0,4.0,manual,rear_wheel_drive,3.0,,large,passenger_minivan,18,16,873,2000
nissan,versa,2015,regular_unleaded,109.0,4.0,manual,front_wheel_drive,4.0,,compact,sedan,36,27,2009,11990
toyota,camry_solara,2008,regular_unleaded,210.0,6.0,automatic,front_wheel_drive,2.0,,midsize,convertible,26,18,2031,30710
chevrolet,silverado_1500_classic,2007,regular_unleaded,285.0,8.0,automatic,rear_wheel_drive,4.0,,large,extended_cab_pickup,19,15,1385,25960
dodge,ram_pickup_1500,2008,regular_unleaded,345.0,8.0,automatic,four_wheel_drive,4.0,,large,crew_cab_pickup,17,13,1851,36980
bmw,7_series,2017,premium_unleaded_(required),320.0,6.0,automatic,rear_wheel_drive,4.0,"luxury,performance",large,sedan,29,21,3916,81500
gmc,sierra_1500,2017,flex-fuel_(unleaded/e85),285.0,6.0,automatic,four_wheel_drive,4.0,flex_fuel,large,extended_cab_pickup,22,17,549,36210
hyundai,elantra_gt,2017,regular_unleaded,173.0,4.0,manual,front_wheel_drive,4.0,"hatchback,performance",compact,4dr_hatchback,32,24,1439,18800
audi,tt,2016,premium_unleaded_(recommended),220.0,4.0,automated_manual,all_wheel_drive,2.0,luxury,compact,convertible,30,23,3105,46400
volkswagen,rabbit,2007,regular_unleaded,150.0,5.0,automatic,front_wheel_drive,2.0,hatchback,compact,2dr_hatchback,28,19,873,16065
ford,flex,2015,regular_unleaded,287.0,6.0,automatic,all_wheel_drive,4.0,crossover,large,wagon,23,17,5657,34050
lincoln,navigator,2016,regular_unleaded,380.0,6.0,automatic,four_wheel_drive,4.0,luxury,large,4dr_suv,20,15,61,74260
cadillac,xts,2017,premium_unleaded_(required),410.0,6.0,automatic,all_wheel_drive,4.0,"luxury,high-performance",large,sedan,23,16,1624,63795
hyundai,veloster,2014,regular_unleaded,201.0,4.0,manual,front_wheel_drive,3.0,"hatchback,performance",compact,2dr_hatchback,33,24,1439,21300
chevrolet,corvette,2017,premium_unleaded_(recommended),460.0,8.0,manual,rear_wheel_drive,2.0,high-performance,compact,convertible,25,16,1385,64450
mercedes-benz,cla-class,2017,premium_unleaded_(required),208.0,4.0,automatic,front_wheel_drive,4.0,luxury,midsize,sedan,38,26,617,32400
gmc,s-15_jimmy,1991,regular_unleaded,150.0,6.0,manual,rear_wheel_drive,4.0,,midsize,4dr_suv,22,15,549,2000
honda,element,2010,regular_unleaded,166.0,4.0,automatic,front_wheel_drive,4.0,crossover,compact,4dr_suv,25,20,2202,20525
bmw,3_series,2016,premium_unleaded_(required),320.0,6.0,automatic,all_wheel_drive,4.0,"luxury,high-performance",midsize,sedan,33,22,3916,47800
ford,f-150,2016,flex-fuel_(unleaded/e85),282.0,6.0,automatic,rear_wheel_drive,4.0,flex_fuel,large,crew_cab_pickup,25,18,5657,37140
honda,civic,2017,regular_unleaded,174.0,4.0,automatic,front_wheel_drive,4.0,performance,midsize,sedan,42,32,2202,23300
cadillac,escalade,2017,premium_unleaded_(recommended),420.0,8.0,automatic,rear_wheel_drive,4.0,"luxury,performance",large,4dr_suv,22,15,1624,73395
pontiac,aztek,2004,regular_unleaded,185.0,6.0,automatic,all_wheel_drive,4.0,crossover,midsize,4dr_suv,22,16,210,24190
gmc,yukon_xl,2017,flex-fuel_(unleaded/e85),355.0,8.0,automatic,four_wheel_drive,4.0,"flex_fuel,performance",large,4dr_suv,22,15,549,63015
chevrolet,colorado,2015,regular_unleaded,305.0,6.0,automatic,rear_wheel_drive,4.0,,compact,crew_cab_pickup,26,18,1385,25850
buick,envision,2017,premium_unleaded_(recommended),252.0,4.0,automatic,all_wheel_drive,4.0,crossover,midsize,4dr_suv,26,20,155,44960
volkswagen,golf,2016,regular_unleaded,170.0,4.0,manual,front_wheel_drive,4.0,hatchback,compact,4dr_hatchback,37,25,873,20175
bentley,continental_flying_spur,2013,flex-fuel_(premium_unleaded_required/e85),552.0,12.0,automatic,all_wheel_drive,4.0,"exotic,flex_fuel,luxury,high-performance",large,sedan,19,11,520,184200
gmc,sierra_1500,2015,flex-fuel_(unleaded/e85),285.0,6.0,automatic,four_wheel_drive,2.0,flex_fuel,large,regular_cab_pickup,22,17,549,30610
infiniti,g37,2008,premium_unleaded_(required),330.0,6.0,automatic,rear_wheel_drive,2.0,"luxury,performance",midsize,coupe,24,18,190,35650
volkswagen,gti,2012,premium_unleaded_(recommended),200.0,4.0,automated_manual,front_wheel_drive,4.0,"hatchback,performance",compact,4dr_hatchback,33,24,873,31695
dodge,dakota,2009,regular_unleaded,210.0,6.0,automatic,rear_wheel_drive,4.0,flex_fuel,compact,extended_cab_pickup,20,15,1851,27315
suzuki,grand_vitara,2011,regular_unleaded,166.0,4.0,automatic,four_wheel_drive,4.0,crossover,compact,4dr_suv,23,19,481,24949
volkswagen,phaeton,2006,premium_unleaded_(required),444.0,12.0,automatic,all_wheel_drive,4.0,"luxury,performance",large,sedan,17,11,873,96600
chevrolet,colorado,2015,regular_unleaded,305.0,6.0,automatic,rear_wheel_drive,4.0,,compact,crew_cab_pickup,26,18,1385,28630
gmc,canyon,2016,regular_unleaded,200.0,4.0,automatic,rear_wheel_drive,4.0,,compact,crew_cab_pickup,27,20,549,25865
lexus,nx_200t,2016,premium_unleaded_(required),235.0,4.0,automatic,all_wheel_drive,4.0,"crossover,luxury",midsize,4dr_suv,27,22,454,38465
aston_martin,db9,2015,premium_unleaded_(required),510.0,12.0,automatic,rear_wheel_drive,2.0,"exotic,high-performance",midsize,coupe,19,13,259,198295
volvo,xc70,2015,regular_unleaded,240.0,4.0,automatic,front_wheel_drive,4.0,"crossover,luxury",midsize,wagon,31,24,870,36050
audi,q3,2017,premium_unleaded_(recommended),200.0,4.0,automatic,front_wheel_drive,4.0,"crossover,luxury",compact,4dr_suv,28,20,3105,31800
nissan,350z,2008,regular_unleaded,306.0,6.0,manual,rear_wheel_drive,2.0,high-performance,compact,convertible,24,17,2009,40980
toyota,celica,2004,regular_unleaded,140.0,4.0,automatic,front_wheel_drive,2.0,hatchback,compact,2dr_hatchback,33,25,2031,18370
suzuki,samurai,1993,regular_unleaded,66.0,4.0,manual,four_wheel_drive,2.0,,compact,convertible_suv,26,24,481,2000
mercedes-benz,s-class,2015,premium_unleaded_(required),523.0,12.0,automatic,rear_wheel_drive,4.0,"luxury,high-performance",large,sedan,21,12,617,166900
bmw,5_series,2016,premium_unleaded_(required),240.0,4.0,automatic,rear_wheel_drive,4.0,luxury,large,sedan,34,23,3916,50200
toyota,highlander,2015,regular_unleaded,270.0,6.0,automatic,all_wheel_drive,4.0,crossover,midsize,4dr_suv,24,18,2031,44140
toyota,tundra,2017,flex-fuel_(unleaded/e85),381.0,8.0,automatic,four_wheel_drive,4.0,flex_fuel,large,crew_cab_pickup,17,13,2031,46010
audi,80,1992,regular_unleaded,130.0,5.0,manual,all_wheel_drive,4.0,luxury,compact,sedan,22,16,3105,2000
mitsubishi,3000gt,1998,regular_unleaded,161.0,6.0,manual,front_wheel_drive,2.0,hatchback,compact,2dr_hatchback,22,17,436,3701
mazda,mpv,2005,regular_unleaded,200.0,6.0,automatic,front_wheel_drive,4.0,,compact,passenger_minivan,23,16,586,22115
honda,accord,2016,regular_unleaded,278.0,6.0,automatic,front_wheel_drive,2.0,performance,midsize,coupe,32,21,2202,34225
gmc,savana,2014,flex-fuel_(unleaded/e85),310.0,8.0,automatic,rear_wheel_drive,3.0,flex_fuel,midsize,passenger_van,17,13,549,30970
toyota,rav4,2016,regular_unleaded,176.0,4.0,automatic,all_wheel_drive,4.0,crossover,midsize,4dr_suv,29,22,2031,30665
bmw,x5,2016,premium_unleaded_(required),300.0,6.0,automatic,all_wheel_drive,4.0,"crossover,luxury",midsize,4dr_suv,24,18,3916,57000
volkswagen,beetle,2015,premium_unleaded_(recommended),210.0,4.0,automated_manual,front_wheel_drive,2.0,"hatchback,performance",compact,2dr_hatchback,30,24,873,29775
volkswagen,beetle,2016,premium_unleaded_(recommended),210.0,4.0,automated_manual,front_wheel_drive,2.0,"hatchback,performance",compact,2dr_hatchback,31,24,873,27095
nissan,370z,2017,premium_unleaded_(required),350.0,6.0,automatic,rear_wheel_drive,2.0,"factory_tuner,high-performance",compact,coupe,26,19,2009,46790
nissan,cube,2014,regular_unleaded,122.0,4.0,automatic,front_wheel_drive,4.0,,compact,wagon,31,27,2009,17900
dodge,monaco,1990,regular_unleaded,150.0,6.0,automatic,front_wheel_drive,4.0,,midsize,sedan,24,15,1851,2000
nissan,240sx,1998,regular_unleaded,155.0,4.0,manual,rear_wheel_drive,2.0,performance,compact,coupe,25,20,2009,4107
gmc,acadia,2015,regular_unleaded,288.0,6.0,automatic,all_wheel_drive,4.0,crossover,midsize,4dr_suv,23,16,549,49690
honda,civic,2015,regular_unleaded,110.0,4.0,automatic,front_wheel_drive,4.0,hybrid,compact,sedan,47,44,2202,27435
toyota,rav4_hybrid,2016,regular_unleaded,194.0,4.0,automatic,all_wheel_drive,4.0,"crossover,hybrid",midsize,4dr_suv,31,34,2031,28370
toyota,matrix,2011,regular_unleaded,158.0,4.0,automatic,all_wheel_drive,4.0,hatchback,compact,4dr_hatchback,26,20,2031,21715
gmc,jimmy,1999,regular_unleaded,190.0,6.0,automatic,rear_wheel_drive,4.0,,midsize,4dr_suv,19,14,549,2377
bentley,arnage,2008,premium_unleaded_(required),450.0,8.0,automatic,rear_wheel_drive,4.0,"exotic,luxury,performance",large,sedan,15,9,520,263990
volvo,s60,2015,regular_unleaded,302.0,4.0,automatic,front_wheel_drive,4.0,"luxury,high-performance",midsize,sedan,35,24,870,39250
suzuki,equator,2010,regular_unleaded,261.0,6.0,automatic,four_wheel_drive,4.0,,compact,crew_cab_pickup,19,15,481,30900
nissan,juke,2016,premium_unleaded_(recommended),188.0,4.0,automatic,front_wheel_drive,4.0,"crossover,hatchback",compact,4dr_hatchback,32,28,2009,25240
mitsubishi,montero_sport,2003,regular_unleaded,197.0,6.0,automatic,four_wheel_drive,4.0,,midsize,4dr_suv,17,14,436,29627
toyota,tacoma,2017,regular_unleaded,278.0,6.0,automatic,four_wheel_drive,4.0,,compact,extended_cab_pickup,23,18,2031,31875
ferrari,ff,2014,premium_unleaded_(required),651.0,12.0,automated_manual,all_wheel_drive,2.0,"exotic,high-performance",large,coupe,16,11,2774,295000
chevrolet,corvette_stingray,2014,premium_unleaded_(recommended),455.0,8.0,manual,rear_wheel_drive,2.0,high-performance,compact,coupe,29,17,1385,57000
lincoln,mkz,2016,regular_unleaded,231.0,4.0,automatic,front_wheel_drive,4.0,luxury,midsize,sedan,33,22,61,35190
saab,9-7x,2009,regular_unleaded,285.0,6.0,automatic,all_wheel_drive,4.0,luxury,midsize,4dr_suv,20,14,376,42615
honda,accord,2016,regular_unleaded,185.0,4.0,automatic,front_wheel_drive,2.0,,midsize,coupe,35,26,2202,30845
cadillac,cts,2015,flex-fuel_(unleaded/e85),321.0,6.0,automatic,all_wheel_drive,4.0,"flex_fuel,luxury,performance",large,sedan,26,18,1624,54970
volkswagen,golf,2015,diesel,150.0,4.0,manual,front_wheel_drive,4.0,"hatchback,diesel",compact,4dr_hatchback,45,30,873,28395
bmw,m5,2016,premium_unleaded_(required),560.0,8.0,automated_manual,rear_wheel_drive,4.0,"factory_tuner,luxury,high-performance",large,sedan,20,14,3916,94100
volkswagen,cabriolet,1992,regular_unleaded,94.0,4.0,manual,front_wheel_drive,2.0,,compact,convertible,29,22,873,2000
cadillac,cts,2016,regular_unleaded,335.0,6.0,automatic,all_wheel_drive,4.0,"luxury,performance",large,sedan,28,19,1624,55285
gmc,envoy_xl,2004,regular_unleaded,275.0,6.0,automatic,four_wheel_drive,4.0,,large,4dr_suv,18,13,549,33570
chevrolet,cobalt,2009,premium_unleaded_(recommended),260.0,4.0,manual,front_wheel_drive,4.0,"factory_tuner,performance",compact,sedan,30,22,1385,23425
volkswagen,cc,2016,premium_unleaded_(recommended),200.0,4.0,automated_manual,front_wheel_drive,4.0,performance,midsize,sedan,31,22,873,32670
honda,hr-v,2016,regular_unleaded,141.0,4.0,automatic,all_wheel_drive,4.0,crossover,compact,4dr_suv,32,27,2202,21315
acura,rsx,2006,premium_unleaded_(required),201.0,4.0,manual,front_wheel_drive,2.0,"hatchback,factory_tuner,luxury,performance",compact,2dr_hatchback,28,20,204,23845
toyota,tacoma,2017,regular_unleaded,278.0,6.0,automatic,four_wheel_drive,4.0,,compact,crew_cab_pickup,23,18,2031,42760
honda,ridgeline,2017,regular_unleaded,280.0,6.0,automatic,front_wheel_drive,4.0,,large,crew_cab_pickup,26,19,2202,33780
ford,explorer_sport,2001,regular_unleaded,203.0,6.0,manual,rear_wheel_drive,2.0,,midsize,2dr_suv,20,16,5657,21035
aston_martin,v12_vanquish,2005,premium_unleaded_(required),460.0,12.0,automated_manual,rear_wheel_drive,2.0,"exotic,high-performance",compact,coupe,16,10,259,234260
buick,lesabre,2005,regular_unleaded,205.0,6.0,automatic,front_wheel_drive,4.0,,large,sedan,27,18,155,26725
cadillac,sts,2011,regular_unleaded,302.0,6.0,automatic,rear_wheel_drive,4.0,"luxury,performance",large,sedan,27,18,1624,50820
gmc,canyon,2016,regular_unleaded,305.0,6.0,automatic,four_wheel_drive,4.0,diesel,compact,crew_cab_pickup,24,17,549,35020
saab,900,1997,regular_unleaded,185.0,4.0,manual,front_wheel_drive,2.0,"hatchback,luxury,performance",compact,2dr_hatchback,25,18,376,2000
nissan,370z,2017,premium_unleaded_(required),332.0,6.0,automatic,rear_wheel_drive,2.0,high-performance,compact,convertible,25,18,2009,41820
chevrolet,spark,2017,regular_unleaded,98.0,4.0,manual,front_wheel_drive,4.0,hatchback,compact,4dr_hatchback,38,29,1385,14825
ford,explorer_sport_trac,2009,regular_unleaded,292.0,8.0,automatic,four_wheel_drive,4.0,crossover,compact,crew_cab_pickup,19,14,5657,33670
nissan,370z,2016,premium_unleaded_(required),332.0,6.0,automatic,rear_wheel_drive,2.0,high-performance,compact,coupe,26,19,2009,34870
volvo,s80,2015,regular_unleaded,240.0,4.0,automatic,front_wheel_drive,4.0,luxury,midsize,sedan,38,26,870,41700
subaru,outback,2015,regular_unleaded,175.0,4.0,automatic,all_wheel_drive,4.0,crossover,midsize,4dr_suv,33,25,640,26995
audi,a5,2017,flex-fuel_(premium_unleaded_recommended/e85),220.0,4.0,automatic,all_wheel_drive,2.0,"flex_fuel,luxury",midsize,coupe,22,15,3105,42200
suzuki,sx4,2011,regular_unleaded,148.0,4.0,automatic,front_wheel_drive,4.0,,compact,sedan,30,23,481,17099
honda,accord,2015,regular_unleaded,185.0,4.0,automatic,front_wheel_drive,4.0,,midsize,sedan,36,27,2202,25830
nissan,frontier,2015,regular_unleaded,261.0,6.0,automatic,four_wheel_drive,4.0,,compact,extended_cab_pickup,21,15,2009,31750
toyota,tacoma,2016,regular_unleaded,278.0,6.0,automatic,four_wheel_drive,4.0,,compact,extended_cab_pickup,23,18,2031,33310
acura,ilx,2016,premium_unleaded_(recommended),201.0,4.0,automated_manual,front_wheel_drive,4.0,luxury,compact,sedan,36,25,204,27900
volkswagen,golf_gti,2016,premium_unleaded_(recommended),220.0,4.0,manual,front_wheel_drive,2.0,"hatchback,performance",compact,2dr_hatchback,34,25,873,29520
infiniti,m30,1990,regular_unleaded,162.0,6.0,automatic,rear_wheel_drive,2.0,luxury,midsize,coupe,23,17,190,2000
suzuki,kizashi,2011,regular_unleaded,180.0,4.0,automatic,all_wheel_drive,4.0,,midsize,sedan,30,23,481,22099
toyota,highlander_hybrid,2014,regular_unleaded,280.0,6.0,automatic,all_wheel_drive,4.0,"crossover,hybrid",midsize,4dr_suv,28,27,2031,47300
audi,a3,2016,premium_unleaded_(recommended),170.0,4.0,automated_manual,front_wheel_drive,4.0,luxury,compact,sedan,33,23,3105,30900
cadillac,ats,2016,regular_unleaded,202.0,4.0,automatic,rear_wheel_drive,4.0,luxury,midsize,sedan,32,22,1624,37340
nissan,300zx,1996,regular_unleaded,222.0,6.0,manual,rear_wheel_drive,2.0,performance,compact,convertible,22,17,2009,3624
toyota,fj_cruiser,2013,regular_unleaded,260.0,6.0,automatic,four_wheel_drive,4.0,,midsize,4dr_suv,20,17,2031,28620
nissan,titan,2014,regular_unleaded,317.0,8.0,automatic,four_wheel_drive,4.0,flex_fuel,large,crew_cab_pickup,17,12,2009,37320
lexus,gs_430,2005,premium_unleaded_(required),300.0,8.0,automatic,rear_wheel_drive,4.0,"luxury,performance",midsize,sedan,22,16,454,47975
cadillac,xt5,2017,premium_unleaded_(required),310.0,6.0,automatic,front_wheel_drive,4.0,"crossover,luxury",midsize,4dr_suv,27,19,1624,38995
nissan,nx,1992,regular_unleaded,110.0,4.0,manual,front_wheel_drive,2.0,hatchback,compact,2dr_hatchback,35,24,2009,2000
ford,bronco,1996,regular_unleaded,199.0,8.0,automatic,four_wheel_drive,2.0,,midsize,2dr_suv,16,11,5657,3248
volkswagen,fox,1991,regular_unleaded,81.0,4.0,manual,front_wheel_drive,4.0,,compact,sedan,30,22,873,2000
mitsubishi,raider,2009,regular_unleaded,210.0,6.0,automatic,rear_wheel_drive,4.0,,compact,crew_cab_pickup,20,15,436,26295
gmc,envoy,2008,regular_unleaded,285.0,6.0,automatic,four_wheel_drive,4.0,,midsize,4dr_suv,20,14,549,30115
oldsmobile,eighty-eight_royale,1995,regular_unleaded,225.0,6.0,automatic,front_wheel_drive,4.0,,large,sedan,26,17,26,2000
land_rover,freelander,2004,regular_unleaded,174.0,6.0,automatic,all_wheel_drive,4.0,"crossover,luxury",compact,4dr_suv,19,16,258,28330
honda,pilot,2016,regular_unleaded,280.0,6.0,automatic,front_wheel_drive,4.0,crossover,midsize,4dr_suv,27,20,2202,41170
kia,sorento,2016,regular_unleaded,240.0,4.0,automatic,front_wheel_drive,4.0,crossover,midsize,4dr_suv,27,20,1720,31100
mazda,mx-5_miata,2016,premium_unleaded_(recommended),155.0,4.0,automatic,rear_wheel_drive,2.0,performance,compact,convertible,36,27,586,26395
acura,tlx,2016,premium_unleaded_(recommended),206.0,4.0,automated_manual,front_wheel_drive,4.0,luxury,midsize,sedan,35,24,204,35750
ford,expedition,2017,regular_unleaded,365.0,6.0,automatic,rear_wheel_drive,4.0,,large,4dr_suv,21,15,5657,46225
suzuki,xl7,2008,regular_unleaded,252.0,6.0,automatic,front_wheel_drive,4.0,crossover,midsize,4dr_suv,22,16,481,23549
audi,q3,2017,premium_unleaded_(recommended),200.0,4.0,automatic,front_wheel_drive,4.0,"crossover,luxury",compact,4dr_suv,28,20,3105,39200
volkswagen,beetle_convertible,2016,premium_unleaded_(recommended),210.0,4.0,manual,front_wheel_drive,2.0,performance,compact,convertible,31,23,873,29790
honda,accord,2017,regular_unleaded,278.0,6.0,automatic,front_wheel_drive,2.0,performance,midsize,coupe,32,21,2202,31175
cadillac,ats_coupe,2015,premium_unleaded_(recommended),272.0,4.0,automatic,all_wheel_drive,2.0,"luxury,performance",compact,coupe,29,20,1624,44520
saab,9-3,2011,premium_unleaded_(recommended),210.0,4.0,automatic,front_wheel_drive,4.0,luxury,midsize,sedan,28,19,376,35340
mercedes-benz,r-class,2010,premium_unleaded_(required),268.0,6.0,automatic,all_wheel_drive,4.0,"crossover,luxury",large,wagon,19,14,617,49300
dodge,ram_pickup_1500,2009,flex-fuel_(unleaded/e85),310.0,8.0,automatic,four_wheel_drive,4.0,flex_fuel,large,crew_cab_pickup,18,13,1851,29985
dodge,journey,2017,flex-fuel_(unleaded/e85),283.0,6.0,automatic,front_wheel_drive,4.0,"crossover,flex_fuel",midsize,4dr_suv,25,17,1851,31795
gmc,sierra_1500,2015,flex-fuel_(unleaded/e85),285.0,6.0,automatic,rear_wheel_drive,4.0,flex_fuel,large,extended_cab_pickup,24,18,549,36200
pontiac,g6,2009,regular_unleaded,252.0,6.0,automatic,front_wheel_drive,4.0,performance,midsize,sedan,26,17,210,29060
kia,spectra,2007,regular_unleaded,138.0,4.0,manual,front_wheel_drive,4.0,,compact,sedan,30,23,1720,14895
volkswagen,golf_gti,2016,premium_unleaded_(recommended),220.0,4.0,manual,front_wheel_drive,4.0,"hatchback,performance",compact,4dr_hatchback,34,25,873,30120
volkswagen,golf_alltrack,2017,regular_unleaded,170.0,4.0,automated_manual,all_wheel_drive,4.0,crossover,compact,wagon,30,22,873,26950
mitsubishi,eclipse,2012,premium_unleaded_(recommended),265.0,6.0,automatic,front_wheel_drive,2.0,"hatchback,performance",compact,2dr_hatchback,25,17,436,29089
acura,rl,2011,premium_unleaded_(required),300.0,6.0,automatic,all_wheel_drive,4.0,"luxury,performance",midsize,sedan,24,17,204,55150
nissan,titan,2015,regular_unleaded,317.0,8.0,automatic,four_wheel_drive,4.0,flex_fuel,large,extended_cab_pickup,17,12,2009,32490
volkswagen,new_beetle,2010,regular_unleaded,150.0,5.0,automatic,front_wheel_drive,2.0,,compact,convertible,28,20,873,26390
gmc,envoy_xl,2006,regular_unleaded,291.0,6.0,automatic,rear_wheel_drive,4.0,,large,4dr_suv,19,14,549,30910
volkswagen,cc,2017,premium_unleaded_(recommended),200.0,4.0,automated_manual,front_wheel_drive,4.0,performance,midsize,sedan,31,22,873,37820
ford,windstar,2002,regular_unleaded,200.0,6.0,automatic,front_wheel_drive,4.0,,midsize,passenger_minivan,21,16,5657,26375
hummer,h3,2010,flex-fuel_(unleaded/e85),300.0,8.0,automatic,four_wheel_drive,4.0,"flex_fuel,luxury",midsize,4dr_suv,16,13,130,41705
ford,fusion,2017,regular_unleaded,175.0,4.0,automatic,front_wheel_drive,4.0,,midsize,sedan,32,21,5657,23610
chevrolet,sonic,2015,regular_unleaded,138.0,4.0,manual,front_wheel_drive,4.0,hatchback,compact,4dr_hatchback,35,26,1385,14845
porsche,boxster,2016,premium_unleaded_(required),330.0,6.0,manual,rear_wheel_drive,2.0,"luxury,high-performance",compact,convertible,26,19,1715,74600
subaru,impreza_wrx,2013,premium_unleaded_(required),265.0,4.0,manual,all_wheel_drive,4.0,"hatchback,performance",compact,4dr_hatchback,25,19,640,28295
lexus,rc_300,2016,premium_unleaded_(required),255.0,6.0,automatic,all_wheel_drive,2.0,luxury,midsize,coupe,26,19,454,42610
audi,a3,2016,premium_unleaded_(recommended),220.0,4.0,automated_manual,all_wheel_drive,2.0,luxury,compact,convertible,32,23,3105,39600
subaru,wrx,2016,premium_unleaded_(required),305.0,4.0,manual,all_wheel_drive,4.0,"factory_tuner,high-performance",compact,sedan,23,17,640,38995
volkswagen,jetta,2016,regular_unleaded,170.0,4.0,automatic,front_wheel_drive,4.0,,midsize,sedan,36,25,873,25380
honda,civic,2017,regular_unleaded,174.0,4.0,manual,front_wheel_drive,4.0,performance,midsize,sedan,42,31,2202,21500
volvo,740,1990,regular_unleaded,153.0,4.0,manual,rear_wheel_drive,4.0,luxury,midsize,sedan,23,18,870,2000
subaru,xv_crosstrek,2014,regular_unleaded,148.0,4.0,automatic,all_wheel_drive,4.0,crossover,compact,4dr_suv,33,25,640,24495
bentley,arnage,2008,premium_unleaded_(required),450.0,8.0,automatic,rear_wheel_drive,4.0,"exotic,luxury,performance",large,sedan,15,10,520,221990
mazda,3,2016,regular_unleaded,155.0,4.0,manual,front_wheel_drive,4.0,,compact,sedan,41,29,586,20045
dodge,intrepid,2002,regular_unleaded,234.0,6.0,automatic,front_wheel_drive,4.0,,large,sedan,24,16,1851,22970
suzuki,x-90,1998,regular_unleaded,95.0,4.0,manual,four_wheel_drive,2.0,,compact,2dr_suv,26,22,481,2000
dodge,ram_pickup_1500,2009,flex-fuel_(unleaded/e85),310.0,8.0,automatic,four_wheel_drive,4.0,flex_fuel,large,crew_cab_pickup,18,13,1851,35100
bmw,7_series,2016,premium_unleaded_(required),445.0,8.0,automatic,rear_wheel_drive,4.0,"luxury,high-performance",large,sedan,25,17,3916,94400
toyota,corolla,2016,regular_unleaded,140.0,4.0,automatic,front_wheel_drive,4.0,,compact,sedan,40,30,2031,19835
lexus,ls_430,2004,premium_unleaded_(required),290.0,8.0,automatic,rear_wheel_drive,4.0,"luxury,performance",large,sedan,23,16,454,55375
audi,100,1994,regular_unleaded,172.0,6.0,automatic,front_wheel_drive,4.0,luxury,midsize,wagon,21,16,3105,2000
chevrolet,sonic,2015,regular_unleaded,138.0,4.0,manual,front_wheel_drive,4.0,,compact,sedan,34,27,1385,19945
infiniti,q50,2017,premium_unleaded_(required),300.0,6.0,automatic,rear_wheel_drive,4.0,"luxury,performance",midsize,sedan,29,20,190,40650
buick,roadmaster,1995,regular_unleaded,260.0,8.0,automatic,rear_wheel_drive,4.0,,large,sedan,23,15,155,2000
audi,q5,2016,premium_unleaded_(required),272.0,6.0,automatic,all_wheel_drive,4.0,"crossover,luxury",midsize,4dr_suv,26,18,3105,46000
chevrolet,silverado_1500,2015,flex-fuel_(unleaded/e85),285.0,6.0,automatic,four_wheel_drive,2.0,flex_fuel,large,regular_cab_pickup,22,17,1385,32395
audi,allroad,2015,premium_unleaded_(recommended),220.0,4.0,automatic,all_wheel_drive,4.0,luxury,midsize,wagon,28,21,3105,49800
mercedes-benz,gla-class,2017,premium_unleaded_(required),208.0,4.0,automatic,all_wheel_drive,4.0,"crossover,luxury",compact,4dr_suv,31,23,617,34850
chevrolet,corvette,2016,premium_unleaded_(recommended),460.0,8.0,manual,rear_wheel_drive,2.0,high-performance,compact,convertible,29,17,1385,68855
audi,s7,2016,premium_unleaded_(required),450.0,8.0,automated_manual,all_wheel_drive,4.0,"factory_tuner,luxury,high-performance",large,sedan,27,17,3105,82900
cadillac,cts,2016,regular_unleaded,335.0,6.0,automatic,rear_wheel_drive,4.0,"luxury,high-performance",large,sedan,30,20,1624,58285
lexus,ls_460,2016,premium_unleaded_(required),386.0,8.0,automatic,rear_wheel_drive,4.0,"luxury,performance",large,sedan,24,16,454,78820
chevrolet,camaro,2015,premium_unleaded_(recommended),426.0,8.0,manual,rear_wheel_drive,2.0,high-performance,midsize,coupe,24,16,1385,37305
toyota,tundra,2015,regular_unleaded,381.0,8.0,automatic,rear_wheel_drive,4.0,,large,crew_cab_pickup,18,13,2031,39500
toyota,matrix,2013,regular_unleaded,158.0,4.0,automatic,all_wheel_drive,4.0,hatchback,compact,4dr_hatchback,26,20,2031,22415
cadillac,cts-v_wagon,2014,premium_unleaded_(required),556.0,8.0,manual,rear_wheel_drive,4.0,"factory_tuner,luxury,high-performance",midsize,wagon,19,14,1624,63600
chevrolet,corvette,2016,premium_unleaded_(recommended),460.0,8.0,manual,rear_wheel_drive,2.0,high-performance,compact,coupe,29,17,1385,70145
toyota,86,2017,premium_unleaded_(recommended),200.0,4.0,automatic,rear_wheel_drive,2.0,performance,compact,coupe,32,24,2031,26975
chevrolet,silverado_1500_classic,2007,flex-fuel_(unleaded/e85),295.0,8.0,automatic,rear_wheel_drive,4.0,flex_fuel,large,extended_cab_pickup,19,14,1385,30465
ford,transit_wagon,2016,flex-fuel_(unleaded/e85),275.0,6.0,automatic,rear_wheel_drive,3.0,flex_fuel,midsize,passenger_van,19,14,5657,33325
gmc,sierra_1500,2017,flex-fuel_(unleaded/e85),285.0,6.0,automatic,four_wheel_drive,2.0,flex_fuel,large,regular_cab_pickup,22,17,549,32445
mitsubishi,outlander,2016,regular_unleaded,166.0,4.0,automatic,front_wheel_drive,4.0,crossover,midsize,4dr_suv,31,25,436,24995
suzuki,reno,2006,regular_unleaded,126.0,4.0,manual,front_wheel_drive,4.0,hatchback,compact,4dr_hatchback,28,20,481,15399
mazda,millenia,2000,regular_unleaded,210.0,6.0,automatic,front_wheel_drive,4.0,performance,midsize,sedan,25,17,586,2381
nissan,titan,2017,regular_unleaded,390.0,8.0,automatic,four_wheel_drive,4.0,,large,crew_cab_pickup,21,15,2009,49460
gmc,yukon,2015,flex-fuel_(unleaded/e85),355.0,8.0,automatic,rear_wheel_drive,4.0,flex_fuel,large,4dr_suv,23,16,549,47740
chevrolet,cobalt,2010,regular_unleaded,155.0,4.0,manual,front_wheel_drive,4.0,,compact,sedan,37,25,1385,15670
volkswagen,beetle_convertible,2014,regular_unleaded,170.0,4.0,automatic,front_wheel_drive,2.0,,compact,convertible,32,24,873,25170
nissan,nv200,2015,regular_unleaded,131.0,4.0,automatic,front_wheel_drive,4.0,,compact,cargo_minivan,26,24,2009,21710
ford,bronco_ii,1990,regular_unleaded,140.0,6.0,manual,rear_wheel_drive,2.0,,compact,2dr_suv,20,16,5657,2000
pontiac,g6,2008,regular_unleaded,164.0,4.0,automatic,front_wheel_drive,4.0,,midsize,sedan,30,22,210,20290
toyota,t100,1997,regular_unleaded,190.0,6.0,manual,rear_wheel_drive,2.0,,large,extended_cab_pickup,19,15,2031,2806
chevrolet,camaro,2017,premium_unleaded_(recommended),455.0,8.0,manual,rear_wheel_drive,2.0,high-performance,midsize,convertible,25,16,1385,42905
gmc,canyon,2015,regular_unleaded,200.0,4.0,automatic,rear_wheel_drive,4.0,,compact,extended_cab_pickup,27,20,549,29730
volvo,740,1990,regular_unleaded,114.0,4.0,manual,rear_wheel_drive,4.0,luxury,midsize,wagon,26,19,870,2000
genesis,g80,2017,regular_unleaded,311.0,6.0,automatic,all_wheel_drive,4.0,"luxury,performance",large,sedan,25,16,21,43900
mazda,cx-3,2016,regular_unleaded,146.0,4.0,automatic,front_wheel_drive,4.0,crossover,compact,4dr_suv,35,29,586,19960
chevrolet,venture,2004,regular_unleaded,185.0,6.0,automatic,front_wheel_drive,4.0,,midsize,cargo_minivan,24,17,1385,22600
volkswagen,new_beetle,2009,regular_unleaded,150.0,5.0,automatic,front_wheel_drive,2.0,hatchback,compact,2dr_hatchback,29,20,873,19390
volkswagen,beetle,2015,diesel,150.0,4.0,manual,front_wheel_drive,2.0,"hatchback,diesel",compact,2dr_hatchback,41,31,873,27710
lexus,rx_350,2015,regular_unleaded,270.0,6.0,automatic,all_wheel_drive,4.0,"crossover,luxury",midsize,4dr_suv,26,18,454,50220
chevrolet,silverado_1500,2017,flex-fuel_(unleaded/e85),285.0,6.0,automatic,four_wheel_drive,4.0,flex_fuel,large,crew_cab_pickup,22,17,1385,40985
hyundai,sonata_hybrid,2015,regular_unleaded,199.0,4.0,automatic,front_wheel_drive,4.0,hybrid,midsize,sedan,40,36,1439,29500
honda,accord,2017,regular_unleaded,185.0,4.0,automatic,front_wheel_drive,4.0,,midsize,sedan,36,27,2202,30820
toyota,4runner,2014,regular_unleaded,270.0,6.0,automatic,rear_wheel_drive,4.0,,midsize,4dr_suv,23,17,2031,35740
mazda,cx-5,2016,regular_unleaded,184.0,4.0,automatic,front_wheel_drive,4.0,crossover,midsize,4dr_suv,33,26,586,23195
kia,rio,2016,regular_unleaded,138.0,4.0,automatic,front_wheel_drive,4.0,hatchback,compact,4dr_hatchback,37,27,1720,17905
nissan,armada,2015,regular_unleaded,317.0,8.0,automatic,four_wheel_drive,4.0,,large,4dr_suv,18,12,2009,43810
mclaren,570s,2016,premium_unleaded_(required),562.0,8.0,automated_manual,rear_wheel_drive,2.0,"exotic,high-performance",compact,coupe,23,16,416,184900
honda,insight,2012,regular_unleaded,98.0,4.0,automatic,front_wheel_drive,4.0,"hatchback,hybrid",compact,4dr_hatchback,44,41,2202,20275
toyota,camry_solara,2006,regular_unleaded,157.0,4.0,automatic,front_wheel_drive,2.0,,midsize,coupe,30,20,2031,20360
pontiac,solstice,2007,regular_unleaded,177.0,4.0,manual,rear_wheel_drive,2.0,performance,compact,convertible,26,17,210,21515
kia,optima_hybrid,2015,regular_unleaded,199.0,4.0,automatic,front_wheel_drive,4.0,hybrid,midsize,sedan,39,35,1720,32150
ford,ranger,2009,regular_unleaded,207.0,6.0,manual,rear_wheel_drive,4.0,,compact,extended_cab_pickup,21,15,5657,21050
kia,sportage,2015,regular_unleaded,182.0,4.0,automatic,all_wheel_drive,4.0,crossover,compact,4dr_suv,26,19,1720,23400
porsche,968,1995,regular_unleaded,236.0,4.0,manual,rear_wheel_drive,2.0,"luxury,performance",compact,coupe,24,15,1715,4723
chrysler,pacifica,2007,regular_unleaded,255.0,6.0,automatic,all_wheel_drive,4.0,crossover,large,wagon,22,14,1013,27550
volkswagen,beetle,2016,regular_unleaded,170.0,4.0,automatic,front_wheel_drive,2.0,hatchback,compact,2dr_hatchback,34,25,873,25975
volkswagen,cabrio,2002,regular_unleaded,115.0,4.0,manual,front_wheel_drive,2.0,,compact,convertible,28,21,873,19600
subaru,brz,2017,premium_unleaded_(required),205.0,4.0,manual,rear_wheel_drive,2.0,performance,compact,coupe,29,21,640,27645
volkswagen,beetle_convertible,2015,diesel,150.0,4.0,automated_manual,front_wheel_drive,2.0,diesel,compact,convertible,40,30,873,30775
nissan,370z,2015,premium_unleaded_(required),332.0,6.0,automatic,rear_wheel_drive,2.0,high-performance,compact,coupe,26,19,2009,39270
volvo,740,1992,regular_unleaded,114.0,4.0,automatic,rear_wheel_drive,4.0,luxury,midsize,wagon,26,18,870,2000
cadillac,ats,2017,premium_unleaded_(recommended),272.0,4.0,automatic,rear_wheel_drive,4.0,"luxury,performance",midsize,sedan,31,22,1624,38395
subaru,impreza,2017,regular_unleaded,152.0,4.0,automatic,all_wheel_drive,4.0,,midsize,sedan,36,27,640,22795
chevrolet,cavalier,2004,regular_unleaded,140.0,4.0,manual,front_wheel_drive,4.0,,compact,sedan,33,23,1385,17610
nissan,sentra,2016,regular_unleaded,130.0,4.0,manual,front_wheel_drive,4.0,,midsize,sedan,36,27,2009,16780
honda,accord,2015,regular_unleaded,278.0,6.0,manual,front_wheel_drive,2.0,performance,midsize,coupe,28,18,2202,32550
volkswagen,tiguan,2017,premium_unleaded_(recommended),200.0,4.0,automatic,all_wheel_drive,4.0,crossover,compact,4dr_suv,24,20,873,34580
nissan,xterra,2014,regular_unleaded,261.0,6.0,automatic,rear_wheel_drive,4.0,,midsize,4dr_suv,22,16,2009,23390
cadillac,ats_coupe,2015,premium_unleaded_(recommended),272.0,4.0,automatic,rear_wheel_drive,2.0,"luxury,performance",compact,coupe,31,21,1624,44935
bentley,arnage,2009,premium_unleaded_(required),500.0,8.0,automatic,rear_wheel_drive,4.0,"exotic,factory_tuner,luxury,high-performance",large,sedan,14,10,520,246990
suzuki,kizashi,2011,regular_unleaded,180.0,4.0,automatic,all_wheel_drive,4.0,,midsize,sedan,29,22,481,23399
toyota,tundra,2016,flex-fuel_(unleaded/e85),381.0,8.0,automatic,four_wheel_drive,4.0,flex_fuel,large,extended_cab_pickup,17,13,2031,41720
gmc,acadia,2017,regular_unleaded,310.0,6.0,automatic,front_wheel_drive,4.0,crossover,midsize,4dr_suv,25,18,549,44920
mercedes-benz,s-class,2017,premium_unleaded_(required),449.0,8.0,automatic,all_wheel_drive,4.0,"luxury,high-performance",large,sedan,25,16,617,99600
cadillac,srx,2014,regular_unleaded,308.0,6.0,automatic,front_wheel_drive,4.0,"crossover,luxury",midsize,4dr_suv,24,17,1624,42880
volkswagen,rabbit,2007,regular_unleaded,150.0,5.0,automatic,front_wheel_drive,4.0,hatchback,compact,4dr_hatchback,28,19,873,18185
subaru,loyale,1994,regular_unleaded,90.0,4.0,manual,four_wheel_drive,4.0,,compact,wagon,26,21,640,2000
nissan,murano,2016,regular_unleaded,250.0,4.0,automatic,front_wheel_drive,4.0,"crossover,hybrid",midsize,4dr_suv,31,28,2009,40130
toyota,tundra,2015,regular_unleaded,310.0,8.0,automatic,four_wheel_drive,4.0,,large,crew_cab_pickup,18,14,2031,35530
kia,cadenza,2015,regular_unleaded,293.0,6.0,automatic,front_wheel_drive,4.0,performance,midsize,sedan,28,19,1720,34900
chevrolet,silverado_1500,2017,flex-fuel_(unleaded/e85),285.0,6.0,automatic,rear_wheel_drive,2.0,flex_fuel,large,regular_cab_pickup,24,18,1385,33985
mercedes-benz,m-class,2014,premium_unleaded_(required),518.0,8.0,automatic,all_wheel_drive,4.0,"crossover,factory_tuner,luxury,high-performance",midsize,4dr_suv,17,13,617,97250
chevrolet,silverado_1500,2017,regular_unleaded,355.0,8.0,automatic,four_wheel_drive,4.0,,large,crew_cab_pickup,20,15,1385,47475
chevrolet,s-10_blazer,1993,regular_unleaded,165.0,6.0,manual,rear_wheel_drive,4.0,,midsize,4dr_suv,22,16,1385,2000
nissan,pathfinder,2015,regular_unleaded,260.0,6.0,automatic,four_wheel_drive,4.0,crossover,large,4dr_suv,26,19,2009,31200
nissan,quest,2015,regular_unleaded,260.0,6.0,automatic,front_wheel_drive,4.0,,compact,passenger_minivan,27,20,2009,43180
volvo,v60,2016,regular_unleaded,302.0,4.0,automatic,all_wheel_drive,4.0,"luxury,performance",midsize,wagon,31,22,870,49450
chrysler,crossfire,2006,premium_unleaded_(required),330.0,6.0,automatic,rear_wheel_drive,2.0,"factory_tuner,high-performance",compact,coupe,22,15,1013,45170
infiniti,ex35,2008,premium_unleaded_(recommended),297.0,6.0,automatic,rear_wheel_drive,4.0,"crossover,luxury",midsize,4dr_suv,24,17,190,35450
honda,element,2009,regular_unleaded,166.0,4.0,automatic,front_wheel_drive,4.0,crossover,compact,4dr_suv,25,20,2202,24070
dodge,daytona,1992,regular_unleaded,141.0,6.0,manual,front_wheel_drive,2.0,hatchback,compact,2dr_hatchback,26,17,1851,2000
nissan,rogue,2015,regular_unleaded,170.0,4.0,automatic,all_wheel_drive,4.0,crossover,midsize,4dr_suv,32,25,2009,24140
lincoln,mkz,2017,premium_unleaded_(recommended),245.0,4.0,automatic,front_wheel_drive,4.0,luxury,midsize,sedan,31,21,61,39510
chrysler,300,2017,regular_unleaded,292.0,6.0,automatic,all_wheel_drive,4.0,,large,sedan,27,18,1013,34840
fiat,500,2017,premium_unleaded_(recommended),101.0,4.0,automatic,front_wheel_drive,2.0,hatchback,compact,2dr_hatchback,33,27,819,19390
porsche,911,2016,premium_unleaded_(required),475.0,6.0,automated_manual,rear_wheel_drive,2.0,"factory_tuner,luxury,high-performance",compact,coupe,20,15,1715,130400
mazda,cx-5,2016,regular_unleaded,184.0,4.0,automatic,all_wheel_drive,4.0,crossover,midsize,4dr_suv,30,24,586,26465
mazda,cx-9,2014,regular_unleaded,273.0,6.0,automatic,front_wheel_drive,4.0,crossover,large,4dr_suv,24,17,586,29985
dodge,ram_50_pickup,1992,regular_unleaded,115.0,4.0,manual,rear_wheel_drive,2.0,,compact,regular_cab_pickup,22,17,1851,2000
volkswagen,beetle,2015,diesel,150.0,4.0,manual,front_wheel_drive,2.0,"hatchback,diesel",compact,2dr_hatchback,41,31,873,28525
volkswagen,new_beetle,2009,regular_unleaded,150.0,5.0,manual,front_wheel_drive,2.0,hatchback,compact,2dr_hatchback,28,20,873,18290
mercedes-benz,300-class,1993,regular_unleaded,177.0,6.0,automatic,all_wheel_drive,4.0,luxury,midsize,sedan,19,15,617,2433
chevrolet,equinox,2016,regular_unleaded,182.0,4.0,automatic,all_wheel_drive,4.0,crossover,compact,4dr_suv,29,20,1385,28200
lexus,rc_350,2017,premium_unleaded_(required),306.0,6.0,automatic,all_wheel_drive,2.0,"luxury,performance",midsize,coupe,26,19,454,45175
chevrolet,silverado_1500,2015,flex-fuel_(unleaded/e85),285.0,6.0,automatic,four_wheel_drive,4.0,flex_fuel,large,crew_cab_pickup,22,17,1385,42010
mazda,b-series_pickup,1998,regular_unleaded,150.0,6.0,manual,rear_wheel_drive,2.0,,compact,extended_cab_pickup,21,15,586,2756
chevrolet,c/k_1500_series,1997,regular_unleaded,200.0,6.0,manual,four_wheel_drive,2.0,,large,regular_cab_pickup,18,14,1385,2992
audi,q5,2015,premium_unleaded_(required),245.0,4.0,automatic,all_wheel_drive,4.0,"crossover,luxury,hybrid",midsize,4dr_suv,30,24,3105,51900
hyundai,xg350,2004,regular_unleaded,194.0,6.0,automatic,front_wheel_drive,4.0,,midsize,sedan,24,15,1439,25599
chevrolet,c/k_1500_series,1997,regular_unleaded,230.0,8.0,manual,rear_wheel_drive,2.0,,large,extended_cab_pickup,19,14,1385,2891
kia,optima,2015,regular_unleaded,192.0,4.0,automatic,front_wheel_drive,4.0,,midsize,sedan,34,23,1720,21840
subaru,forester,2015,premium_unleaded_(required),250.0,4.0,automatic,all_wheel_drive,4.0,crossover,midsize,4dr_suv,28,23,640,28495
mercedes-benz,s-class,2015,premium_unleaded_(required),449.0,8.0,automatic,all_wheel_drive,2.0,"luxury,high-performance",large,coupe,24,16,617,119900
nissan,pathfinder,2016,regular_unleaded,260.0,6.0,automatic,four_wheel_drive,4.0,crossover,large,4dr_suv,26,19,2009,43300
oldsmobile,cutlass_calais,1991,regular_unleaded,110.0,4.0,manual,front_wheel_drive,4.0,,compact,sedan,31,19,26,2000
ford,taurus,2016,flex-fuel_(unleaded/e85),288.0,6.0,automatic,front_wheel_drive,4.0,"flex_fuel,performance",large,sedan,27,18,5657,29540
pontiac,montana,2003,regular_unleaded,185.0,6.0,automatic,front_wheel_drive,4.0,,compact,passenger_minivan,24,17,210,24165
mercedes-benz,glk-class,2013,premium_unleaded_(required),302.0,6.0,automatic,rear_wheel_drive,4.0,"crossover,luxury,performance",midsize,4dr_suv,25,19,617,37090
ford,f-150,2017,regular_unleaded,325.0,6.0,automatic,rear_wheel_drive,4.0,flex_fuel,large,crew_cab_pickup,26,19,5657,38250
chrysler,300,2016,regular_unleaded,292.0,6.0,automatic,all_wheel_drive,4.0,,large,sedan,27,18,1013,34760
dodge,ram_150,1991,regular_unleaded,170.0,8.0,manual,rear_wheel_drive,2.0,,large,extended_cab_pickup,14,11,1851,2000
chrysler,sebring,2010,regular_unleaded,173.0,4.0,automatic,front_wheel_drive,2.0,,midsize,convertible,29,20,1013,27850
suzuki,kizashi,2012,regular_unleaded,180.0,4.0,automatic,all_wheel_drive,4.0,,midsize,sedan,29,22,481,25749
nissan,cube,2013,regular_unleaded,122.0,4.0,manual,front_wheel_drive,4.0,,compact,wagon,30,25,2009,16760
volvo,xc60,2015,regular_unleaded,240.0,4.0,automatic,front_wheel_drive,4.0,"crossover,luxury",midsize,4dr_suv,31,24,870,35750
nissan,370z,2015,premium_unleaded_(required),332.0,6.0,automatic,rear_wheel_drive,2.0,high-performance,compact,coupe,26,19,2009,34870
chevrolet,trailblazer,2008,regular_unleaded,285.0,6.0,automatic,rear_wheel_drive,4.0,,midsize,4dr_suv,20,14,1385,29780
mitsubishi,diamante,2004,premium_unleaded_(required),205.0,6.0,automatic,front_wheel_drive,4.0,,midsize,sedan,23,15,436,24999
toyota,tacoma,2017,regular_unleaded,278.0,6.0,automatic,four_wheel_drive,4.0,,compact,crew_cab_pickup,23,18,2031,33265
infiniti,q50,2015,premium_unleaded_(recommended),328.0,6.0,automatic,rear_wheel_drive,4.0,"luxury,performance",midsize,sedan,29,20,190,40000
nissan,titan,2014,regular_unleaded,317.0,8.0,automatic,four_wheel_drive,4.0,flex_fuel,large,extended_cab_pickup,17,12,2009,32210
chevrolet,s-10_blazer,1993,regular_unleaded,165.0,6.0,manual,four_wheel_drive,4.0,,midsize,4dr_suv,20,15,1385,2000
cadillac,xts,2015,regular_unleaded,304.0,6.0,automatic,front_wheel_drive,4.0,"luxury,performance",large,sedan,28,18,1624,49000
mitsubishi,mirage_g4,2017,regular_unleaded,78.0,3.0,automatic,front_wheel_drive,4.0,,compact,sedan,42,35,436,15195
saab,9-3,2011,premium_unleaded_(recommended),210.0,4.0,manual,front_wheel_drive,2.0,luxury,compact,convertible,29,20,376,39990
kia,sportage,2015,regular_unleaded,260.0,4.0,automatic,all_wheel_drive,4.0,crossover,compact,4dr_suv,24,19,1720,29600
dodge,dakota,2008,regular_unleaded,210.0,6.0,automatic,rear_wheel_drive,4.0,,compact,crew_cab_pickup,20,15,1851,24010
saab,9-3,2009,premium_unleaded_(recommended),280.0,6.0,automatic,all_wheel_drive,4.0,"luxury,performance",compact,wagon,24,15,376,44885
acura,tlx,2015,premium_unleaded_(recommended),290.0,6.0,automatic,all_wheel_drive,4.0,luxury,midsize,sedan,31,21,204,41575
volvo,v70,2010,premium_unleaded_(recommended),235.0,6.0,automatic,front_wheel_drive,4.0,luxury,midsize,wagon,27,18,870,38000
dodge,ram_pickup_1500,2010,regular_unleaded,390.0,8.0,automatic,four_wheel_drive,4.0,,large,crew_cab_pickup,18,13,1851,40495
lincoln,mark_lt,2006,regular_unleaded,300.0,8.0,automatic,rear_wheel_drive,4.0,luxury,large,crew_cab_pickup,18,13,61,38680
ford,mustang,2015,premium_unleaded_(recommended),310.0,4.0,manual,rear_wheel_drive,2.0,high-performance,midsize,convertible,31,22,5657,34800
gmc,sonoma,2002,regular_unleaded,190.0,6.0,automatic,rear_wheel_drive,2.0,flex_fuel,compact,regular_cab_pickup,20,15,549,16538
ford,explorer_sport_trac,2010,regular_unleaded,210.0,6.0,automatic,rear_wheel_drive,4.0,crossover,compact,crew_cab_pickup,20,14,5657,28210
cadillac,cts,2015,premium_unleaded_(required),420.0,6.0,automatic,rear_wheel_drive,4.0,"factory_tuner,luxury,high-performance",large,sedan,24,16,1624,69340
infiniti,q45,2004,regular_unleaded,340.0,8.0,automatic,rear_wheel_drive,4.0,"luxury,performance",large,sedan,22,16,190,61600
cadillac,dts,2010,premium_unleaded_(recommended),275.0,8.0,automatic,front_wheel_drive,4.0,luxury,large,sedan,23,15,1624,54425
ford,explorer_sport,2002,regular_unleaded,203.0,6.0,automatic,four_wheel_drive,2.0,,midsize,2dr_suv,18,13,5657,27780
audi,q3,2016,premium_unleaded_(recommended),200.0,4.0,automatic,front_wheel_drive,4.0,"crossover,luxury",compact,4dr_suv,29,20,3105,38600
mazda,mx-5_miata,2014,premium_unleaded_(recommended),158.0,4.0,automatic,rear_wheel_drive,2.0,performance,compact,convertible,28,21,586,29265
ford,bronco,1996,regular_unleaded,199.0,8.0,manual,four_wheel_drive,2.0,,midsize,2dr_suv,16,13,5657,2996
chevrolet,trax,2016,regular_unleaded,138.0,4.0,automatic,all_wheel_drive,4.0,crossover,compact,4dr_suv,31,24,1385,21800
mazda,truck,2002,regular_unleaded,207.0,6.0,manual,four_wheel_drive,4.0,,compact,extended_cab_pickup,18,14,586,22630
saab,9-3_griffin,2012,flex-fuel_(premium_unleaded_recommended/e85),220.0,4.0,automatic,front_wheel_drive,4.0,"flex_fuel,luxury",compact,wagon,28,18,376,31180
mazda,truck,2003,regular_unleaded,135.0,4.0,manual,rear_wheel_drive,2.0,,compact,regular_cab_pickup,26,21,586,13930
volkswagen,golf_gti,2016,premium_unleaded_(recommended),220.0,4.0,manual,front_wheel_drive,2.0,"hatchback,performance",compact,2dr_hatchback,34,25,873,26490
audi,r8,2015,premium_unleaded_(required),430.0,8.0,automated_manual,all_wheel_drive,2.0,"luxury,high-performance",compact,convertible,23,14,3105,138400
chevrolet,c/k_1500_series,1997,regular_unleaded,200.0,6.0,manual,four_wheel_drive,2.0,,large,regular_cab_pickup,18,14,1385,2653
pontiac,firebird,2000,regular_unleaded,200.0,6.0,manual,rear_wheel_drive,2.0,performance,midsize,convertible,28,17,210,5844
volkswagen,cabrio,2002,regular_unleaded,115.0,4.0,manual,front_wheel_drive,2.0,,compact,convertible,28,21,873,20600
suzuki,esteem,2001,regular_unleaded,122.0,4.0,automatic,front_wheel_drive,4.0,,compact,sedan,30,23,481,15899
ford,f-150,2016,flex-fuel_(unleaded/e85),282.0,6.0,automatic,rear_wheel_drive,2.0,flex_fuel,large,regular_cab_pickup,25,18,5657,26540
chevrolet,s-10,2002,regular_unleaded,190.0,6.0,automatic,four_wheel_drive,3.0,,compact,extended_cab_pickup,18,14,1385,24063
saab,9-3,2009,premium_unleaded_(recommended),210.0,4.0,manual,front_wheel_drive,2.0,luxury,compact,convertible,27,19,376,42130
bmw,z8,2003,premium_unleaded_(required),394.0,8.0,manual,rear_wheel_drive,2.0,"exotic,luxury,high-performance",compact,convertible,19,12,3916,131500
ford,ranger,2009,regular_unleaded,207.0,6.0,manual,four_wheel_drive,4.0,,compact,extended_cab_pickup,19,15,5657,23575
nissan,versa,2016,regular_unleaded,109.0,4.0,manual,front_wheel_drive,4.0,,compact,sedan,36,27,2009,11990
aston_martin,dbs,2010,premium_unleaded_(required),510.0,12.0,automatic,rear_wheel_drive,2.0,"exotic,high-performance",midsize,convertible,18,12,259,283900
bentley,continental_gt,2016,premium_unleaded_(required),521.0,8.0,automatic,all_wheel_drive,2.0,"exotic,factory_tuner,luxury,high-performance",midsize,convertible,24,14,520,231800
suzuki,esteem,2001,regular_unleaded,122.0,4.0,manual,front_wheel_drive,4.0,,compact,sedan,32,24,481,13999
chevrolet,lumina_minivan,1996,regular_unleaded,180.0,6.0,automatic,front_wheel_drive,3.0,,compact,cargo_minivan,24,17,1385,2000
mercedes-benz,300-class,1991,regular_unleaded,177.0,6.0,automatic,all_wheel_drive,4.0,luxury,midsize,sedan,20,15,617,2105
ford,explorer_sport_trac,2010,regular_unleaded,210.0,6.0,automatic,all_wheel_drive,4.0,crossover,compact,crew_cab_pickup,19,13,5657,35590
volkswagen,routan,2010,regular_unleaded,251.0,6.0,automatic,front_wheel_drive,4.0,,midsize,passenger_minivan,25,17,873,38600
dodge,viper,2017,premium_unleaded_(required),645.0,10.0,manual,rear_wheel_drive,2.0,"exotic,high-performance",compact,coupe,19,12,1851,95895
chevrolet,silverado_1500_hybrid,2013,regular_unleaded,332.0,8.0,automatic,rear_wheel_drive,4.0,hybrid,large,crew_cab_pickup,23,20,1385,47915
dodge,dakota,2008,regular_unleaded,302.0,8.0,automatic,rear_wheel_drive,4.0,,compact,crew_cab_pickup,19,14,1851,28520
dodge,ram_150,1991,regular_unleaded,170.0,8.0,manual,four_wheel_drive,2.0,,large,extended_cab_pickup,13,10,1851,2000
dodge,challenger,2015,premium_unleaded_(recommended),485.0,8.0,manual,rear_wheel_drive,2.0,"factory_tuner,high-performance",large,coupe,23,14,1851,42595
gmc,sonoma,2002,flex-fuel_(unleaded/e85),120.0,4.0,automatic,rear_wheel_drive,3.0,flex_fuel,compact,extended_cab_pickup,23,17,549,17093
volvo,s40,2009,premium_unleaded_(recommended),227.0,5.0,automatic,front_wheel_drive,4.0,"luxury,performance",compact,sedan,28,19,870,32350
volkswagen,jetta_sportwagen,2012,regular_unleaded,170.0,5.0,automatic,front_wheel_drive,4.0,,compact,wagon,31,24,873,25960
cadillac,ats_coupe,2015,premium_unleaded_(recommended),272.0,4.0,automatic,all_wheel_drive,2.0,"luxury,performance",compact,coupe,29,20,1624,46935
ford,e-series_wagon,2013,flex-fuel_(unleaded/e85),225.0,8.0,automatic,rear_wheel_drive,3.0,flex_fuel,midsize,passenger_van,16,13,5657,31900
mercedes-benz,cl-class,2014,premium_unleaded_(required),510.0,12.0,automatic,rear_wheel_drive,2.0,"luxury,high-performance",large,coupe,18,12,617,162000
cadillac,cts,2016,regular_unleaded,335.0,6.0,automatic,rear_wheel_drive,4.0,"luxury,high-performance",large,sedan,30,20,1624,53285
rolls-royce,wraith,2016,premium_unleaded_(required),624.0,12.0,automatic,rear_wheel_drive,2.0,"exotic,luxury,high-performance",large,coupe,21,13,86,304350
cadillac,ats_coupe,2016,regular_unleaded,335.0,6.0,automatic,rear_wheel_drive,2.0,"luxury,high-performance",compact,coupe,30,20,1624,48675
chrysler,le_baron,1993,regular_unleaded,141.0,6.0,manual,front_wheel_drive,2.0,,compact,convertible,24,17,1013,2000
plymouth,colt,1992,regular_unleaded,92.0,4.0,manual,front_wheel_drive,2.0,hatchback,compact,2dr_hatchback,32,25,535,2000
ford,transit_connect,2015,regular_unleaded,169.0,4.0,automatic,front_wheel_drive,4.0,,compact,passenger_minivan,28,20,5657,29185
bmw,1_series,2013,premium_unleaded_(required),300.0,6.0,manual,rear_wheel_drive,2.0,"luxury,high-performance",compact,coupe,28,20,3916,39600
ferrari,f430,2007,premium_unleaded_(required),483.0,8.0,automated_manual,rear_wheel_drive,2.0,"exotic,high-performance",compact,convertible,16,11,2774,211525
ford,ranger,2009,regular_unleaded,207.0,6.0,manual,rear_wheel_drive,4.0,,compact,extended_cab_pickup,21,15,5657,21675
chevrolet,tahoe,2016,flex-fuel_(unleaded/e85),355.0,8.0,automatic,rear_wheel_drive,4.0,flex_fuel,large,4dr_suv,23,16,1385,47000
audi,q5,2016,premium_unleaded_(required),220.0,4.0,automatic,all_wheel_drive,4.0,"crossover,luxury",midsize,4dr_suv,28,20,3105,42750
plymouth,voyager,1998,regular_unleaded,150.0,4.0,automatic,front_wheel_drive,3.0,,midsize,passenger_minivan,24,18,535,2000
toyota,pickup,1994,regular_unleaded,150.0,6.0,manual,four_wheel_drive,2.0,,compact,extended_cab_pickup,17,14,2031,2699
lexus,is_350,2015,premium_unleaded_(required),306.0,6.0,automatic,all_wheel_drive,4.0,"luxury,performance",midsize,sedan,26,19,454,42300
mercedes-benz,600-class,1993,regular_unleaded,389.0,12.0,automatic,rear_wheel_drive,4.0,luxury,large,sedan,15,11,617,3108
mitsubishi,montero_sport,2003,regular_unleaded,165.0,6.0,automatic,four_wheel_drive,4.0,,midsize,4dr_suv,19,15,436,27777
dodge,nitro,2009,regular_unleaded,210.0,6.0,automatic,four_wheel_drive,4.0,crossover,midsize,4dr_suv,21,15,1851,26220
ford,transit_connect,2015,regular_unleaded,169.0,4.0,automatic,front_wheel_drive,4.0,,compact,cargo_minivan,29,21,5657,23330
dodge,ram_250,1992,regular_unleaded,180.0,6.0,manual,rear_wheel_drive,2.0,,large,regular_cab_pickup,17,13,1851,2000
toyota,prius_v,2015,regular_unleaded,134.0,4.0,automatic,front_wheel_drive,4.0,hybrid,midsize,wagon,40,44,2031,28060
mazda,mpv,2006,regular_unleaded,200.0,6.0,automatic,front_wheel_drive,4.0,,compact,passenger_minivan,23,16,586,22950
dodge,stealth,1994,regular_unleaded,164.0,6.0,manual,front_wheel_drive,2.0,,compact,coupe,22,17,1851,2000
suzuki,equator,2010,regular_unleaded,152.0,4.0,manual,rear_wheel_drive,4.0,,compact,extended_cab_pickup,23,19,481,17520
audi,a4,2017,premium_unleaded_(recommended),252.0,4.0,automated_manual,all_wheel_drive,4.0,"luxury,performance",midsize,sedan,31,24,3105,39400
dodge,dakota,2010,flex-fuel_(unleaded/e85),302.0,8.0,automatic,four_wheel_drive,4.0,flex_fuel,compact,crew_cab_pickup,19,14,1851,31365
ford,freestar,2007,regular_unleaded,201.0,6.0,automatic,front_wheel_drive,4.0,,midsize,passenger_minivan,21,15,5657,26665
chevrolet,corvette,2016,premium_unleaded_(recommended),455.0,8.0,manual,rear_wheel_drive,2.0,high-performance,compact,coupe,29,17,1385,65145
ford,bronco,1995,regular_unleaded,205.0,8.0,manual,four_wheel_drive,2.0,,midsize,2dr_suv,16,12,5657,2474
ford,f-150,2017,flex-fuel_(unleaded/e85),282.0,6.0,automatic,rear_wheel_drive,4.0,flex_fuel,large,crew_cab_pickup,25,18,5657,37140
mitsubishi,outlander_sport,2016,regular_unleaded,168.0,4.0,automatic,four_wheel_drive,4.0,crossover,compact,4dr_suv,27,22,436,23895
dodge,ram_150,1993,regular_unleaded,180.0,6.0,manual,four_wheel_drive,2.0,,large,regular_cab_pickup,16,11,1851,2000
ford,explorer_sport_trac,2008,regular_unleaded,292.0,8.0,automatic,four_wheel_drive,4.0,,compact,crew_cab_pickup,19,13,5657,29235
volvo,xc60,2016,regular_unleaded,302.0,4.0,automatic,all_wheel_drive,4.0,"crossover,luxury,performance",midsize,4dr_suv,28,20,870,51300
ford,fiesta,2016,regular_unleaded,120.0,4.0,manual,front_wheel_drive,4.0,,compact,sedan,35,27,5657,15810
lexus,rc_350,2015,premium_unleaded_(required),306.0,6.0,automatic,all_wheel_drive,2.0,"luxury,performance",midsize,coupe,26,19,454,45025
gmc,s-15_jimmy,1990,regular_unleaded,160.0,6.0,manual,rear_wheel_drive,2.0,,compact,2dr_suv,22,15,549,2000
cadillac,cts_coupe,2013,regular_unleaded,318.0,6.0,automatic,rear_wheel_drive,2.0,"luxury,performance",midsize,coupe,27,18,1624,48150
mercedes-benz,s-class,2016,premium_unleaded_(required),577.0,8.0,automatic,all_wheel_drive,2.0,"factory_tuner,luxury,high-performance",large,coupe,23,15,617,163150
acura,rdx,2017,premium_unleaded_(recommended),279.0,6.0,automatic,all_wheel_drive,4.0,"crossover,luxury",midsize,4dr_suv,27,19,204,38370
cadillac,ct6,2016,premium_unleaded_(required),404.0,6.0,automatic,all_wheel_drive,4.0,"luxury,high-performance",large,sedan,26,18,1624,67570
plymouth,laser,1993,regular_unleaded,195.0,4.0,manual,front_wheel_drive,2.0,"hatchback,performance",compact,2dr_hatchback,26,19,535,2000
acura,rdx,2016,premium_unleaded_(recommended),279.0,6.0,automatic,front_wheel_drive,4.0,"crossover,luxury",midsize,4dr_suv,29,20,204,36670
ford,f-150,2016,flex-fuel_(unleaded/e85),385.0,8.0,automatic,four_wheel_drive,4.0,flex_fuel,large,crew_cab_pickup,21,15,5657,53775
chevrolet,c/k_1500_series,1998,regular_unleaded,200.0,6.0,manual,four_wheel_drive,2.0,,large,regular_cab_pickup,19,14,1385,3350
chrysler,voyager,2001,flex-fuel_(unleaded/e85),180.0,6.0,automatic,front_wheel_drive,4.0,,midsize,passenger_minivan,22,16,1013,23525
kia,forte,2017,regular_unleaded,164.0,4.0,automatic,front_wheel_drive,4.0,hatchback,compact,4dr_hatchback,34,25,1720,21990
lexus,rx_300,2002,regular_unleaded,220.0,6.0,automatic,front_wheel_drive,4.0,"crossover,luxury",midsize,4dr_suv,21,17,454,33955
toyota,tundra,2015,regular_unleaded,381.0,8.0,automatic,four_wheel_drive,4.0,,large,crew_cab_pickup,17,13,2031,47975
saab,9-5,2009,premium_unleaded_(recommended),260.0,4.0,automatic,front_wheel_drive,4.0,"luxury,performance",midsize,wagon,27,17,376,39650
toyota,tundra,2015,flex-fuel_(unleaded/e85),381.0,8.0,automatic,four_wheel_drive,4.0,flex_fuel,large,extended_cab_pickup,17,13,2031,33060
nissan,maxima,2016,premium_unleaded_(recommended),300.0,6.0,automatic,front_wheel_drive,4.0,high-performance,midsize,sedan,30,22,2009,32510
volkswagen,beetle,2015,diesel,150.0,4.0,automated_manual,front_wheel_drive,2.0,"hatchback,diesel",compact,2dr_hatchback,41,31,873,28810
toyota,yaris,2017,regular_unleaded,106.0,4.0,automatic,front_wheel_drive,4.0,hatchback,compact,4dr_hatchback,35,30,2031,16375
chevrolet,cobalt,2008,regular_unleaded,173.0,4.0,manual,front_wheel_drive,2.0,,compact,coupe,32,22,1385,19695
honda,civic,2017,regular_unleaded,174.0,4.0,automatic,front_wheel_drive,4.0,performance,midsize,sedan,42,32,2202,24800
buick,lesabre,2003,regular_unleaded,205.0,6.0,automatic,front_wheel_drive,4.0,,large,sedan,27,17,155,31420
chrysler,200,2016,flex-fuel_(unleaded/e85),295.0,6.0,automatic,all_wheel_drive,4.0,"flex_fuel,performance",midsize,sedan,29,18,1013,31785
suzuki,reno,2008,regular_unleaded,127.0,4.0,manual,front_wheel_drive,4.0,hatchback,compact,4dr_hatchback,28,20,481,14339
chevrolet,equinox,2017,regular_unleaded,182.0,4.0,automatic,front_wheel_drive,4.0,crossover,compact,4dr_suv,32,22,1385,25510
kia,spectra,2008,regular_unleaded,138.0,4.0,manual,front_wheel_drive,4.0,,compact,sedan,30,23,1720,12895
kia,forte,2016,regular_unleaded,201.0,4.0,automatic,front_wheel_drive,2.0,performance,compact,coupe,30,22,1720,21690
mazda,6,2015,regular_unleaded,184.0,4.0,automatic,front_wheel_drive,4.0,,midsize,sedan,40,28,586,29895
chevrolet,silverado_1500_classic,2007,flex-fuel_(unleaded/e85),295.0,8.0,automatic,rear_wheel_drive,4.0,flex_fuel,large,crew_cab_pickup,19,14,1385,30570
volkswagen,touareg,2016,premium_unleaded_(recommended),280.0,6.0,automatic,all_wheel_drive,4.0,crossover,midsize,4dr_suv,23,17,873,42705
toyota,corolla,2016,regular_unleaded,132.0,4.0,automatic,front_wheel_drive,4.0,,compact,sedan,38,29,2031,22195
nissan,murano,2016,regular_unleaded,260.0,6.0,automatic,all_wheel_drive,4.0,crossover,midsize,4dr_suv,28,21,2009,40780
volkswagen,golf_gti,2015,premium_unleaded_(recommended),220.0,4.0,automated_manual,front_wheel_drive,2.0,"hatchback,performance",compact,2dr_hatchback,33,25,873,27380
chevrolet,impala,2017,flex-fuel_(unleaded/natural_gas),,6.0,automatic,front_wheel_drive,4.0,"flex_fuel,performance",large,sedan,25,17,1385,37675
infiniti,fx45,2006,premium_unleaded_(required),320.0,8.0,automatic,all_wheel_drive,4.0,"crossover,luxury",midsize,4dr_suv,17,13,190,49750
ford,f-150,2016,flex-fuel_(unleaded/e85),282.0,6.0,automatic,four_wheel_drive,2.0,flex_fuel,large,regular_cab_pickup,23,17,5657,31185
buick,regal,2017,flex-fuel_(unleaded/e85),182.0,4.0,automatic,front_wheel_drive,4.0,flex_fuel,midsize,sedan,30,19,155,27065
lincoln,mkc,2015,regular_unleaded,240.0,4.0,automatic,all_wheel_drive,4.0,"crossover,luxury",compact,4dr_suv,26,19,61,35595
mitsubishi,eclipse,2012,regular_unleaded,162.0,4.0,manual,front_wheel_drive,2.0,hatchback,compact,2dr_hatchback,28,20,436,19499
bmw,x6,2017,premium_unleaded_(required),300.0,6.0,automatic,all_wheel_drive,4.0,"crossover,luxury",midsize,4dr_suv,24,18,3916,63700
aston_martin,v12_vantage,2012,premium_unleaded_(required),510.0,12.0,manual,rear_wheel_drive,2.0,"exotic,high-performance",compact,coupe,17,11,259,180535
audi,a6,2015,diesel,240.0,6.0,automatic,all_wheel_drive,4.0,"diesel,luxury",midsize,sedan,38,24,3105,62500
ford,ranger,2011,regular_unleaded,143.0,4.0,manual,rear_wheel_drive,2.0,,compact,regular_cab_pickup,27,22,5657,18160
gmc,canyon,2012,regular_unleaded,185.0,4.0,automatic,four_wheel_drive,4.0,,compact,extended_cab_pickup,23,17,549,24435
chevrolet,spark_ev,2014,electric,140.0,0.0,direct_drive,front_wheel_drive,4.0,hatchback,compact,4dr_hatchback,109,128,1385,27010
suzuki,verona,2004,,155.0,6.0,automatic,front_wheel_drive,4.0,,midsize,sedan,25,17,481,20199
plymouth,sundance,1992,regular_unleaded,100.0,4.0,manual,front_wheel_drive,4.0,hatchback,compact,4dr_hatchback,29,20,535,2000
kia,soul_ev,2016,electric,,0.0,direct_drive,front_wheel_drive,4.0,,compact,wagon,92,120,1720,35950
gmc,sonoma,2003,regular_unleaded,190.0,6.0,manual,four_wheel_drive,3.0,,compact,extended_cab_pickup,17,12,549,20320
dodge,ram_150,1991,regular_unleaded,125.0,6.0,unknown,rear_wheel_drive,2.0,,large,regular_cab_pickup,17,12,1851,2000
honda,pilot,2016,regular_unleaded,280.0,6.0,automatic,front_wheel_drive,4.0,crossover,midsize,4dr_suv,27,19,2202,33580
honda,accord_hybrid,2014,regular_unleaded,195.0,4.0,automatic,front_wheel_drive,4.0,hybrid,midsize,sedan,45,50,2202,31905
mitsubishi,lancer,2015,premium_unleaded_(required),237.0,4.0,automated_manual,all_wheel_drive,4.0,performance,compact,sedan,25,18,436,29495
mercedes-benz,s-class,2016,premium_unleaded_(required),449.0,8.0,automatic,all_wheel_drive,4.0,"luxury,high-performance",large,sedan,26,16,617,98650
lexus,ct_200h,2016,regular_unleaded,134.0,4.0,automatic,front_wheel_drive,4.0,"hatchback,luxury,hybrid",compact,4dr_hatchback,40,43,454,31250
suzuki,equator,2012,regular_unleaded,261.0,6.0,automatic,four_wheel_drive,4.0,,compact,crew_cab_pickup,19,15,481,28699
gmc,safari,2005,regular_unleaded,190.0,6.0,automatic,all_wheel_drive,3.0,,large,passenger_minivan,16,12,549,26430
mazda,tribute,2009,regular_unleaded,171.0,4.0,manual,front_wheel_drive,4.0,crossover,compact,4dr_suv,28,22,586,19730
mercedes-benz,c-class,2016,premium_unleaded_(required),241.0,4.0,automatic,all_wheel_drive,4.0,luxury,midsize,sedan,31,24,617,40950
toyota,supra,1998,regular_unleaded,225.0,6.0,manual,rear_wheel_drive,2.0,performance,compact,coupe,22,17,2031,20596
nissan,rogue_select,2015,regular_unleaded,170.0,4.0,automatic,front_wheel_drive,4.0,crossover,midsize,4dr_suv,28,23,2009,20150
gmc,sierra_1500,2017,flex-fuel_(unleaded/e85),285.0,6.0,automatic,four_wheel_drive,2.0,flex_fuel,large,regular_cab_pickup,22,17,549,39160
subaru,b9_tribeca,2006,premium_unleaded_(required),250.0,6.0,automatic,all_wheel_drive,4.0,crossover,midsize,4dr_suv,21,16,640,35895
dodge,magnum,2008,regular_unleaded,340.0,8.0,automatic,rear_wheel_drive,4.0,performance,large,wagon,23,15,1851,31780
honda,accord_hybrid,2015,regular_unleaded,196.0,4.0,automatic,front_wheel_drive,4.0,hybrid,midsize,sedan,45,50,2202,35055
lincoln,mark_lt,2008,regular_unleaded,300.0,8.0,automatic,rear_wheel_drive,4.0,luxury,large,crew_cab_pickup,16,12,61,38615
volvo,940,1994,regular_unleaded,114.0,4.0,automatic,rear_wheel_drive,4.0,luxury,midsize,wagon,24,17,870,2000
toyota,corolla,2015,regular_unleaded,132.0,4.0,automatic,front_wheel_drive,4.0,,compact,sedan,38,29,2031,18965
honda,crosstour,2015,regular_unleaded,278.0,6.0,automatic,front_wheel_drive,4.0,"crossover,hatchback",midsize,4dr_hatchback,30,20,2202,33840
hyundai,scoupe,1994,regular_unleaded,115.0,4.0,manual,front_wheel_drive,2.0,,compact,coupe,29,23,1439,2000
buick,encore,2016,regular_unleaded,138.0,4.0,automatic,all_wheel_drive,4.0,crossover,compact,4dr_suv,30,23,155,25565
dodge,monaco,1991,regular_unleaded,150.0,6.0,automatic,front_wheel_drive,4.0,,midsize,sedan,24,16,1851,2000
chrysler,pacifica,2017,regular_unleaded,287.0,6.0,automatic,front_wheel_drive,4.0,,midsize,passenger_minivan,28,18,1013,34495
audi,s4,2015,premium_unleaded_(required),333.0,6.0,manual,all_wheel_drive,4.0,"factory_tuner,luxury,high-performance",midsize,sedan,26,17,3105,48400
dodge,stratus,2006,regular_unleaded,200.0,6.0,automatic,front_wheel_drive,4.0,performance,midsize,sedan,25,19,1851,23755
dodge,charger,2016,regular_unleaded,292.0,6.0,automatic,all_wheel_drive,4.0,,large,sedan,31,19,1851,30245
aston_martin,dbs,2012,premium_unleaded_(required),510.0,12.0,automatic,rear_wheel_drive,2.0,"exotic,high-performance",midsize,convertible,18,12,259,296387
hyundai,veracruz,2010,regular_unleaded,260.0,6.0,automatic,front_wheel_drive,4.0,crossover,midsize,4dr_suv,23,17,1439,34195
gmc,sierra_1500_classic,2007,flex-fuel_(unleaded/e85),295.0,8.0,automatic,rear_wheel_drive,4.0,flex_fuel,large,crew_cab_pickup,19,14,549,29015
gmc,sierra_1500_classic,2007,regular_unleaded,285.0,8.0,automatic,four_wheel_drive,4.0,,large,crew_cab_pickup,18,14,549,28845
buick,lacrosse,2015,flex-fuel_(unleaded/e85),304.0,6.0,automatic,all_wheel_drive,4.0,"flex_fuel,performance",large,sedan,26,17,155,40500
hyundai,accent,2015,regular_unleaded,137.0,4.0,manual,front_wheel_drive,4.0,,compact,sedan,38,27,1439,14745
mercedes-benz,e-class,2016,premium_unleaded_(required),577.0,8.0,automatic,all_wheel_drive,4.0,"factory_tuner,luxury,high-performance",midsize,sedan,22,15,617,101700
oldsmobile,cutlass_supreme,1995,regular_unleaded,160.0,6.0,automatic,front_wheel_drive,2.0,,midsize,convertible,26,17,26,2000
cadillac,escalade,2015,flex-fuel_(unleaded/e85),420.0,8.0,automatic,four_wheel_drive,4.0,"flex_fuel,luxury,performance",large,4dr_suv,21,14,1624,82795
lincoln,mkx,2017,regular_unleaded,303.0,6.0,automatic,all_wheel_drive,4.0,"crossover,luxury",midsize,4dr_suv,23,16,61,44045
chevrolet,traverse,2017,regular_unleaded,281.0,6.0,automatic,front_wheel_drive,4.0,crossover,midsize,4dr_suv,22,15,1385,28700
toyota,tacoma,2015,regular_unleaded,159.0,4.0,automatic,rear_wheel_drive,4.0,,compact,crew_cab_pickup,24,19,2031,23625
gmc,jimmy,2000,regular_unleaded,190.0,6.0,automatic,four_wheel_drive,4.0,,midsize,4dr_suv,18,14,549,2655
ford,freestar,2007,regular_unleaded,201.0,6.0,automatic,front_wheel_drive,4.0,,midsize,passenger_minivan,21,15,5657,23705
toyota,tacoma,2016,regular_unleaded,278.0,6.0,automatic,rear_wheel_drive,4.0,,compact,crew_cab_pickup,24,19,2031,28345
volkswagen,gti,2013,premium_unleaded_(recommended),200.0,4.0,manual,front_wheel_drive,2.0,"hatchback,performance",compact,2dr_hatchback,31,21,873,30395
dodge,grand_caravan,2016,flex-fuel_(unleaded/e85),283.0,6.0,automatic,front_wheel_drive,4.0,flex_fuel,midsize,passenger_minivan,25,17,1851,31495
honda,accord_crosstour,2011,regular_unleaded,271.0,6.0,automatic,all_wheel_drive,4.0,"crossover,hatchback",midsize,4dr_hatchback,26,18,2202,36540
volkswagen,beetle,2016,regular_unleaded,170.0,4.0,automatic,front_wheel_drive,2.0,hatchback,compact,2dr_hatchback,34,25,873,22450
ferrari,f430,2007,premium_unleaded_(required),483.0,8.0,automated_manual,rear_wheel_drive,2.0,"exotic,high-performance",compact,coupe,16,11,2774,184309
dodge,nitro,2010,regular_unleaded,210.0,6.0,automatic,four_wheel_drive,4.0,crossover,midsize,4dr_suv,21,15,1851,23250
lincoln,mark_vii,1991,regular_unleaded,225.0,8.0,automatic,rear_wheel_drive,2.0,luxury,large,coupe,22,15,61,2000
gmc,yukon_xl,2017,premium_unleaded_(recommended),420.0,8.0,automatic,four_wheel_drive,4.0,performance,large,4dr_suv,20,14,549,71665
volkswagen,jetta_gli,2014,premium_unleaded_(recommended),210.0,4.0,automated_manual,front_wheel_drive,4.0,performance,midsize,sedan,32,24,873,29955
cadillac,allante,1991,regular_unleaded,200.0,8.0,automatic,front_wheel_drive,2.0,"luxury,performance",compact,convertible,20,14,1624,2000
chrysler,300,2017,regular_unleaded,292.0,6.0,automatic,rear_wheel_drive,4.0,performance,large,sedan,30,19,1013,42770
acura,rsx,2004,regular_unleaded,160.0,4.0,manual,front_wheel_drive,2.0,"hatchback,luxury,performance",compact,2dr_hatchback,30,24,204,21100
dodge,durango,2017,regular_unleaded,295.0,6.0,automatic,all_wheel_drive,4.0,crossover,large,4dr_suv,25,18,1851,45090
pontiac,sunbird,1992,regular_unleaded,111.0,4.0,manual,front_wheel_drive,2.0,,compact,coupe,32,22,210,2000
buick,cascada,2017,premium_unleaded_(recommended),200.0,4.0,automatic,front_wheel_drive,2.0,,midsize,convertible,27,20,155,36065
dodge,ram_150,1993,regular_unleaded,180.0,6.0,manual,rear_wheel_drive,2.0,,large,regular_cab_pickup,17,14,1851,2000
buick,encore,2016,regular_unleaded,153.0,4.0,automatic,all_wheel_drive,4.0,crossover,compact,4dr_suv,32,26,155,28850
chevrolet,c/k_1500_series,1998,regular_unleaded,200.0,6.0,manual,rear_wheel_drive,2.0,,large,regular_cab_pickup,21,16,1385,2430
pontiac,firebird,2000,regular_unleaded,305.0,8.0,unknown,rear_wheel_drive,2.0,"hatchback,factory_tuner,performance",midsize,2dr_hatchback,23,15,210,8548
oldsmobile,cutlass_calais,1990,regular_unleaded,110.0,4.0,manual,front_wheel_drive,2.0,,compact,coupe,30,19,26,2000
acura,tlx,2017,premium_unleaded_(recommended),290.0,6.0,automatic,all_wheel_drive,4.0,luxury,midsize,sedan,31,21,204,41600
volkswagen,cabrio,2001,regular_unleaded,115.0,4.0,manual,front_wheel_drive,2.0,,compact,convertible,28,21,873,22300
mazda,3,2015,regular_unleaded,184.0,4.0,automatic,front_wheel_drive,4.0,performance,compact,sedan,39,28,586,26095
nissan,350z,2008,regular_unleaded,306.0,6.0,automatic,rear_wheel_drive,2.0,high-performance,compact,convertible,23,17,2009,39630
volkswagen,new_beetle,2008,regular_unleaded,150.0,5.0,manual,front_wheel_drive,2.0,,compact,convertible,28,20,873,23240
volvo,xc60,2017,regular_unleaded,302.0,4.0,automatic,all_wheel_drive,4.0,"crossover,luxury,performance",midsize,4dr_suv,29,20,870,51000
hyundai,entourage,2007,regular_unleaded,242.0,6.0,automatic,front_wheel_drive,4.0,,midsize,passenger_minivan,23,16,1439,26395
audi,q3,2016,premium_unleaded_(recommended),200.0,4.0,automatic,all_wheel_drive,4.0,"crossover,luxury",compact,4dr_suv,28,20,3105,40700
chevrolet,impala,2015,regular_unleaded,195.0,4.0,automatic,front_wheel_drive,4.0,,large,sedan,31,21,1385,27060
volkswagen,golf_gti,2016,premium_unleaded_(recommended),220.0,4.0,automated_manual,front_wheel_drive,2.0,"hatchback,performance",compact,2dr_hatchback,33,25,873,30620
gmc,sonoma,2002,flex-fuel_(unleaded/e85),120.0,4.0,automatic,rear_wheel_drive,2.0,flex_fuel,compact,regular_cab_pickup,23,17,549,15420
suzuki,vitara,2003,regular_unleaded,127.0,4.0,manual,rear_wheel_drive,2.0,,compact,convertible_suv,24,20,481,15599
ford,c-max_hybrid,2015,regular_unleaded,188.0,4.0,automatic,front_wheel_drive,4.0,hybrid,compact,wagon,37,42,5657,27170
nissan,juke,2016,premium_unleaded_(recommended),188.0,4.0,automatic,front_wheel_drive,4.0,"crossover,hatchback",compact,4dr_hatchback,32,28,2009,20250
volkswagen,new_beetle,2010,regular_unleaded,150.0,5.0,automatic,front_wheel_drive,2.0,hatchback,compact,2dr_hatchback,29,20,873,19790
pontiac,bonneville,2004,regular_unleaded,205.0,6.0,automatic,front_wheel_drive,4.0,,large,sedan,27,18,210,27185
hyundai,tucson,2016,regular_unleaded,164.0,4.0,automatic,front_wheel_drive,4.0,crossover,compact,4dr_suv,31,23,1439,22700
mitsubishi,montero_sport,2002,regular_unleaded,165.0,6.0,automatic,four_wheel_drive,4.0,,midsize,4dr_suv,19,15,436,25087
mazda,3,2015,regular_unleaded,155.0,4.0,manual,front_wheel_drive,4.0,hatchback,compact,4dr_hatchback,40,29,586,20095
mazda,3,2015,regular_unleaded,155.0,4.0,automatic,front_wheel_drive,4.0,,compact,sedan,41,30,586,19495
audi,a8,2017,premium_unleaded_(required),450.0,8.0,automatic,all_wheel_drive,4.0,"luxury,high-performance",large,sedan,29,18,3105,91500
ford,f-150,2017,regular_unleaded,450.0,6.0,automatic,four_wheel_drive,4.0,,large,crew_cab_pickup,18,15,5657,51310
honda,accord,2015,regular_unleaded,189.0,4.0,automatic,front_wheel_drive,4.0,,midsize,sedan,35,26,2202,24665
toyota,venza,2013,regular_unleaded,268.0,6.0,automatic,front_wheel_drive,4.0,"crossover,performance",midsize,wagon,26,19,2031,33330
honda,accord,2017,regular_unleaded,189.0,4.0,manual,front_wheel_drive,4.0,,midsize,sedan,32,23,2202,25415
chevrolet,corvette,2017,premium_unleaded_(recommended),460.0,8.0,manual,rear_wheel_drive,2.0,high-performance,compact,coupe,25,16,1385,64905
cadillac,ats_coupe,2015,premium_unleaded_(recommended),272.0,4.0,automatic,rear_wheel_drive,2.0,"luxury,performance",compact,coupe,31,21,1624,37995
chevrolet,uplander,2007,regular_unleaded,240.0,6.0,automatic,front_wheel_drive,4.0,flex_fuel,midsize,cargo_minivan,23,16,1385,22105
mazda,cx-3,2016,regular_unleaded,146.0,4.0,automatic,all_wheel_drive,4.0,crossover,compact,4dr_suv,32,27,586,21210
suzuki,sidekick,1997,regular_unleaded,95.0,4.0,manual,rear_wheel_drive,2.0,,compact,convertible_suv,24,21,481,2000
subaru,wrx,2015,premium_unleaded_(recommended),268.0,4.0,manual,all_wheel_drive,4.0,performance,compact,sedan,28,21,640,28495
suzuki,esteem,2001,regular_unleaded,122.0,4.0,automatic,front_wheel_drive,4.0,,compact,wagon,30,26,481,15499
scion,xd,2013,regular_unleaded,128.0,4.0,manual,front_wheel_drive,4.0,hatchback,compact,4dr_hatchback,33,27,105,18155
mercedes-benz,300-class,1993,regular_unleaded,228.0,6.0,manual,rear_wheel_drive,2.0,"luxury,performance",compact,convertible,21,14,617,4174
aston_martin,v12_vantage_s,2015,premium_unleaded_(required),565.0,12.0,automated_manual,rear_wheel_drive,2.0,"exotic,high-performance",compact,coupe,18,12,259,182395
toyota,tundra,2017,regular_unleaded,381.0,8.0,automatic,rear_wheel_drive,4.0,,large,crew_cab_pickup,18,13,2031,41145
audi,r8,2014,premium_unleaded_(required),525.0,10.0,manual,all_wheel_drive,2.0,"luxury,high-performance",compact,coupe,19,12,3105,151200
toyota,tundra,2015,regular_unleaded,381.0,8.0,automatic,four_wheel_drive,4.0,,large,extended_cab_pickup,17,13,2031,41385
nissan,rogue,2016,regular_unleaded,170.0,4.0,automatic,all_wheel_drive,4.0,crossover,midsize,4dr_suv,32,25,2009,30080
bentley,continental,2003,premium_unleaded_(required),420.0,8.0,automatic,rear_wheel_drive,2.0,"exotic,factory_tuner,luxury,performance",large,coupe,15,10,520,318990
kia,sedona,2015,regular_unleaded,276.0,6.0,automatic,front_wheel_drive,4.0,,midsize,passenger_minivan,24,18,1720,28300
nissan,rogue,2015,regular_unleaded,170.0,4.0,automatic,front_wheel_drive,4.0,crossover,midsize,4dr_suv,33,26,2009,22790
mercedes-benz,c-class,2016,premium_unleaded_(required),241.0,4.0,automatic,all_wheel_drive,4.0,luxury,midsize,sedan,31,24,617,41275
bentley,continental_supersports_convertible,2012,flex-fuel_(premium_unleaded_required/e85),621.0,12.0,automatic,all_wheel_drive,2.0,"exotic,flex_fuel,factory_tuner,luxury,high-performance",midsize,convertible,19,12,520,280400
pontiac,le_mans,1991,regular_unleaded,74.0,4.0,manual,front_wheel_drive,2.0,,compact,coupe,34,25,210,2000
lexus,sc_400,1999,regular_unleaded,290.0,8.0,automatic,rear_wheel_drive,2.0,"luxury,performance",midsize,coupe,23,16,454,4031
hyundai,elantra,2015,regular_unleaded,145.0,4.0,automatic,front_wheel_drive,4.0,,compact,sedan,37,27,1439,21700
honda,accord,2016,regular_unleaded,189.0,4.0,manual,front_wheel_drive,4.0,,midsize,sedan,34,23,2202,24265
saab,9-5,2011,premium_unleaded_(recommended),220.0,4.0,manual,front_wheel_drive,4.0,luxury,large,sedan,33,20,376,38525
chevrolet,metro,1999,regular_unleaded,79.0,4.0,manual,front_wheel_drive,2.0,hatchback,compact,2dr_hatchback,39,33,1385,2000
buick,verano,2016,regular_unleaded,180.0,4.0,automatic,front_wheel_drive,4.0,,midsize,sedan,32,21,155,21065
bmw,x5,2017,premium_unleaded_(required),300.0,6.0,automatic,all_wheel_drive,4.0,"crossover,luxury",midsize,4dr_suv,24,18,3916,57800
ford,f-150,2016,flex-fuel_(unleaded/e85),385.0,8.0,automatic,four_wheel_drive,4.0,flex_fuel,large,crew_cab_pickup,21,15,5657,46895
mazda,millenia,2001,regular_unleaded,170.0,6.0,automatic,front_wheel_drive,4.0,,midsize,sedan,24,17,586,28025
mitsubishi,montero_sport,2002,regular_unleaded,165.0,6.0,automatic,rear_wheel_drive,4.0,,midsize,4dr_suv,21,16,436,22777
infiniti,g37_sedan,2010,premium_unleaded_(recommended),328.0,6.0,manual,rear_wheel_drive,4.0,"luxury,high-performance",midsize,sedan,25,17,190,37000
lexus,nx_200t,2016,premium_unleaded_(required),235.0,4.0,automatic,front_wheel_drive,4.0,"crossover,luxury",midsize,4dr_suv,28,22,454,34965
mercedes-benz,slk-class,2016,premium_unleaded_(required),416.0,8.0,automatic,rear_wheel_drive,2.0,"factory_tuner,luxury,high-performance",compact,convertible,28,19,617,72600
chevrolet,hhr,2010,flex-fuel_(unleaded/e85),155.0,4.0,manual,front_wheel_drive,4.0,flex_fuel,compact,wagon,32,22,1385,20030
porsche,cayenne,2015,premium_unleaded_(required),420.0,6.0,automatic,all_wheel_drive,4.0,"crossover,luxury,performance",midsize,4dr_suv,24,17,1715,74100
volkswagen,beetle,2016,regular_unleaded,170.0,4.0,manual,front_wheel_drive,2.0,hatchback,compact,2dr_hatchback,34,24,873,21350
subaru,outback,2016,regular_unleaded,175.0,4.0,automatic,all_wheel_drive,4.0,crossover,midsize,4dr_suv,33,25,640,27395
bmw,x3,2016,diesel,180.0,4.0,automatic,all_wheel_drive,4.0,"crossover,luxury,diesel",midsize,4dr_suv,34,27,3916,42450
kia,forte,2016,regular_unleaded,201.0,4.0,manual,front_wheel_drive,2.0,performance,compact,coupe,29,22,1720,20690
nissan,titan,2014,regular_unleaded,317.0,8.0,automatic,four_wheel_drive,4.0,flex_fuel,large,extended_cab_pickup,17,12,2009,34640
bmw,i3,2016,electric,170.0,0.0,direct_drive,rear_wheel_drive,4.0,"hatchback,luxury",compact,4dr_hatchback,111,137,3916,42400
ford,transit_connect,2017,flex-fuel_(unleaded/e85),169.0,4.0,automatic,front_wheel_drive,4.0,,compact,cargo_minivan,27,20,5657,23900
volkswagen,new_beetle,2008,regular_unleaded,150.0,5.0,automatic,front_wheel_drive,2.0,,compact,convertible,28,20,873,24315
toyota,fj_cruiser,2014,regular_unleaded,260.0,6.0,manual,four_wheel_drive,4.0,,midsize,4dr_suv,18,15,2031,28860
gmc,sierra_1500,2015,flex-fuel_(unleaded/e85),285.0,6.0,automatic,four_wheel_drive,4.0,flex_fuel,large,crew_cab_pickup,22,17,549,42635
toyota,rav4,2016,regular_unleaded,176.0,4.0,automatic,front_wheel_drive,4.0,crossover,midsize,4dr_suv,31,24,2031,26270
chevrolet,cruze_limited,2016,regular_unleaded,138.0,4.0,automatic,front_wheel_drive,4.0,,midsize,sedan,39,26,1385,21470
plymouth,laser,1992,regular_unleaded,195.0,4.0,manual,front_wheel_drive,2.0,"hatchback,performance",compact,2dr_hatchback,26,19,535,2000
volvo,v60,2016,regular_unleaded,250.0,5.0,automatic,all_wheel_drive,4.0,luxury,midsize,wagon,29,20,870,37650
mitsubishi,eclipse,2010,regular_unleaded,162.0,4.0,manual,front_wheel_drive,2.0,hatchback,compact,2dr_hatchback,28,20,436,20699
cadillac,sts,2010,regular_unleaded,302.0,6.0,automatic,rear_wheel_drive,4.0,luxury,large,sedan,27,18,1624,46845
volvo,s40,2010,premium_unleaded_(recommended),227.0,5.0,manual,all_wheel_drive,4.0,luxury,compact,sedan,27,20,870,31350
chevrolet,silverado_1500_classic,2007,flex-fuel_(unleaded/e85),295.0,8.0,automatic,rear_wheel_drive,4.0,flex_fuel,large,extended_cab_pickup,19,14,1385,27135
chrysler,pacifica,2008,regular_unleaded,253.0,6.0,automatic,all_wheel_drive,4.0,crossover,large,wagon,22,14,1013,36195
bmw,m6,2015,premium_unleaded_(required),560.0,8.0,automated_manual,rear_wheel_drive,2.0,"factory_tuner,luxury,high-performance",midsize,coupe,20,14,3916,111900
audi,a4,2017,premium_unleaded_(recommended),190.0,4.0,automated_manual,front_wheel_drive,4.0,luxury,midsize,sedan,37,27,3105,34900
gmc,savana,2015,flex-fuel_(unleaded/e85),285.0,8.0,automatic,rear_wheel_drive,3.0,flex_fuel,midsize,passenger_van,17,11,549,35915
volkswagen,beetle_convertible,2016,regular_unleaded,170.0,4.0,automatic,front_wheel_drive,2.0,,compact,convertible,34,25,873,25490
volvo,xc60,2016,regular_unleaded,300.0,6.0,automatic,all_wheel_drive,4.0,"crossover,luxury,performance",midsize,4dr_suv,23,17,870,47050
porsche,carrera_gt,2004,premium_unleaded_(required),605.0,10.0,manual,rear_wheel_drive,2.0,"exotic,luxury,high-performance",compact,convertible,15,9,1715,440000
hyundai,veloster,2014,regular_unleaded,132.0,4.0,automated_manual,front_wheel_drive,3.0,hatchback,compact,2dr_hatchback,36,28,1439,21650
honda,pilot,2017,regular_unleaded,280.0,6.0,automatic,all_wheel_drive,4.0,crossover,midsize,4dr_suv,26,18,2202,32395
volkswagen,rabbit,2008,regular_unleaded,170.0,5.0,manual,front_wheel_drive,2.0,hatchback,compact,2dr_hatchback,29,22,873,15600
mercedes-benz,190-class,1993,regular_unleaded,130.0,4.0,manual,rear_wheel_drive,4.0,luxury,compact,sedan,26,18,617,2000
volvo,xc70,2016,regular_unleaded,240.0,4.0,automatic,front_wheel_drive,4.0,"crossover,luxury",midsize,wagon,31,23,870,40550
suzuki,esteem,2001,regular_unleaded,122.0,4.0,automatic,front_wheel_drive,4.0,,compact,wagon,30,26,481,14699
toyota,corolla_im,2017,regular_unleaded,137.0,4.0,manual,front_wheel_drive,4.0,hatchback,compact,4dr_hatchback,35,27,2031,18750
nissan,370z,2015,premium_unleaded_(required),332.0,6.0,manual,rear_wheel_drive,2.0,high-performance,compact,convertible,24,17,2009,45270
ford,transit_wagon,2016,flex-fuel_(unleaded/e85),275.0,6.0,automatic,rear_wheel_drive,3.0,"flex_fuel,diesel",large,passenger_van,19,14,5657,39735
volvo,xc60,2015,regular_unleaded,240.0,4.0,automatic,front_wheel_drive,4.0,"crossover,luxury",midsize,4dr_suv,31,24,870,38850
ford,expedition,2017,regular_unleaded,365.0,6.0,automatic,rear_wheel_drive,4.0,,large,4dr_suv,21,15,5657,55370
chevrolet,uplander,2008,regular_unleaded,240.0,6.0,automatic,front_wheel_drive,4.0,flex_fuel,midsize,passenger_minivan,23,16,1385,29330
ford,explorer_sport_trac,2010,regular_unleaded,210.0,6.0,automatic,four_wheel_drive,4.0,crossover,compact,crew_cab_pickup,19,13,5657,35590
mazda,cx-7,2010,regular_unleaded,161.0,4.0,automatic,front_wheel_drive,4.0,crossover,midsize,4dr_suv,28,20,586,22490
nissan,rogue,2017,regular_unleaded,170.0,4.0,automatic,all_wheel_drive,4.0,crossover,midsize,4dr_suv,32,25,2009,26590
lexus,rx_350,2017,regular_unleaded,295.0,6.0,automatic,all_wheel_drive,4.0,"crossover,luxury",midsize,4dr_suv,26,19,454,44420
nissan,200sx,1997,regular_unleaded,115.0,4.0,manual,front_wheel_drive,2.0,,compact,coupe,35,25,2009,2000
mitsubishi,mirage,2015,regular_unleaded,74.0,3.0,automatic,front_wheel_drive,4.0,hatchback,compact,4dr_hatchback,44,37,436,15395
toyota,tundra,2016,flex-fuel_(unleaded/e85),381.0,8.0,automatic,rear_wheel_drive,4.0,flex_fuel,large,crew_cab_pickup,18,13,2031,40535
chevrolet,c/k_1500_series,1997,regular_unleaded,200.0,6.0,manual,four_wheel_drive,2.0,,large,regular_cab_pickup,18,14,1385,2949
volvo,xc60,2016,regular_unleaded,302.0,4.0,automatic,front_wheel_drive,4.0,"crossover,luxury,performance",midsize,4dr_suv,29,22,870,41350
subaru,wrx,2017,premium_unleaded_(required),305.0,4.0,manual,all_wheel_drive,4.0,"factory_tuner,high-performance",compact,sedan,23,17,640,39995
bmw,5_series,2016,premium_unleaded_(required),443.0,8.0,automatic,rear_wheel_drive,4.0,"luxury,high-performance",large,sedan,25,17,3916,66300
honda,civic,2015,premium_unleaded_(required),205.0,4.0,manual,front_wheel_drive,4.0,"factory_tuner,performance",compact,sedan,31,22,2202,23090
chevrolet,venture,2004,regular_unleaded,185.0,6.0,automatic,all_wheel_drive,4.0,,midsize,passenger_minivan,22,16,1385,33625
bmw,7_series,2015,premium_unleaded_(required),315.0,6.0,automatic,rear_wheel_drive,4.0,"luxury,performance",large,sedan,29,19,3916,78000
bmw,z4_m,2008,premium_unleaded_(required),330.0,6.0,manual,rear_wheel_drive,2.0,"factory_tuner,luxury,high-performance",compact,convertible,23,15,3916,52400
infiniti,g_coupe,2012,premium_unleaded_(recommended),348.0,6.0,manual,rear_wheel_drive,2.0,"factory_tuner,luxury,high-performance",midsize,coupe,25,17,190,49800
kia,k900,2016,regular_unleaded,311.0,6.0,automatic,rear_wheel_drive,4.0,luxury,large,sedan,26,17,1720,49000
honda,odyssey,2016,regular_unleaded,248.0,6.0,automatic,front_wheel_drive,4.0,,large,passenger_minivan,28,19,2202,29400
maybach,57,2012,premium_unleaded_(required),620.0,12.0,automatic,rear_wheel_drive,4.0,"exotic,luxury,performance",large,sedan,16,10,67,418950
volvo,240,1992,regular_unleaded,114.0,4.0,manual,rear_wheel_drive,4.0,luxury,midsize,sedan,26,19,870,2000
gmc,sierra_1500hd,2006,regular_unleaded,300.0,8.0,automatic,four_wheel_drive,4.0,,large,crew_cab_pickup,16,13,549,36525
ford,f-150,2015,flex-fuel_(unleaded/e85),282.0,6.0,automatic,four_wheel_drive,2.0,flex_fuel,large,regular_cab_pickup,23,17,5657,30975
volkswagen,beetle_convertible,2014,regular_unleaded,170.0,4.0,automatic,front_wheel_drive,2.0,,compact,convertible,32,24,873,27295
dodge,ram_150,1993,regular_unleaded,230.0,8.0,manual,rear_wheel_drive,2.0,,large,extended_cab_pickup,16,12,1851,2000
volkswagen,gti,2012,premium_unleaded_(recommended),200.0,4.0,manual,front_wheel_drive,2.0,"hatchback,performance",compact,2dr_hatchback,31,21,873,29995
mazda,tribute_hybrid,2008,regular_unleaded,133.0,4.0,automatic,front_wheel_drive,4.0,"crossover,hybrid",compact,4dr_suv,30,34,586,25485
cadillac,srx,2015,regular_unleaded,308.0,6.0,automatic,all_wheel_drive,4.0,"crossover,luxury",midsize,4dr_suv,23,16,1624,48840
bmw,m6_gran_coupe,2016,premium_unleaded_(required),552.0,8.0,automated_manual,rear_wheel_drive,4.0,"factory_tuner,luxury,high-performance",large,sedan,20,14,3916,117200
chevrolet,silverado_1500_classic,2007,regular_unleaded,310.0,8.0,automatic,four_wheel_drive,4.0,flex_fuel,large,extended_cab_pickup,18,13,1385,33425
cadillac,catera,2001,premium_unleaded_(required),200.0,6.0,automatic,rear_wheel_drive,4.0,luxury,midsize,sedan,22,16,1624,31305
volkswagen,jetta_gli,2013,premium_unleaded_(recommended),210.0,4.0,manual,front_wheel_drive,4.0,performance,midsize,sedan,33,22,873,26420
infiniti,q50,2016,premium_unleaded_(required),208.0,4.0,automatic,all_wheel_drive,4.0,luxury,midsize,sedan,28,22,190,39650
mitsubishi,lancer,2017,regular_unleaded,148.0,4.0,automatic,front_wheel_drive,4.0,,compact,sedan,34,27,436,18795
gmc,canyon,2015,regular_unleaded,305.0,6.0,automatic,four_wheel_drive,4.0,,compact,crew_cab_pickup,24,17,549,34310
volkswagen,cc,2015,premium_unleaded_(recommended),200.0,4.0,automated_manual,front_wheel_drive,4.0,performance,midsize,sedan,31,22,873,38085
infiniti,m,2013,premium_unleaded_(recommended),360.0,6.0,automatic,rear_wheel_drive,4.0,"luxury,hybrid",large,sedan,32,27,190,54750
saab,9-5,2009,premium_unleaded_(recommended),260.0,4.0,automatic,front_wheel_drive,4.0,"luxury,performance",midsize,sedan,27,17,376,38380
audi,a3,2015,premium_unleaded_(recommended),220.0,4.0,automated_manual,all_wheel_drive,4.0,luxury,compact,sedan,33,24,3105,33200
infiniti,ex,2013,premium_unleaded_(recommended),325.0,6.0,automatic,rear_wheel_drive,4.0,"crossover,luxury",midsize,4dr_suv,25,17,190,36900
hyundai,veloster,2015,regular_unleaded,201.0,4.0,manual,front_wheel_drive,3.0,"hatchback,performance",compact,2dr_hatchback,33,24,1439,21600
toyota,prius_prime,2017,regular_unleaded,121.0,4.0,automatic,front_wheel_drive,4.0,"hatchback,hybrid",compact,4dr_hatchback,53,55,2031,33100
suzuki,grand_vitara,2012,regular_unleaded,166.0,4.0,manual,rear_wheel_drive,4.0,crossover,compact,4dr_suv,26,19,481,19499
gmc,yukon,2016,flex-fuel_(unleaded/e85),355.0,8.0,automatic,four_wheel_drive,4.0,"flex_fuel,performance",large,4dr_suv,22,16,549,60000
audi,s7,2017,premium_unleaded_(required),450.0,8.0,automated_manual,all_wheel_drive,4.0,"factory_tuner,luxury,high-performance",large,sedan,27,17,3105,79900
volkswagen,jetta_sportwagen,2012,diesel,140.0,4.0,manual,front_wheel_drive,4.0,diesel,compact,wagon,42,30,873,28120
cadillac,ats,2017,regular_unleaded,335.0,6.0,automatic,rear_wheel_drive,4.0,"luxury,high-performance",midsize,sedan,30,20,1624,46995
aston_martin,v8_vantage,2015,premium_unleaded_(required),430.0,8.0,automated_manual,rear_wheel_drive,2.0,"exotic,high-performance",compact,convertible,21,14,259,118400
volkswagen,golf_alltrack,2017,regular_unleaded,170.0,4.0,manual,all_wheel_drive,4.0,crossover,compact,wagon,30,22,873,25850
toyota,sienna,2015,regular_unleaded,266.0,6.0,automatic,all_wheel_drive,4.0,,large,passenger_minivan,23,16,2031,46250
buick,terraza,2005,regular_unleaded,200.0,6.0,automatic,all_wheel_drive,4.0,,midsize,passenger_minivan,21,15,155,33855
lexus,ls_460,2015,premium_unleaded_(required),386.0,8.0,automatic,rear_wheel_drive,4.0,"luxury,performance",large,sedan,24,16,454,72520
mitsubishi,i-miev,2014,electric,,,direct_drive,rear_wheel_drive,4.0,hatchback,compact,4dr_hatchback,99,126,436,22995
suzuki,sidekick,1998,regular_unleaded,120.0,4.0,manual,four_wheel_drive,4.0,,compact,4dr_suv,23,20,481,2125
gmc,acadia,2016,regular_unleaded,281.0,6.0,automatic,front_wheel_drive,4.0,crossover,midsize,4dr_suv,22,15,549,34175
infiniti,g_convertible,2013,premium_unleaded_(recommended),325.0,6.0,automatic,rear_wheel_drive,2.0,"luxury,performance",midsize,convertible,25,17,190,47900
chevrolet,s-10_blazer,1992,regular_unleaded,160.0,6.0,manual,rear_wheel_drive,2.0,,compact,2dr_suv,22,16,1385,2000
lincoln,mkc,2015,regular_unleaded,240.0,4.0,automatic,front_wheel_drive,4.0,"crossover,luxury",compact,4dr_suv,29,20,61,46030
oldsmobile,toronado,1990,regular_unleaded,165.0,6.0,automatic,front_wheel_drive,2.0,,large,coupe,24,16,26,2000
chevrolet,silverado_1500,2017,regular_unleaded,355.0,8.0,automatic,four_wheel_drive,4.0,flex_fuel,large,crew_cab_pickup,22,16,1385,43950
dodge,ram_van,1999,regular_unleaded,230.0,8.0,automatic,rear_wheel_drive,3.0,,large,cargo_van,18,12,1851,2316
suzuki,esteem,2001,regular_unleaded,122.0,4.0,automatic,front_wheel_drive,4.0,,compact,wagon,30,23,481,16499
suzuki,xl7,2007,regular_unleaded,252.0,6.0,automatic,all_wheel_drive,4.0,crossover,midsize,4dr_suv,21,16,481,27549
aston_martin,rapide,2011,premium_unleaded_(required),470.0,12.0,automatic,rear_wheel_drive,4.0,"exotic,high-performance",large,sedan,19,13,259,207895
chrysler,le_baron,1993,regular_unleaded,100.0,4.0,unknown,front_wheel_drive,2.0,,compact,convertible,24,18,1013,2000
nissan,axxess,1990,regular_unleaded,138.0,4.0,manual,front_wheel_drive,3.0,,compact,passenger_minivan,24,19,2009,2000
volkswagen,golf_gti,2016,premium_unleaded_(recommended),210.0,4.0,manual,front_wheel_drive,2.0,"hatchback,performance",compact,2dr_hatchback,34,25,873,24995
acura,integra,2001,regular_unleaded,140.0,4.0,manual,front_wheel_drive,2.0,"hatchback,luxury",compact,2dr_hatchback,28,22,204,21050
cadillac,escalade_ext,2012,flex-fuel_(premium_unleaded_recommended/e85),403.0,8.0,automatic,all_wheel_drive,4.0,"crossover,flex_fuel,luxury,performance",large,crew_cab_pickup,18,13,1624,69640
bmw,3_series,2016,premium_unleaded_(required),180.0,4.0,automatic,all_wheel_drive,4.0,luxury,midsize,sedan,35,23,3916,35150
honda,cr-v,2014,regular_unleaded,185.0,4.0,automatic,all_wheel_drive,4.0,crossover,compact,4dr_suv,30,22,2202,29820
oldsmobile,lss,1997,regular_unleaded,205.0,6.0,automatic,front_wheel_drive,4.0,,large,sedan,26,17,26,2080
toyota,rav4,2016,regular_unleaded,176.0,4.0,automatic,all_wheel_drive,4.0,crossover,midsize,4dr_suv,29,22,2031,27670
volkswagen,touareg,2016,premium_unleaded_(recommended),280.0,6.0,automatic,all_wheel_drive,4.0,"crossover,performance",midsize,4dr_suv,23,17,873,51450
suzuki,esteem,2001,regular_unleaded,122.0,4.0,manual,front_wheel_drive,4.0,,compact,sedan,32,24,481,14199
ferrari,ff,2015,premium_unleaded_(required),651.0,12.0,automated_manual,all_wheel_drive,2.0,"exotic,high-performance",large,coupe,16,11,2774,295000
mazda,tribute_hybrid,2008,regular_unleaded,133.0,4.0,automatic,all_wheel_drive,4.0,"crossover,hybrid",compact,4dr_suv,27,29,586,27235
acura,nsx,2005,regular_unleaded,290.0,6.0,manual,rear_wheel_drive,2.0,"exotic,luxury,high-performance",compact,coupe,22,16,204,89000
toyota,tundra,2015,regular_unleaded,310.0,8.0,automatic,rear_wheel_drive,4.0,,large,extended_cab_pickup,19,15,2031,28510
volvo,s80,2015,regular_unleaded,240.0,4.0,automatic,front_wheel_drive,4.0,luxury,midsize,sedan,38,26,870,40500
oldsmobile,ciera,1996,regular_unleaded,120.0,4.0,automatic,front_wheel_drive,4.0,,midsize,sedan,29,21,26,2000
audi,rs_5,2015,premium_unleaded_(required),450.0,8.0,automated_manual,all_wheel_drive,2.0,"factory_tuner,luxury,high-performance",midsize,coupe,23,16,3105,70900
chevrolet,silverado_1500,2016,flex-fuel_(unleaded/e85),285.0,6.0,automatic,rear_wheel_drive,4.0,flex_fuel,large,crew_cab_pickup,24,18,1385,37345
mazda,3,2017,regular_unleaded,184.0,4.0,manual,front_wheel_drive,4.0,performance,midsize,sedan,34,25,586,23145
nissan,altima,2016,regular_unleaded,270.0,6.0,automatic,front_wheel_drive,4.0,performance,midsize,sedan,32,22,2009,27390
buick,encore,2017,regular_unleaded,138.0,4.0,automatic,front_wheel_drive,4.0,crossover,compact,4dr_suv,33,25,155,26865
nissan,altima,2015,regular_unleaded,270.0,6.0,automatic,front_wheel_drive,4.0,performance,midsize,sedan,32,22,2009,29830
lincoln,aviator,2003,premium_unleaded_(required),302.0,8.0,automatic,rear_wheel_drive,4.0,luxury,midsize,4dr_suv,17,12,61,39485
chrysler,le_baron,1994,regular_unleaded,141.0,6.0,automatic,front_wheel_drive,2.0,,compact,convertible,26,18,1013,2000
dodge,caliber,2010,regular_unleaded,158.0,4.0,manual,front_wheel_drive,4.0,,compact,wagon,31,23,1851,18740
mazda,3,2015,regular_unleaded,184.0,4.0,automatic,front_wheel_drive,4.0,"hatchback,performance",compact,4dr_hatchback,37,27,586,26595
toyota,tacoma,2015,regular_unleaded,159.0,4.0,automatic,rear_wheel_drive,4.0,,compact,crew_cab_pickup,24,19,2031,23075
dodge,ram_250,1991,regular_unleaded,125.0,8.0,manual,rear_wheel_drive,2.0,,large,regular_cab_pickup,13,11,1851,2000
audi,q7,2014,premium_unleaded_(required),333.0,6.0,automatic,all_wheel_drive,4.0,"crossover,luxury",large,4dr_suv,22,16,3105,60900
toyota,camry_solara,2007,regular_unleaded,210.0,6.0,automatic,front_wheel_drive,2.0,,midsize,convertible,26,18,2031,27190
pontiac,montana,2003,regular_unleaded,185.0,6.0,automatic,all_wheel_drive,4.0,,midsize,passenger_minivan,22,16,210,33790
bmw,7_series,2015,premium_unleaded_(required),445.0,8.0,automatic,all_wheel_drive,4.0,"luxury,high-performance",large,sedan,24,16,3916,90300
volkswagen,golf_sportwagen,2017,regular_unleaded,170.0,4.0,automatic,front_wheel_drive,4.0,,compact,wagon,34,25,873,22680
gmc,sierra_1500_classic,2007,regular_unleaded,345.0,8.0,automatic,all_wheel_drive,4.0,,large,crew_cab_pickup,16,13,549,39125
volkswagen,jetta,2017,regular_unleaded,150.0,4.0,manual,front_wheel_drive,4.0,,midsize,sedan,40,28,873,20895
audi,100,1993,regular_unleaded,172.0,6.0,automatic,all_wheel_drive,4.0,luxury,midsize,wagon,20,16,3105,2000
volkswagen,beetle_convertible,2014,diesel,140.0,4.0,automated_manual,front_wheel_drive,2.0,diesel,compact,convertible,41,28,873,29995
ford,windstar_cargo,2002,regular_unleaded,200.0,6.0,automatic,front_wheel_drive,3.0,,midsize,cargo_minivan,21,16,5657,20585
mazda,323,1992,regular_unleaded,82.0,4.0,manual,front_wheel_drive,2.0,hatchback,compact,2dr_hatchback,33,25,586,2000
honda,element,2010,regular_unleaded,166.0,4.0,automatic,front_wheel_drive,4.0,crossover,compact,4dr_suv,25,20,2202,24320
volkswagen,routan,2010,regular_unleaded,251.0,6.0,automatic,front_wheel_drive,4.0,,midsize,passenger_minivan,25,17,873,42500
porsche,panamera,2015,premium_unleaded_(required),420.0,6.0,automated_manual,rear_wheel_drive,4.0,"luxury,high-performance",large,sedan,27,17,1715,93200
cadillac,xlr,2008,regular_unleaded,320.0,8.0,automatic,rear_wheel_drive,2.0,luxury,compact,convertible,24,15,1624,80650
toyota,venza,2014,regular_unleaded,268.0,6.0,automatic,front_wheel_drive,4.0,"crossover,performance",midsize,wagon,26,19,2031,29770
cadillac,sts,2010,premium_unleaded_(recommended),320.0,8.0,automatic,rear_wheel_drive,4.0,"luxury,performance",large,sedan,24,15,1624,56345
honda,civic_del_sol,1996,regular_unleaded,160.0,4.0,manual,front_wheel_drive,2.0,"factory_tuner,performance",compact,coupe,27,23,2202,2213
nissan,xterra,2013,regular_unleaded,261.0,6.0,automatic,rear_wheel_drive,4.0,,midsize,4dr_suv,22,16,2009,24850
nissan,juke,2015,premium_unleaded_(recommended),188.0,4.0,automatic,front_wheel_drive,4.0,"crossover,hatchback",compact,4dr_hatchback,32,28,2009,20250
pontiac,g6,2008,regular_unleaded,219.0,6.0,automatic,front_wheel_drive,4.0,performance,midsize,sedan,26,17,210,23100
dodge,charger,2016,premium_unleaded_(recommended),485.0,8.0,automatic,rear_wheel_drive,4.0,high-performance,large,sedan,25,15,1851,39995
bmw,x5,2017,premium_unleaded_(required),445.0,8.0,automatic,all_wheel_drive,4.0,"crossover,luxury,performance",midsize,4dr_suv,21,15,3916,72300
plymouth,neon,1999,regular_unleaded,132.0,4.0,manual,front_wheel_drive,2.0,,compact,coupe,36,24,535,2000
lexus,gs_460,2010,premium_unleaded_(required),342.0,8.0,automatic,rear_wheel_drive,4.0,"luxury,high-performance",midsize,sedan,24,17,454,54070
lexus,es_300,2002,regular_unleaded,210.0,6.0,automatic,front_wheel_drive,4.0,luxury,midsize,sedan,27,18,454,31505
buick,lesabre,2003,regular_unleaded,205.0,6.0,automatic,front_wheel_drive,4.0,,large,sedan,27,17,155,25645
lamborghini,gallardo,2013,premium_unleaded_(required),550.0,10.0,manual,rear_wheel_drive,2.0,"exotic,high-performance",compact,convertible,20,12,1158,209500
audi,allroad,2015,premium_unleaded_(recommended),220.0,4.0,automatic,all_wheel_drive,4.0,luxury,midsize,wagon,28,21,3105,44500
cadillac,escalade_esv,2015,flex-fuel_(unleaded/e85),420.0,8.0,automatic,four_wheel_drive,4.0,"flex_fuel,luxury,performance",large,4dr_suv,20,14,1624,94875
toyota,corolla,2015,regular_unleaded,132.0,4.0,manual,front_wheel_drive,4.0,,compact,sedan,37,28,2031,16950
chevrolet,silverado_1500,2016,flex-fuel_(unleaded/e85),285.0,6.0,automatic,four_wheel_drive,4.0,flex_fuel,large,crew_cab_pickup,22,17,1385,38695
mitsubishi,montero_sport,2003,regular_unleaded,165.0,6.0,automatic,rear_wheel_drive,4.0,,midsize,4dr_suv,21,16,436,22907
mazda,5,2015,regular_unleaded,157.0,4.0,automatic,front_wheel_drive,4.0,,compact,passenger_minivan,28,21,586,24770
volvo,850,1997,regular_unleaded,168.0,5.0,manual,front_wheel_drive,4.0,luxury,midsize,wagon,26,18,870,2000
ford,f-250,1998,regular_unleaded,220.0,8.0,manual,rear_wheel_drive,2.0,,large,regular_cab_pickup,17,13,5657,2843
audi,q5,2016,premium_unleaded_(required),245.0,4.0,automatic,all_wheel_drive,4.0,"crossover,luxury,hybrid",midsize,4dr_suv,30,24,3105,52500
gmc,s-15,1990,regular_unleaded,160.0,6.0,manual,four_wheel_drive,2.0,,compact,regular_cab_pickup,19,15,549,2000
dodge,ram_150,1991,regular_unleaded,125.0,6.0,unknown,rear_wheel_drive,2.0,,large,regular_cab_pickup,17,12,1851,2000
ford,transit_wagon,2015,flex-fuel_(unleaded/e85),275.0,6.0,automatic,rear_wheel_drive,3.0,flex_fuel,midsize,passenger_van,19,14,5657,32270
kia,sportage,2016,regular_unleaded,182.0,4.0,automatic,all_wheel_drive,4.0,crossover,compact,4dr_suv,26,19,1720,23650
infiniti,g35,2006,regular_unleaded,280.0,6.0,automatic,rear_wheel_drive,2.0,"luxury,performance",midsize,coupe,23,17,190,33200
nissan,frontier,2017,regular_unleaded,261.0,6.0,automatic,four_wheel_drive,4.0,,compact,extended_cab_pickup,21,15,2009,32580
toyota,tundra,2016,flex-fuel_(unleaded/e85),381.0,8.0,automatic,four_wheel_drive,4.0,flex_fuel,large,extended_cab_pickup,17,13,2031,35700
lexus,es_350,2015,regular_unleaded,268.0,6.0,automatic,front_wheel_drive,4.0,"luxury,performance",midsize,sedan,31,21,454,40440
subaru,impreza_wrx,2014,premium_unleaded_(required),265.0,4.0,manual,all_wheel_drive,4.0,performance,compact,sedan,25,19,640,25995
chevrolet,cavalier,2003,regular_unleaded,140.0,4.0,manual,front_wheel_drive,2.0,,compact,coupe,30,22,1385,16830
audi,allroad_quattro,2004,regular_unleaded,250.0,6.0,manual,all_wheel_drive,4.0,"crossover,luxury,performance",midsize,wagon,21,14,3105,39950
volkswagen,new_beetle,2010,regular_unleaded,150.0,5.0,automatic,front_wheel_drive,2.0,hatchback,compact,2dr_hatchback,29,20,873,19790
rolls-royce,ghost_series_ii,2016,premium_unleaded_(required),563.0,12.0,automatic,rear_wheel_drive,4.0,"exotic,luxury,performance",large,sedan,21,13,86,329325
fiat,500,2016,premium_unleaded_(recommended),160.0,4.0,manual,front_wheel_drive,2.0,"factory_tuner,performance",compact,convertible,34,28,819,26695
chevrolet,s-10_blazer,1994,regular_unleaded,165.0,6.0,manual,rear_wheel_drive,2.0,,compact,2dr_suv,20,15,1385,2000
volkswagen,beetle,2015,regular_unleaded,170.0,4.0,manual,front_wheel_drive,2.0,hatchback,compact,2dr_hatchback,33,24,873,25885
hyundai,accent,2015,regular_unleaded,137.0,4.0,automatic,front_wheel_drive,4.0,hatchback,compact,4dr_hatchback,37,26,1439,16195
audi,q7,2015,premium_unleaded_(required),333.0,6.0,automatic,all_wheel_drive,4.0,"crossover,luxury",large,4dr_suv,22,16,3105,61900
chevrolet,impala_limited,2014,flex-fuel_(unleaded/e85),300.0,6.0,automatic,front_wheel_drive,4.0,flex_fuel,large,sedan,30,18,1385,25830
hyundai,accent,2015,regular_unleaded,137.0,4.0,manual,front_wheel_drive,4.0,hatchback,compact,4dr_hatchback,38,27,1439,16495
saab,9-3,2009,premium_unleaded_(recommended),210.0,4.0,automatic,all_wheel_drive,4.0,luxury,compact,wagon,27,17,376,37810
hyundai,veloster,2016,regular_unleaded,201.0,4.0,automated_manual,front_wheel_drive,3.0,"hatchback,performance",compact,2dr_hatchback,33,27,1439,23800
acura,vigor,1994,regular_unleaded,176.0,5.0,manual,front_wheel_drive,4.0,luxury,midsize,sedan,24,18,204,2000
lexus,gs_460,2011,premium_unleaded_(required),342.0,8.0,automatic,rear_wheel_drive,4.0,"luxury,high-performance",midsize,sedan,24,17,454,55370
audi,a7,2016,premium_unleaded_(required),333.0,6.0,automatic,all_wheel_drive,4.0,"luxury,performance",large,sedan,30,20,3105,70950
suzuki,aerio,2006,regular_unleaded,155.0,4.0,manual,front_wheel_drive,4.0,,compact,sedan,28,22,481,15099
gmc,terrain,2015,regular_unleaded,182.0,4.0,automatic,front_wheel_drive,4.0,crossover,compact,4dr_suv,32,22,549,24070
buick,regal,2016,premium_unleaded_(recommended),259.0,4.0,automatic,all_wheel_drive,4.0,performance,midsize,sedan,27,19,155,31415
acura,legend,1995,regular_unleaded,200.0,6.0,automatic,front_wheel_drive,4.0,luxury,midsize,sedan,22,17,204,2356
acura,rdx,2017,premium_unleaded_(recommended),279.0,6.0,automatic,all_wheel_drive,4.0,"crossover,luxury",midsize,4dr_suv,27,19,204,43720
mitsubishi,diamante,2004,premium_unleaded_(required),205.0,6.0,automatic,front_wheel_drive,4.0,,midsize,sedan,23,15,436,27619
chevrolet,corvette,2016,premium_unleaded_(recommended),455.0,8.0,manual,rear_wheel_drive,2.0,high-performance,compact,convertible,29,17,1385,63855
oldsmobile,intrigue,2000,regular_unleaded,215.0,6.0,automatic,front_wheel_drive,4.0,,midsize,sedan,26,17,26,2484
cadillac,cts,2016,premium_unleaded_(recommended),268.0,4.0,automatic,rear_wheel_drive,4.0,"luxury,performance",large,sedan,31,21,1624,56285
buick,riviera,1998,regular_unleaded,240.0,6.0,automatic,front_wheel_drive,2.0,,large,coupe,25,16,155,2155
toyota,tacoma,2016,regular_unleaded,278.0,6.0,manual,four_wheel_drive,4.0,,compact,extended_cab_pickup,20,17,2031,31680
lexus,gs_300,2005,premium_unleaded_(required),220.0,6.0,automatic,rear_wheel_drive,4.0,"luxury,performance",midsize,sedan,23,16,454,38875
cadillac,ats,2016,regular_unleaded,335.0,6.0,automatic,rear_wheel_drive,4.0,"luxury,high-performance",midsize,sedan,30,20,1624,45155
gmc,sierra_classic_1500,1999,regular_unleaded,200.0,8.0,automatic,rear_wheel_drive,3.0,,large,extended_cab_pickup,17,13,549,4287
nissan,titan,2015,regular_unleaded,317.0,8.0,automatic,rear_wheel_drive,4.0,flex_fuel,large,extended_cab_pickup,18,13,2009,31940
cadillac,ats_coupe,2017,regular_unleaded,335.0,6.0,automatic,all_wheel_drive,2.0,"luxury,high-performance",compact,coupe,27,19,1624,48995
gmc,sierra_1500_classic,2007,regular_unleaded,195.0,6.0,automatic,four_wheel_drive,2.0,flex_fuel,large,regular_cab_pickup,17,14,549,20960
chevrolet,malibu_maxx,2006,regular_unleaded,201.0,6.0,automatic,front_wheel_drive,4.0,hatchback,midsize,4dr_hatchback,28,20,1385,20165
aston_martin,v8_vantage,2016,premium_unleaded_(required),430.0,8.0,automated_manual,rear_wheel_drive,2.0,"exotic,high-performance",compact,coupe,21,14,259,126995
dodge,nitro,2011,regular_unleaded,260.0,6.0,automatic,four_wheel_drive,4.0,"crossover,performance",midsize,4dr_suv,21,16,1851,28995
suzuki,vitara,2003,regular_unleaded,127.0,4.0,manual,four_wheel_drive,2.0,,compact,convertible_suv,23,20,481,16999
ford,freestar,2005,regular_unleaded,,6.0,automatic,front_wheel_drive,4.0,,midsize,passenger_minivan,22,16,5657,23930
cadillac,seville,2004,regular_unleaded,275.0,8.0,automatic,front_wheel_drive,4.0,luxury,large,sedan,24,16,1624,45975
toyota,tacoma,2017,regular_unleaded,278.0,6.0,automatic,rear_wheel_drive,4.0,,compact,crew_cab_pickup,24,19,2031,31740
bmw,1_series,2011,premium_unleaded_(required),230.0,6.0,manual,rear_wheel_drive,2.0,luxury,compact,convertible,28,18,3916,34500
volkswagen,jetta,2016,premium_unleaded_(recommended),210.0,4.0,manual,front_wheel_drive,4.0,"factory_tuner,performance",midsize,sedan,33,23,873,29280
chevrolet,captiva_sport,2013,flex-fuel_(unleaded/e85),180.0,4.0,automatic,front_wheel_drive,4.0,"crossover,flex_fuel",midsize,4dr_suv,28,20,1385,29615
volkswagen,new_beetle,2010,regular_unleaded,150.0,5.0,automatic,front_wheel_drive,2.0,,compact,convertible,28,20,873,27390
audi,a6,2015,premium_unleaded_(required),310.0,6.0,automatic,all_wheel_drive,4.0,luxury,midsize,sedan,27,18,3105,56300
pontiac,grand_prix,2008,regular_unleaded,200.0,6.0,automatic,front_wheel_drive,4.0,,large,sedan,28,18,210,22210
chrysler,pacifica,2017,regular_unleaded,287.0,6.0,automatic,front_wheel_drive,4.0,performance,midsize,passenger_minivan,28,18,1013,42495
gmc,jimmy,2000,regular_unleaded,190.0,6.0,manual,rear_wheel_drive,2.0,,compact,2dr_suv,21,15,549,2322
suzuki,xl-7,2005,regular_unleaded,185.0,6.0,automatic,rear_wheel_drive,4.0,,midsize,4dr_suv,21,16,481,26099
honda,civic,2016,regular_unleaded,174.0,4.0,automatic,front_wheel_drive,2.0,,compact,coupe,41,31,2202,26125
lexus,gx_460,2015,premium_unleaded_(required),301.0,8.0,automatic,four_wheel_drive,4.0,luxury,midsize,4dr_suv,20,15,454,61115
toyota,tundra,2016,flex-fuel_(unleaded/e85),381.0,8.0,automatic,rear_wheel_drive,2.0,flex_fuel,large,regular_cab_pickup,18,13,2031,29950
gmc,savana,2014,flex-fuel_(unleaded/e85),280.0,8.0,automatic,rear_wheel_drive,3.0,flex_fuel,midsize,passenger_van,17,11,549,31865
chevrolet,colorado,2016,regular_unleaded,305.0,6.0,automatic,rear_wheel_drive,4.0,diesel,compact,crew_cab_pickup,26,18,1385,26510
chevrolet,c/k_1500_series,1998,regular_unleaded,230.0,8.0,manual,four_wheel_drive,2.0,,large,extended_cab_pickup,17,12,1385,3419
ford,explorer,2016,flex-fuel_(unleaded/e85),290.0,6.0,automatic,front_wheel_drive,4.0,"crossover,flex_fuel",midsize,4dr_suv,24,17,5657,33400
volkswagen,beetle_convertible,2014,regular_unleaded,170.0,4.0,automatic,front_wheel_drive,2.0,,compact,convertible,32,24,873,27295
pontiac,torrent,2008,regular_unleaded,185.0,6.0,automatic,front_wheel_drive,4.0,crossover,compact,4dr_suv,24,17,210,23520
mazda,6,2015,regular_unleaded,184.0,4.0,manual,front_wheel_drive,4.0,,midsize,sedan,37,25,586,21190
bmw,6_series_gran_coupe,2016,premium_unleaded_(required),445.0,8.0,automatic,rear_wheel_drive,4.0,"luxury,high-performance",large,sedan,25,17,3916,90900
mazda,mx-5_miata,2016,premium_unleaded_(recommended),155.0,4.0,automatic,rear_wheel_drive,2.0,performance,compact,convertible,36,27,586,31270
acura,rsx,2006,regular_unleaded,155.0,4.0,manual,front_wheel_drive,2.0,"hatchback,luxury",compact,2dr_hatchback,31,24,204,20325
volkswagen,phaeton,2005,premium_unleaded_(recommended),420.0,12.0,automatic,all_wheel_drive,4.0,"luxury,performance",large,sedan,17,11,873,96100
pontiac,sunbird,1993,regular_unleaded,110.0,4.0,manual,front_wheel_drive,4.0,,compact,sedan,32,22,210,2000
chevrolet,monte_carlo,2006,flex-fuel_(unleaded/e85),211.0,6.0,automatic,front_wheel_drive,2.0,flex_fuel,midsize,coupe,29,19,1385,20330
mazda,navajo,1992,regular_unleaded,155.0,6.0,manual,four_wheel_drive,2.0,,compact,2dr_suv,20,15,586,2000
toyota,tundra,2015,flex-fuel_(unleaded/e85),381.0,8.0,automatic,four_wheel_drive,4.0,flex_fuel,large,crew_cab_pickup,17,13,2031,44000
porsche,panamera,2016,premium_unleaded_(required),420.0,6.0,automated_manual,all_wheel_drive,4.0,"luxury,high-performance",large,sedan,27,17,1715,98300
subaru,impreza,2016,regular_unleaded,148.0,4.0,automatic,all_wheel_drive,4.0,hatchback,compact,4dr_hatchback,37,28,640,23595
chevrolet,blazer,2004,regular_unleaded,190.0,6.0,automatic,four_wheel_drive,4.0,,midsize,4dr_suv,17,13,1385,27230
chevrolet,equinox,2016,regular_unleaded,182.0,4.0,automatic,front_wheel_drive,4.0,crossover,compact,4dr_suv,32,22,1385,22600
nissan,altima,2015,regular_unleaded,270.0,6.0,automatic,front_wheel_drive,4.0,performance,midsize,sedan,32,22,2009,31950
hyundai,tucson,2015,regular_unleaded,180.0,4.0,automatic,all_wheel_drive,4.0,crossover,compact,4dr_suv,25,20,1439,25200
ford,expedition,2017,regular_unleaded,365.0,6.0,automatic,four_wheel_drive,4.0,,large,4dr_suv,19,15,5657,68996
acura,mdx,2017,premium_unleaded_(recommended),290.0,6.0,automatic,all_wheel_drive,4.0,"crossover,luxury",midsize,4dr_suv,26,19,204,58400
toyota,tundra,2015,regular_unleaded,381.0,8.0,automatic,four_wheel_drive,4.0,,large,extended_cab_pickup,17,13,2031,34710
lamborghini,aventador,2016,premium_unleaded_(required),750.0,12.0,automated_manual,all_wheel_drive,2.0,"exotic,high-performance",midsize,convertible,18,11,1158,535500
volkswagen,cabriolet,1992,regular_unleaded,94.0,4.0,manual,front_wheel_drive,2.0,,compact,convertible,29,22,873,2000
toyota,sequoia,2015,regular_unleaded,381.0,8.0,automatic,four_wheel_drive,4.0,,large,4dr_suv,17,13,2031,64320
ferrari,456m,2001,premium_unleaded_(required),442.0,12.0,automatic,rear_wheel_drive,2.0,"exotic,high-performance",compact,coupe,14,9,2774,223970
toyota,matrix,2012,regular_unleaded,158.0,4.0,automatic,all_wheel_drive,4.0,hatchback,compact,4dr_hatchback,26,20,2031,21715
bmw,x6,2015,premium_unleaded_(required),300.0,6.0,automatic,all_wheel_drive,4.0,"crossover,luxury",midsize,4dr_suv,27,18,3916,61900
volvo,v60,2017,regular_unleaded,240.0,4.0,automatic,front_wheel_drive,4.0,"luxury,performance",midsize,wagon,36,25,870,41750
buick,lacrosse,2016,flex-fuel_(unleaded/e85),304.0,6.0,automatic,all_wheel_drive,4.0,"flex_fuel,performance",large,sedan,26,17,155,40675
dodge,shadow,1992,regular_unleaded,100.0,4.0,manual,front_wheel_drive,4.0,hatchback,compact,4dr_hatchback,29,20,1851,2000
mazda,3,2016,regular_unleaded,155.0,4.0,manual,front_wheel_drive,4.0,hatchback,compact,4dr_hatchback,40,29,586,20745
volkswagen,beetle,2016,regular_unleaded,170.0,4.0,automatic,front_wheel_drive,2.0,hatchback,compact,2dr_hatchback,31,24,873,23995
acura,integra,2001,regular_unleaded,140.0,4.0,manual,front_wheel_drive,2.0,"hatchback,luxury",compact,2dr_hatchback,28,22,204,19400
mazda,b-series_pickup,1999,regular_unleaded,160.0,6.0,automatic,rear_wheel_drive,2.0,,compact,extended_cab_pickup,20,15,586,3221
nissan,juke,2017,premium_unleaded_(recommended),188.0,4.0,manual,front_wheel_drive,4.0,"crossover,hatchback,performance",compact,4dr_hatchback,33,27,2009,24830
suzuki,reno,2008,regular_unleaded,127.0,4.0,automatic,front_wheel_drive,4.0,hatchback,compact,4dr_hatchback,28,19,481,15349
maserati,quattroporte,2016,premium_unleaded_(required),523.0,8.0,automatic,rear_wheel_drive,4.0,"exotic,factory_tuner,luxury,high-performance",large,sedan,22,15,238,141500
suzuki,esteem,2001,regular_unleaded,122.0,4.0,automatic,front_wheel_drive,4.0,,compact,sedan,30,23,481,14999
dodge,caliber,2011,regular_unleaded,158.0,4.0,manual,front_wheel_drive,4.0,,compact,wagon,32,24,1851,18585
volvo,xc60,2015,regular_unleaded,302.0,4.0,automatic,front_wheel_drive,4.0,"crossover,luxury,performance",midsize,4dr_suv,30,22,870,44050
bmw,6_series,2015,premium_unleaded_(required),445.0,8.0,automatic,all_wheel_drive,2.0,"luxury,high-performance",midsize,coupe,25,16,3916,90400
chevrolet,silverado_1500_classic,2007,flex-fuel_(unleaded/e85),295.0,8.0,automatic,rear_wheel_drive,4.0,flex_fuel,large,extended_cab_pickup,19,14,1385,24515
maybach,landaulet,2012,premium_unleaded_(required),620.0,12.0,automatic,rear_wheel_drive,4.0,"exotic,luxury,performance",large,convertible,16,10,67,1382750
suzuki,forenza,2007,regular_unleaded,127.0,4.0,manual,front_wheel_drive,4.0,,compact,sedan,28,20,481,14499
volkswagen,new_beetle,2008,regular_unleaded,150.0,5.0,automatic,front_wheel_drive,2.0,,compact,convertible,28,20,873,25740
saab,9-2x,2006,premium_unleaded_(required),230.0,4.0,manual,all_wheel_drive,4.0,"luxury,performance",compact,wagon,25,18,376,26950
lamborghini,aventador,2016,premium_unleaded_(required),700.0,12.0,automated_manual,all_wheel_drive,2.0,"exotic,high-performance",midsize,convertible,17,10,1158,443800
chevrolet,sonic,2015,regular_unleaded,138.0,4.0,manual,front_wheel_drive,4.0,hatchback,compact,4dr_hatchback,40,29,1385,18835
gmc,sierra_1500_classic,2007,flex-fuel_(unleaded/e85),295.0,8.0,automatic,four_wheel_drive,4.0,flex_fuel,large,extended_cab_pickup,17,13,549,27060
volkswagen,golf_sportwagen,2015,diesel,150.0,4.0,manual,front_wheel_drive,4.0,diesel,compact,wagon,43,31,873,27995
chevrolet,classic,2004,regular_unleaded,140.0,4.0,automatic,front_wheel_drive,4.0,,midsize,sedan,31,22,1385,19505
subaru,xv_crosstrek,2014,regular_unleaded,148.0,4.0,manual,all_wheel_drive,4.0,crossover,compact,4dr_suv,30,23,640,21995
dodge,shadow,1992,regular_unleaded,152.0,4.0,manual,front_wheel_drive,4.0,"hatchback,performance",compact,4dr_hatchback,24,18,1851,2000
ford,contour,1998,regular_unleaded,125.0,4.0,manual,front_wheel_drive,4.0,,midsize,sedan,32,21,5657,2000
pontiac,firebird,2002,premium_unleaded_(required),310.0,8.0,automatic,rear_wheel_drive,2.0,"hatchback,factory_tuner,performance",midsize,2dr_hatchback,23,16,210,28025
subaru,justy,1992,regular_unleaded,73.0,3.0,manual,four_wheel_drive,4.0,hatchback,compact,4dr_hatchback,29,24,640,2000
infiniti,q50,2016,premium_unleaded_(required),208.0,4.0,automatic,rear_wheel_drive,4.0,luxury,midsize,sedan,31,23,190,37650
subaru,b9_tribeca,2006,premium_unleaded_(required),250.0,6.0,automatic,all_wheel_drive,4.0,crossover,midsize,4dr_suv,21,16,640,37695
porsche,panamera,2015,premium_unleaded_(required),420.0,6.0,automated_manual,all_wheel_drive,4.0,"luxury,high-performance",large,sedan,26,17,1715,125600
dodge,caliber,2010,regular_unleaded,158.0,4.0,manual,front_wheel_drive,4.0,,compact,wagon,31,23,1851,16880
audi,s6,2017,premium_unleaded_(required),450.0,8.0,automated_manual,all_wheel_drive,4.0,"factory_tuner,luxury,high-performance",midsize,sedan,27,18,3105,74100
infiniti,q50,2016,premium_unleaded_(required),300.0,6.0,automatic,rear_wheel_drive,4.0,"luxury,performance",midsize,sedan,28,19,190,43900
subaru,impreza,2016,regular_unleaded,148.0,4.0,automatic,all_wheel_drive,4.0,,compact,sedan,37,28,640,19295
dodge,stratus,2004,regular_unleaded,150.0,4.0,automatic,front_wheel_drive,4.0,,midsize,sedan,27,20,1851,19970
mazda,rx-8,2011,premium_unleaded_(required),212.0,,automatic,rear_wheel_drive,4.0,performance,compact,coupe,23,16,586,26795
porsche,718_cayman,2017,premium_unleaded_(required),350.0,4.0,manual,rear_wheel_drive,2.0,"luxury,high-performance",compact,coupe,26,20,1715,66300
suzuki,xl-7,2005,regular_unleaded,185.0,6.0,manual,rear_wheel_drive,4.0,,midsize,4dr_suv,20,15,481,20899
acura,mdx,2016,premium_unleaded_(recommended),290.0,6.0,automatic,all_wheel_drive,4.0,"crossover,luxury",midsize,4dr_suv,26,18,204,46515
ford,transit_wagon,2016,premium_unleaded_(recommended),310.0,6.0,automatic,rear_wheel_drive,3.0,diesel,large,passenger_van,19,14,5657,42700
mercedes-benz,e-class,2015,premium_unleaded_(required),329.0,6.0,automatic,all_wheel_drive,2.0,"luxury,performance",midsize,coupe,28,20,617,55850
chevrolet,c/k_1500_series,1997,regular_unleaded,200.0,6.0,manual,four_wheel_drive,2.0,,large,extended_cab_pickup,18,14,1385,3088
gmc,sierra_1500,2017,regular_unleaded,355.0,8.0,automatic,four_wheel_drive,4.0,,large,crew_cab_pickup,20,15,549,55305
subaru,crosstrek,2016,regular_unleaded,160.0,4.0,automatic,all_wheel_drive,4.0,"crossover,hybrid",compact,4dr_suv,34,30,640,26395
subaru,brz,2017,premium_unleaded_(required),200.0,4.0,automatic,rear_wheel_drive,2.0,performance,compact,coupe,33,24,640,28745
saab,9-5,2010,premium_unleaded_(recommended),300.0,6.0,automatic,all_wheel_drive,4.0,"luxury,performance",large,sedan,27,16,376,49165
toyota,celica,2004,regular_unleaded,140.0,4.0,manual,front_wheel_drive,2.0,hatchback,compact,2dr_hatchback,30,23,2031,19535
mitsubishi,galant,2012,regular_unleaded,160.0,4.0,automatic,front_wheel_drive,4.0,,midsize,sedan,30,21,436,21899
hyundai,scoupe,1993,regular_unleaded,92.0,4.0,manual,front_wheel_drive,2.0,,compact,coupe,32,23,1439,2000
dodge,ramcharger,1993,regular_unleaded,230.0,8.0,automatic,four_wheel_drive,2.0,,midsize,2dr_suv,15,11,1851,2000
dodge,ram_150,1993,regular_unleaded,230.0,8.0,manual,rear_wheel_drive,2.0,,large,extended_cab_pickup,16,12,1851,2000
mercedes-benz,gla-class,2016,premium_unleaded_(required),375.0,4.0,automated_manual,all_wheel_drive,4.0,"crossover,factory_tuner,luxury,high-performance",compact,4dr_suv,29,22,617,49580
mazda,cx-7,2012,premium_unleaded_(recommended),244.0,4.0,automatic,all_wheel_drive,4.0,crossover,midsize,4dr_suv,21,17,586,28155
honda,cr-v,2015,regular_unleaded,185.0,4.0,automatic,all_wheel_drive,4.0,crossover,compact,4dr_suv,33,26,2202,24695
bmw,x6_m,2015,premium_unleaded_(required),567.0,8.0,automatic,all_wheel_drive,4.0,"crossover,factory_tuner,luxury,high-performance",midsize,4dr_suv,19,14,3916,102100
volkswagen,cc,2015,premium_unleaded_(recommended),200.0,4.0,manual,front_wheel_drive,4.0,performance,midsize,sedan,32,21,873,32995
chevrolet,impala,2016,regular_unleaded,195.0,4.0,automatic,front_wheel_drive,4.0,,large,sedan,31,22,1385,27095
ford,f-150,2016,regular_unleaded,325.0,6.0,automatic,four_wheel_drive,4.0,flex_fuel,large,crew_cab_pickup,23,18,5657,45845
toyota,celica,2003,regular_unleaded,140.0,4.0,automatic,front_wheel_drive,2.0,hatchback,compact,2dr_hatchback,33,25,2031,18140
ferrari,f430,2009,premium_unleaded_(required),483.0,8.0,manual,rear_wheel_drive,2.0,"exotic,high-performance",compact,convertible,16,11,2774,218310
hyundai,scoupe,1993,regular_unleaded,92.0,4.0,manual,front_wheel_drive,2.0,,compact,coupe,32,23,1439,2000
aston_martin,v8_vantage,2015,premium_unleaded_(required),430.0,8.0,manual,rear_wheel_drive,2.0,"exotic,high-performance",compact,convertible,19,13,259,147495
chevrolet,malibu,2015,regular_unleaded,196.0,4.0,automatic,front_wheel_drive,4.0,,midsize,sedan,36,25,1385,28195
nissan,frontier,2015,regular_unleaded,261.0,6.0,manual,four_wheel_drive,4.0,,compact,crew_cab_pickup,21,16,2009,31510
maybach,62,2012,premium_unleaded_(required),620.0,12.0,automatic,rear_wheel_drive,4.0,"exotic,luxury,performance",large,sedan,16,10,67,470350
chevrolet,colorado,2016,regular_unleaded,200.0,4.0,manual,rear_wheel_drive,4.0,diesel,compact,extended_cab_pickup,26,19,1385,22435
mercedes-benz,sls_amg_gt_final_edition,2015,premium_unleaded_(required),583.0,8.0,automated_manual,rear_wheel_drive,2.0,"exotic,factory_tuner,luxury,high-performance",compact,convertible,19,13,617,228080
aston_martin,dbs,2010,premium_unleaded_(required),510.0,12.0,automatic,rear_wheel_drive,2.0,"exotic,high-performance",midsize,coupe,18,12,259,270400
chevrolet,c/k_1500_series,1998,regular_unleaded,200.0,6.0,manual,four_wheel_drive,2.0,,large,extended_cab_pickup,19,14,1385,3427
kia,sorento,2015,regular_unleaded,290.0,6.0,automatic,all_wheel_drive,4.0,crossover,midsize,4dr_suv,24,18,1720,38500
audi,a6,2017,premium_unleaded_(required),333.0,6.0,automatic,all_wheel_drive,4.0,"luxury,performance",midsize,sedan,29,21,3105,58600
gmc,jimmy,2001,regular_unleaded,190.0,6.0,automatic,rear_wheel_drive,4.0,,midsize,4dr_suv,20,15,549,26770
infiniti,i35,2004,regular_unleaded,255.0,6.0,automatic,front_wheel_drive,4.0,"luxury,performance",midsize,sedan,24,17,190,30600
honda,odyssey,2015,regular_unleaded,248.0,6.0,automatic,front_wheel_drive,4.0,,large,passenger_minivan,28,19,2202,42030
toyota,rav4,2016,regular_unleaded,176.0,4.0,automatic,front_wheel_drive,4.0,crossover,midsize,4dr_suv,31,24,2031,31510
bmw,2_series,2017,premium_unleaded_(recommended),335.0,6.0,automatic,all_wheel_drive,2.0,"factory_tuner,luxury,high-performance",compact,coupe,31,21,3916,46450
chevrolet,silverado_1500,2016,regular_unleaded,355.0,8.0,automatic,rear_wheel_drive,4.0,flex_fuel,large,crew_cab_pickup,23,16,1385,39685
nissan,juke,2016,premium_unleaded_(recommended),188.0,4.0,automatic,all_wheel_drive,4.0,"crossover,hatchback,performance",compact,4dr_hatchback,31,26,2009,27230
bmw,m,2006,premium_unleaded_(required),330.0,6.0,manual,rear_wheel_drive,2.0,"factory_tuner,luxury,high-performance",compact,convertible,22,14,3916,51300
fiat,500l,2016,premium_unleaded_(recommended),160.0,4.0,automatic,front_wheel_drive,4.0,,compact,wagon,30,22,819,24795
porsche,911,2017,premium_unleaded_(required),370.0,6.0,manual,rear_wheel_drive,2.0,"luxury,high-performance",compact,convertible,29,20,1715,101700
mazda,cx-5,2015,regular_unleaded,155.0,4.0,automatic,front_wheel_drive,4.0,crossover,midsize,4dr_suv,32,26,586,22945
nissan,300zx,1994,regular_unleaded,222.0,6.0,manual,rear_wheel_drive,2.0,performance,compact,convertible,22,16,2009,2847
honda,element,2009,regular_unleaded,166.0,4.0,automatic,all_wheel_drive,4.0,crossover,compact,4dr_suv,24,19,2202,25285
nissan,altima_hybrid,2010,regular_unleaded,158.0,4.0,automatic,front_wheel_drive,4.0,hybrid,midsize,sedan,33,35,2009,26780
pontiac,grand_am,2004,regular_unleaded,175.0,6.0,automatic,front_wheel_drive,4.0,,midsize,sedan,27,18,210,22280
mercedes-benz,350-class,1991,diesel,134.0,6.0,automatic,rear_wheel_drive,4.0,"diesel,luxury",large,sedan,23,19,617,2311
nissan,frontier,2017,regular_unleaded,261.0,6.0,automatic,four_wheel_drive,4.0,,compact,crew_cab_pickup,21,15,2009,27650
dodge,dakota,2008,regular_unleaded,210.0,6.0,manual,rear_wheel_drive,4.0,,compact,extended_cab_pickup,20,16,1851,20470
chevrolet,c/k_2500_series,1998,regular_unleaded,255.0,8.0,manual,rear_wheel_drive,2.0,,large,extended_cab_pickup,18,12,1385,3068
toyota,yaris,2016,regular_unleaded,106.0,4.0,automatic,front_wheel_drive,2.0,hatchback,compact,2dr_hatchback,36,30,2031,15620
toyota,prius_c,2016,regular_unleaded,99.0,4.0,automatic,front_wheel_drive,4.0,"hatchback,hybrid",compact,4dr_hatchback,46,53,2031,21785
nissan,370z,2016,premium_unleaded_(required),332.0,6.0,manual,rear_wheel_drive,2.0,high-performance,compact,coupe,26,18,2009,29990
mitsubishi,montero_sport,2004,regular_unleaded,197.0,6.0,automatic,four_wheel_drive,4.0,,midsize,4dr_suv,17,14,436,25999
volkswagen,jetta_sportwagen,2013,regular_unleaded,170.0,5.0,automatic,front_wheel_drive,4.0,,compact,wagon,31,24,873,24395
hyundai,sonata,2016,regular_unleaded,185.0,4.0,automatic,front_wheel_drive,4.0,,midsize,sedan,36,25,1439,27350
gmc,yukon_xl,2015,flex-fuel_(unleaded/e85),355.0,8.0,automatic,four_wheel_drive,4.0,flex_fuel,large,4dr_suv,22,15,549,53440
mazda,6,2015,regular_unleaded,184.0,4.0,manual,front_wheel_drive,4.0,,midsize,sedan,37,25,586,23845
chevrolet,silverado_1500,2015,flex-fuel_(unleaded/e85),285.0,6.0,automatic,four_wheel_drive,4.0,flex_fuel,large,crew_cab_pickup,22,17,1385,39240
maserati,quattroporte,2017,premium_unleaded_(required),523.0,8.0,automatic,rear_wheel_drive,4.0,"exotic,factory_tuner,luxury,high-performance",large,sedan,22,15,238,145500
mercedes-benz,c-class,2017,premium_unleaded_(required),241.0,4.0,automatic,all_wheel_drive,2.0,luxury,midsize,convertible,29,22,617,52900
infiniti,qx70,2016,premium_unleaded_(required),325.0,6.0,automatic,rear_wheel_drive,4.0,"crossover,luxury,performance",midsize,4dr_suv,24,17,190,45850
infiniti,q50,2017,premium_unleaded_(recommended),360.0,6.0,automatic,rear_wheel_drive,4.0,"luxury,high-performance,hybrid",compact,sedan,32,27,190,47800
mitsubishi,precis,1992,regular_unleaded,81.0,4.0,manual,front_wheel_drive,2.0,hatchback,compact,2dr_hatchback,30,25,436,2000
chevrolet,silverado_1500,2015,flex-fuel_(unleaded/e85),285.0,6.0,automatic,four_wheel_drive,2.0,flex_fuel,large,regular_cab_pickup,22,17,1385,36825
gmc,sierra_1500,2016,flex-fuel_(unleaded/e85),285.0,6.0,automatic,rear_wheel_drive,2.0,flex_fuel,large,regular_cab_pickup,24,18,549,28105
oldsmobile,cutlass_supreme,1995,regular_unleaded,160.0,6.0,automatic,front_wheel_drive,4.0,,midsize,sedan,26,17,26,2000
bmw,1_series,2013,premium_unleaded_(required),320.0,6.0,manual,rear_wheel_drive,2.0,"luxury,high-performance",compact,coupe,28,20,3916,43550
oldsmobile,alero,2002,regular_unleaded,170.0,6.0,automatic,front_wheel_drive,4.0,,midsize,sedan,27,18,26,21080
chevrolet,sonic,2016,regular_unleaded,138.0,4.0,automatic,front_wheel_drive,4.0,hatchback,compact,4dr_hatchback,35,24,1385,18145
cadillac,srx,2016,regular_unleaded,308.0,6.0,automatic,all_wheel_drive,4.0,"crossover,luxury",midsize,4dr_suv,23,16,1624,48840
bmw,6_series,2016,premium_unleaded_(required),315.0,6.0,automatic,rear_wheel_drive,2.0,"luxury,performance",midsize,convertible,31,20,3916,84800
hyundai,accent,2016,regular_unleaded,137.0,4.0,automatic,front_wheel_drive,4.0,hatchback,compact,4dr_hatchback,37,26,1439,16195
honda,accord,2017,regular_unleaded,189.0,4.0,manual,front_wheel_drive,4.0,,midsize,sedan,32,23,2202,24415
acura,mdx,2015,premium_unleaded_(recommended),290.0,6.0,automatic,front_wheel_drive,4.0,"crossover,luxury",midsize,4dr_suv,28,20,204,46840
audi,q3,2016,premium_unleaded_(recommended),200.0,4.0,automatic,front_wheel_drive,4.0,"crossover,luxury",compact,4dr_suv,29,20,3105,33700
pontiac,vibe,2009,regular_unleaded,158.0,4.0,manual,front_wheel_drive,4.0,hatchback,compact,4dr_hatchback,28,21,210,20875
honda,civic_crx,1991,regular_unleaded,108.0,4.0,manual,front_wheel_drive,2.0,hatchback,compact,2dr_hatchback,30,24,2202,2000
volvo,740,1990,regular_unleaded,114.0,4.0,manual,rear_wheel_drive,4.0,luxury,midsize,wagon,26,19,870,2000
nissan,frontier,2017,regular_unleaded,261.0,6.0,automatic,four_wheel_drive,4.0,,compact,crew_cab_pickup,21,15,2009,36410
acura,tl,2013,premium_unleaded_(recommended),305.0,6.0,manual,all_wheel_drive,4.0,"luxury,performance",midsize,sedan,25,17,204,43185
lexus,rx_400h,2007,regular_unleaded,268.0,6.0,automatic,front_wheel_drive,4.0,"crossover,luxury,hybrid",midsize,4dr_suv,25,28,454,41180
nissan,240sx,1997,regular_unleaded,155.0,4.0,manual,rear_wheel_drive,2.0,performance,compact,coupe,26,19,2009,3910
honda,pilot,2016,regular_unleaded,280.0,6.0,automatic,front_wheel_drive,4.0,crossover,midsize,4dr_suv,27,19,2202,30145
cadillac,xts,2016,regular_unleaded,304.0,6.0,automatic,front_wheel_drive,4.0,"luxury,performance",large,sedan,28,18,1624,64550
lamborghini,gallardo,2012,premium_unleaded_(required),560.0,10.0,manual,all_wheel_drive,2.0,"exotic,high-performance",compact,convertible,20,12,1158,225400
dodge,stratus,2005,regular_unleaded,147.0,4.0,manual,front_wheel_drive,2.0,,midsize,coupe,29,21,1851,20135
chevrolet,silverado_1500_classic,2007,flex-fuel_(unleaded/e85),295.0,8.0,automatic,four_wheel_drive,4.0,flex_fuel,large,extended_cab_pickup,17,13,1385,31810
plymouth,laser,1992,regular_unleaded,195.0,4.0,manual,all_wheel_drive,2.0,"hatchback,performance",compact,2dr_hatchback,23,18,535,2000
porsche,cayenne,2016,premium_unleaded_(required),300.0,6.0,automatic,all_wheel_drive,4.0,"crossover,luxury",midsize,4dr_suv,24,19,1715,58300
saab,900,1996,regular_unleaded,150.0,4.0,manual,front_wheel_drive,2.0,luxury,compact,convertible,26,18,376,2000
gmc,sierra_1500_classic,2007,regular_unleaded,195.0,6.0,automatic,rear_wheel_drive,4.0,flex_fuel,large,extended_cab_pickup,20,14,549,21465
scion,xd,2014,regular_unleaded,128.0,4.0,manual,front_wheel_drive,4.0,hatchback,compact,4dr_hatchback,33,27,105,15920
chevrolet,camaro,2016,premium_unleaded_(recommended),455.0,8.0,manual,rear_wheel_drive,2.0,high-performance,midsize,coupe,25,16,1385,41300
lotus,elise,2011,premium_unleaded_(required),217.0,4.0,manual,rear_wheel_drive,2.0,"exotic,high-performance",compact,convertible,26,20,613,57950
nissan,juke,2015,premium_unleaded_(recommended),188.0,4.0,automatic,front_wheel_drive,4.0,"crossover,hatchback",compact,4dr_hatchback,32,28,2009,22300
lotus,evora,2014,premium_unleaded_(required),345.0,6.0,manual,rear_wheel_drive,2.0,"exotic,high-performance",compact,coupe,26,17,613,78750
kia,soul,2016,regular_unleaded,164.0,4.0,automatic,front_wheel_drive,4.0,,compact,wagon,31,24,1720,19400
hummer,h3t,2009,regular_unleaded,239.0,5.0,manual,four_wheel_drive,4.0,"crossover,luxury",compact,crew_cab_pickup,18,14,130,30750
infiniti,g20,2001,regular_unleaded,145.0,4.0,manual,front_wheel_drive,4.0,luxury,compact,sedan,29,21,190,24095
volvo,s70,2000,regular_unleaded,236.0,5.0,manual,front_wheel_drive,4.0,"luxury,performance",midsize,sedan,25,18,870,2608
land_rover,range_rover,2014,premium_unleaded_(required),340.0,6.0,automatic,four_wheel_drive,4.0,luxury,large,4dr_suv,23,17,258,83300
nissan,leaf,2015,electric,,0.0,direct_drive,front_wheel_drive,4.0,hatchback,compact,4dr_hatchback,101,126,2009,29010
volkswagen,golf_r,2017,premium_unleaded_(recommended),292.0,4.0,manual,all_wheel_drive,4.0,"hatchback,factory_tuner,high-performance",compact,4dr_hatchback,31,22,873,39375
volkswagen,new_beetle,2010,regular_unleaded,150.0,5.0,automatic,front_wheel_drive,2.0,hatchback,compact,2dr_hatchback,29,20,873,20390
infiniti,q70,2014,premium_unleaded_(recommended),360.0,6.0,automatic,rear_wheel_drive,4.0,"luxury,hybrid",large,sedan,34,29,190,55650
mazda,b-series,2001,regular_unleaded,150.0,6.0,manual,rear_wheel_drive,2.0,,compact,extended_cab_pickup,21,15,586,17225
volkswagen,gti,2012,premium_unleaded_(recommended),200.0,4.0,manual,front_wheel_drive,4.0,"hatchback,performance",compact,4dr_hatchback,31,21,873,24595
cadillac,cts_coupe,2013,regular_unleaded,318.0,6.0,automatic,all_wheel_drive,2.0,"luxury,performance",midsize,coupe,27,18,1624,50050
bmw,4_series_gran_coupe,2017,premium_unleaded_(recommended),248.0,4.0,automatic,rear_wheel_drive,4.0,"luxury,performance",midsize,sedan,34,23,3916,41950
volkswagen,vanagon,1990,regular_unleaded,90.0,4.0,automatic,rear_wheel_drive,3.0,,large,passenger_minivan,16,15,873,2000
volkswagen,jetta_gli,2013,premium_unleaded_(recommended),210.0,4.0,automated_manual,front_wheel_drive,4.0,performance,midsize,sedan,32,24,873,29525
dodge,monaco,1992,regular_unleaded,150.0,6.0,automatic,front_wheel_drive,4.0,,midsize,sedan,24,16,1851,2000
ford,transit_connect,2016,regular_unleaded,169.0,4.0,automatic,front_wheel_drive,4.0,,compact,passenger_minivan,28,20,5657,29300
ford,flex,2016,regular_unleaded,287.0,6.0,automatic,front_wheel_drive,4.0,"crossover,performance",large,wagon,23,16,5657,32300
volkswagen,beetle_convertible,2014,premium_unleaded_(recommended),210.0,4.0,automated_manual,front_wheel_drive,2.0,performance,compact,convertible,29,23,873,30495
acura,mdx,2015,premium_unleaded_(recommended),290.0,6.0,automatic,all_wheel_drive,4.0,"crossover,luxury",midsize,4dr_suv,27,18,204,56780
tesla,model_s,2016,electric,,0.0,direct_drive,all_wheel_drive,,"exotic,performance",large,sedan,101,98,1391,66000
hyundai,elantra_touring,2010,regular_unleaded,138.0,4.0,automatic,front_wheel_drive,4.0,hatchback,compact,4dr_hatchback,30,23,1439,17195
chevrolet,trax,2016,regular_unleaded,138.0,4.0,automatic,front_wheel_drive,4.0,crossover,compact,4dr_suv,34,26,1385,20300
acura,legend,1995,regular_unleaded,200.0,6.0,automatic,front_wheel_drive,4.0,luxury,midsize,sedan,22,17,204,2144
nissan,titan,2014,regular_unleaded,317.0,8.0,automatic,four_wheel_drive,4.0,flex_fuel,large,crew_cab_pickup,17,12,2009,36840
mazda,626,2000,regular_unleaded,170.0,6.0,manual,front_wheel_drive,4.0,,midsize,sedan,25,19,586,2234
buick,skylark,1997,regular_unleaded,150.0,4.0,automatic,front_wheel_drive,4.0,,midsize,sedan,29,19,155,2000
mitsubishi,montero,2004,regular_unleaded,215.0,6.0,automatic,four_wheel_drive,4.0,,midsize,4dr_suv,18,13,436,34999
ford,aerostar,1997,regular_unleaded,140.0,6.0,automatic,rear_wheel_drive,3.0,,midsize,cargo_minivan,21,15,5657,2000
subaru,wrx,2017,premium_unleaded_(recommended),268.0,4.0,automatic,all_wheel_drive,4.0,performance,compact,sedan,24,18,640,30195
nissan,240sx,1998,regular_unleaded,155.0,4.0,manual,rear_wheel_drive,2.0,performance,compact,coupe,25,20,2009,4693
pontiac,torrent,2009,regular_unleaded,264.0,6.0,automatic,all_wheel_drive,4.0,"crossover,factory_tuner,performance",compact,4dr_suv,24,16,210,31415
chevrolet,colorado,2016,regular_unleaded,305.0,6.0,automatic,four_wheel_drive,4.0,diesel,compact,crew_cab_pickup,24,17,1385,33195
toyota,tacoma,2016,regular_unleaded,278.0,6.0,automatic,rear_wheel_drive,4.0,,compact,crew_cab_pickup,24,19,2031,28845
gmc,sierra_1500,2017,regular_unleaded,355.0,8.0,automatic,rear_wheel_drive,4.0,,large,crew_cab_pickup,23,16,549,38115
nissan,frontier,2016,regular_unleaded,261.0,6.0,automatic,four_wheel_drive,4.0,,compact,crew_cab_pickup,21,15,2009,28380
cadillac,escalade_ext,2011,flex-fuel_(premium_unleaded_recommended/e85),403.0,8.0,automatic,all_wheel_drive,4.0,"crossover,flex_fuel,luxury,performance",large,crew_cab_pickup,18,13,1624,67350
porsche,911,2017,premium_unleaded_(required),420.0,6.0,manual,all_wheel_drive,2.0,"luxury,high-performance",compact,convertible,28,20,1715,122600
lexus,gx_460,2017,premium_unleaded_(required),301.0,8.0,automatic,four_wheel_drive,4.0,luxury,midsize,4dr_suv,18,15,454,51280
hyundai,veloster,2014,regular_unleaded,138.0,4.0,manual,front_wheel_drive,3.0,hatchback,compact,2dr_hatchback,35,26,1439,17800
chevrolet,malibu,2015,regular_unleaded,196.0,4.0,automatic,front_wheel_drive,4.0,,midsize,sedan,36,25,1385,22340
volkswagen,beetle_convertible,2014,diesel,140.0,4.0,automated_manual,front_wheel_drive,2.0,diesel,compact,convertible,41,28,873,32755
ferrari,360,2003,premium_unleaded_(required),400.0,8.0,automated_manual,rear_wheel_drive,2.0,"exotic,high-performance",compact,convertible,15,10,2774,176287
buick,lucerne,2010,flex-fuel_(unleaded/e85),227.0,6.0,automatic,front_wheel_drive,4.0,flex_fuel,large,sedan,26,17,155,33230
dodge,durango,2017,regular_unleaded,295.0,6.0,automatic,rear_wheel_drive,4.0,"crossover,performance",large,4dr_suv,26,19,1851,41395
kia,soul,2016,regular_unleaded,130.0,4.0,automatic,front_wheel_drive,4.0,,compact,wagon,30,24,1720,17400
audi,a3,2016,premium_unleaded_(recommended),170.0,4.0,automated_manual,front_wheel_drive,2.0,luxury,compact,convertible,35,24,3105,39300
mitsubishi,expo,1995,regular_unleaded,136.0,4.0,automatic,four_wheel_drive,4.0,hatchback,compact,4dr_hatchback,21,17,436,2000
infiniti,i30,2000,regular_unleaded,227.0,6.0,automatic,front_wheel_drive,4.0,"luxury,performance",midsize,sedan,25,17,190,2648
audi,a3,2016,premium_unleaded_(recommended),220.0,4.0,automated_manual,all_wheel_drive,4.0,luxury,compact,sedan,33,24,3105,37700
toyota,echo,2005,regular_unleaded,108.0,4.0,automatic,front_wheel_drive,2.0,,compact,coupe,36,28,2031,11255
ford,explorer,2017,regular_unleaded,280.0,4.0,automatic,all_wheel_drive,4.0,"crossover,flex_fuel,performance",midsize,4dr_suv,25,18,5657,43675
mazda,3,2015,regular_unleaded,155.0,4.0,automatic,front_wheel_drive,4.0,,compact,sedan,41,30,586,17995
chrysler,crossfire,2006,premium_unleaded_(required),215.0,6.0,manual,rear_wheel_drive,2.0,performance,compact,coupe,23,15,1013,29145
kia,rondo,2008,regular_unleaded,182.0,6.0,automatic,front_wheel_drive,4.0,,compact,wagon,26,18,1720,18895
toyota,tacoma,2015,regular_unleaded,236.0,6.0,manual,four_wheel_drive,4.0,,compact,crew_cab_pickup,19,15,2031,36635
mercedes-benz,c-class,2016,premium_unleaded_(required),362.0,6.0,automatic,all_wheel_drive,4.0,"factory_tuner,luxury,high-performance",midsize,sedan,29,21,617,50800
kia,sedona,2016,regular_unleaded,276.0,6.0,automatic,front_wheel_drive,4.0,,midsize,passenger_minivan,25,18,1720,36400
aston_martin,v8_vantage,2015,premium_unleaded_(required),430.0,8.0,manual,rear_wheel_drive,2.0,"exotic,high-performance",compact,coupe,19,13,259,117995
nissan,200sx,1997,regular_unleaded,140.0,4.0,manual,front_wheel_drive,2.0,performance,compact,coupe,29,21,2009,2000
audi,v8,1992,regular_unleaded,276.0,8.0,automatic,all_wheel_drive,4.0,"luxury,performance",midsize,sedan,18,13,3105,2000
chevrolet,silverado_1500,2015,flex-fuel_(unleaded/e85),285.0,6.0,automatic,rear_wheel_drive,2.0,flex_fuel,large,regular_cab_pickup,24,18,1385,31750
toyota,highlander_hybrid,2016,regular_unleaded,280.0,6.0,automatic,all_wheel_drive,4.0,"crossover,hybrid",midsize,4dr_suv,28,27,2031,47870
chevrolet,metro,2000,regular_unleaded,55.0,3.0,manual,front_wheel_drive,2.0,hatchback,compact,2dr_hatchback,41,32,1385,2000
chevrolet,monte_carlo,2006,flex-fuel_(unleaded/e85),211.0,6.0,automatic,front_wheel_drive,2.0,flex_fuel,midsize,coupe,29,19,1385,20830
land_rover,range_rover_sport,2016,premium_unleaded_(recommended),550.0,8.0,automatic,four_wheel_drive,4.0,"factory_tuner,luxury,high-performance",midsize,4dr_suv,19,14,258,111350
volkswagen,rabbit,2007,regular_unleaded,150.0,5.0,automatic,front_wheel_drive,2.0,hatchback,compact,2dr_hatchback,28,19,873,16065
gmc,acadia,2017,regular_unleaded,310.0,6.0,automatic,all_wheel_drive,4.0,crossover,midsize,4dr_suv,25,18,549,43750
bmw,m6,2016,premium_unleaded_(required),552.0,8.0,automated_manual,rear_wheel_drive,2.0,"factory_tuner,luxury,high-performance",midsize,coupe,20,14,3916,113400
acura,rdx,2016,premium_unleaded_(recommended),279.0,6.0,automatic,front_wheel_drive,4.0,"crossover,luxury",midsize,4dr_suv,29,20,204,40370
buick,cascada,2017,premium_unleaded_(recommended),200.0,4.0,automatic,front_wheel_drive,2.0,,midsize,convertible,27,20,155,33065
ford,f-150,2015,flex-fuel_(unleaded/e85),385.0,8.0,automatic,four_wheel_drive,4.0,flex_fuel,large,crew_cab_pickup,21,15,5657,52545
cadillac,escalade_esv,2015,flex-fuel_(unleaded/e85),420.0,8.0,automatic,four_wheel_drive,4.0,"flex_fuel,luxury,performance",large,4dr_suv,20,14,1624,85795
volvo,s80,2016,regular_unleaded,240.0,4.0,automatic,front_wheel_drive,4.0,luxury,midsize,sedan,37,25,870,43450
cadillac,ats,2016,regular_unleaded,335.0,6.0,automatic,rear_wheel_drive,4.0,"luxury,high-performance",midsize,sedan,30,20,1624,48110
cadillac,dts,2009,regular_unleaded,275.0,8.0,automatic,front_wheel_drive,4.0,luxury,large,sedan,23,15,1624,49230
porsche,911,2016,premium_unleaded_(required),430.0,6.0,manual,rear_wheel_drive,2.0,"luxury,high-performance",compact,coupe,26,18,1715,114200
bmw,z4_m,2007,premium_unleaded_(required),330.0,6.0,manual,rear_wheel_drive,2.0,"factory_tuner,luxury,high-performance",compact,coupe,22,15,3916,50100
toyota,prius,2015,regular_unleaded,134.0,4.0,automatic,front_wheel_drive,4.0,"hatchback,hybrid",compact,4dr_hatchback,48,51,2031,30005
volkswagen,tiguan,2015,premium_unleaded_(recommended),200.0,4.0,automatic,all_wheel_drive,4.0,crossover,compact,4dr_suv,26,20,873,39625
cadillac,escalade_ext,2012,flex-fuel_(premium_unleaded_recommended/e85),403.0,8.0,automatic,all_wheel_drive,4.0,"crossover,flex_fuel,luxury",large,crew_cab_pickup,18,13,1624,63060
chevrolet,silverado_1500,2015,flex-fuel_(unleaded/e85),285.0,6.0,automatic,four_wheel_drive,4.0,flex_fuel,large,crew_cab_pickup,22,17,1385,37380
infiniti,m,2012,premium_unleaded_(recommended),360.0,6.0,automatic,rear_wheel_drive,4.0,"luxury,hybrid",large,sedan,32,27,190,53700
toyota,yaris,2016,regular_unleaded,106.0,4.0,manual,front_wheel_drive,2.0,hatchback,compact,2dr_hatchback,37,30,2031,14895
gmc,sierra_1500,2015,flex-fuel_(unleaded/e85),285.0,6.0,automatic,four_wheel_drive,4.0,flex_fuel,large,extended_cab_pickup,22,17,549,40045
ford,five_hundred,2007,regular_unleaded,203.0,6.0,automatic,front_wheel_drive,4.0,,large,sedan,26,19,5657,23035
mercedes-benz,clk-class,2007,premium_unleaded_(required),382.0,8.0,automatic,rear_wheel_drive,2.0,"luxury,high-performance",compact,convertible,22,15,617,62900
chrysler,concorde,2004,regular_unleaded,250.0,6.0,automatic,front_wheel_drive,4.0,performance,large,sedan,25,17,1013,29105
subaru,legacy,2015,regular_unleaded,256.0,6.0,automatic,all_wheel_drive,4.0,performance,midsize,sedan,28,20,640,29595
kia,k900,2015,premium_unleaded_(recommended),420.0,8.0,automatic,rear_wheel_drive,4.0,"luxury,high-performance",large,sedan,23,15,1720,59900
kia,sportage,2016,regular_unleaded,260.0,4.0,automatic,front_wheel_drive,4.0,crossover,compact,4dr_suv,26,20,1720,29990
hyundai,veracruz,2011,regular_unleaded,260.0,6.0,automatic,all_wheel_drive,4.0,crossover,midsize,4dr_suv,21,16,1439,30245
lincoln,mark_viii,1996,regular_unleaded,280.0,8.0,automatic,rear_wheel_drive,2.0,luxury,large,coupe,24,16,61,2000
volkswagen,golf_gti,2015,premium_unleaded_(recommended),210.0,4.0,manual,front_wheel_drive,2.0,"hatchback,performance",compact,2dr_hatchback,34,25,873,27785
chevrolet,s-10,2003,flex-fuel_(unleaded/e85),120.0,4.0,manual,rear_wheel_drive,2.0,flex_fuel,compact,regular_cab_pickup,25,19,1385,18780
kia,rio,2016,regular_unleaded,138.0,4.0,automatic,front_wheel_drive,4.0,,compact,sedan,37,27,1720,17755
chevrolet,impala,2016,flex-fuel_(unleaded/e85),305.0,6.0,automatic,front_wheel_drive,4.0,"flex_fuel,performance",large,sedan,29,19,1385,35540
chevrolet,colorado,2016,regular_unleaded,305.0,6.0,automatic,four_wheel_drive,4.0,diesel,compact,crew_cab_pickup,24,17,1385,35300
suzuki,sx4,2011,regular_unleaded,150.0,4.0,manual,all_wheel_drive,4.0,"crossover,hatchback",compact,4dr_hatchback,30,22,481,16999
gmc,sonoma,2002,regular_unleaded,190.0,6.0,manual,four_wheel_drive,3.0,,compact,extended_cab_pickup,16,12,549,19675
saab,9-3_griffin,2012,flex-fuel_(premium_unleaded_recommended/e85),220.0,4.0,automatic,front_wheel_drive,2.0,"flex_fuel,luxury",compact,convertible,28,18,376,40840
mazda,tribute,2010,regular_unleaded,171.0,4.0,automatic,front_wheel_drive,4.0,crossover,compact,4dr_suv,28,21,586,25550
volkswagen,jetta,2017,regular_unleaded,150.0,4.0,automatic,front_wheel_drive,4.0,,midsize,sedan,38,28,873,18995
kia,optima,2014,regular_unleaded,192.0,4.0,automatic,front_wheel_drive,4.0,,midsize,sedan,34,23,1720,21500
chevrolet,hhr,2011,flex-fuel_(unleaded/e85),155.0,4.0,manual,front_wheel_drive,4.0,flex_fuel,compact,wagon,32,22,1385,19030
kia,sportage,2017,regular_unleaded,237.0,4.0,automatic,all_wheel_drive,4.0,crossover,compact,4dr_suv,23,20,1720,34000
gmc,yukon_hybrid,2012,regular_unleaded,332.0,8.0,automatic,four_wheel_drive,4.0,"luxury,hybrid",large,4dr_suv,23,20,549,55280
chevrolet,colorado,2012,regular_unleaded,300.0,8.0,automatic,rear_wheel_drive,4.0,performance,compact,crew_cab_pickup,20,14,1385,28340
volkswagen,jetta_sportwagen,2013,regular_unleaded,170.0,5.0,manual,front_wheel_drive,4.0,,compact,wagon,33,23,873,20595
suzuki,sx4,2011,regular_unleaded,150.0,4.0,manual,front_wheel_drive,4.0,"crossover,hatchback",compact,4dr_hatchback,30,22,481,16599
ford,contour,1999,regular_unleaded,125.0,4.0,manual,front_wheel_drive,4.0,,midsize,sedan,31,21,5657,2000
ford,focus,2015,flex-fuel_(unleaded/e85),160.0,4.0,automated_manual,front_wheel_drive,4.0,"hatchback,flex_fuel",compact,4dr_hatchback,40,27,5657,23670
mazda,truck,2002,regular_unleaded,207.0,6.0,manual,rear_wheel_drive,4.0,,compact,extended_cab_pickup,20,16,586,19885
mercedes-benz,glc-class,2017,premium_unleaded_(recommended),241.0,4.0,automatic,rear_wheel_drive,4.0,"crossover,luxury",midsize,4dr_suv,28,22,617,39150
chevrolet,c/k_1500_series,1997,regular_unleaded,200.0,6.0,manual,rear_wheel_drive,2.0,,large,extended_cab_pickup,20,15,1385,2713
lexus,nx_200t,2015,premium_unleaded_(required),235.0,4.0,automatic,all_wheel_drive,4.0,"crossover,luxury",midsize,4dr_suv,28,21,454,35880
gmc,sonoma,2002,flex-fuel_(unleaded/e85),120.0,4.0,manual,rear_wheel_drive,3.0,flex_fuel,compact,extended_cab_pickup,25,19,549,15957
mazda,mx-5_miata,2015,premium_unleaded_(recommended),167.0,4.0,manual,rear_wheel_drive,2.0,performance,compact,convertible,28,21,586,29450
buick,roadmaster,1994,regular_unleaded,260.0,8.0,automatic,rear_wheel_drive,4.0,,large,sedan,23,15,155,2000
pontiac,g6,2009,regular_unleaded,221.0,6.0,automatic,front_wheel_drive,4.0,performance,midsize,sedan,26,17,210,24180
gmc,s-15_jimmy,1991,regular_unleaded,150.0,6.0,manual,four_wheel_drive,2.0,,compact,2dr_suv,18,14,549,2000
acura,legend,1994,regular_unleaded,200.0,6.0,automatic,front_wheel_drive,4.0,luxury,midsize,sedan,22,17,204,2063
oldsmobile,alero,2002,regular_unleaded,170.0,6.0,automatic,front_wheel_drive,2.0,,midsize,coupe,27,18,26,21080
dodge,challenger,2016,premium_unleaded_(recommended),485.0,8.0,manual,rear_wheel_drive,2.0,"factory_tuner,high-performance",large,coupe,23,14,1851,42795
audi,a7,2015,diesel,240.0,6.0,automatic,all_wheel_drive,4.0,"diesel,luxury",large,sedan,38,24,3105,68300
nissan,versa,2017,regular_unleaded,109.0,4.0,automatic,front_wheel_drive,4.0,,compact,sedan,35,26,2009,13680
chevrolet,tahoe,2015,flex-fuel_(unleaded/e85),355.0,8.0,automatic,rear_wheel_drive,4.0,flex_fuel,large,4dr_suv,23,16,1385,51505
bentley,continental_supersports,2012,flex-fuel_(premium_unleaded_required/e85),621.0,12.0,automatic,all_wheel_drive,2.0,"exotic,flex_fuel,factory_tuner,luxury,high-performance",midsize,coupe,19,12,520,267000
dodge,ram_150,1993,regular_unleaded,230.0,8.0,manual,rear_wheel_drive,2.0,,large,extended_cab_pickup,16,12,1851,2000
ford,mustang,2016,premium_unleaded_(recommended),310.0,4.0,manual,rear_wheel_drive,2.0,performance,midsize,coupe,31,22,5657,25645
chrysler,sebring,2009,regular_unleaded,173.0,4.0,automatic,front_wheel_drive,4.0,flex_fuel,midsize,sedan,30,21,1013,20515
plymouth,colt,1994,regular_unleaded,136.0,4.0,manual,front_wheel_drive,4.0,,compact,wagon,25,19,535,2000
chevrolet,camaro,2015,premium_unleaded_(recommended),426.0,8.0,manual,rear_wheel_drive,2.0,high-performance,midsize,coupe,24,16,1385,33505
cadillac,sts,2010,regular_unleaded,302.0,6.0,automatic,rear_wheel_drive,4.0,"luxury,performance",large,sedan,27,18,1624,50385
toyota,sequoia,2015,regular_unleaded,381.0,8.0,automatic,four_wheel_drive,4.0,,large,4dr_suv,17,13,2031,56580
dodge,ram_wagon,2002,regular_unleaded,175.0,6.0,automatic,rear_wheel_drive,3.0,,compact,passenger_van,15,13,1851,21345
volkswagen,tiguan,2016,premium_unleaded_(recommended),200.0,4.0,automatic,front_wheel_drive,4.0,crossover,compact,4dr_suv,26,21,873,34445
acura,tlx,2017,premium_unleaded_(recommended),290.0,6.0,automatic,front_wheel_drive,4.0,luxury,midsize,sedan,34,21,204,39400
land_rover,discovery_sport,2016,premium_unleaded_(recommended),240.0,4.0,automatic,all_wheel_drive,4.0,"crossover,luxury",midsize,4dr_suv,26,20,258,45955
volkswagen,beetle_convertible,2016,premium_unleaded_(recommended),210.0,4.0,automated_manual,front_wheel_drive,2.0,performance,compact,convertible,31,23,873,36050
nissan,sentra,2016,regular_unleaded,130.0,4.0,automatic,front_wheel_drive,4.0,,midsize,sedan,38,29,2009,20410
volvo,s60,2016,regular_unleaded,250.0,5.0,automatic,all_wheel_drive,4.0,"luxury,performance",midsize,sedan,29,20,870,43400
gmc,sierra_1500,2017,flex-fuel_(unleaded/e85),285.0,6.0,automatic,rear_wheel_drive,2.0,flex_fuel,large,regular_cab_pickup,24,18,549,28205
chevrolet,silverado_1500_classic,2007,regular_unleaded,195.0,6.0,manual,four_wheel_drive,2.0,flex_fuel,large,regular_cab_pickup,19,14,1385,19620
buick,park_avenue,2004,premium_unleaded_(required),240.0,6.0,automatic,front_wheel_drive,4.0,performance,large,sedan,26,16,155,40425
nissan,titan,2014,regular_unleaded,317.0,8.0,automatic,four_wheel_drive,4.0,flex_fuel,large,crew_cab_pickup,17,12,2009,39780
chrysler,le_baron,1993,regular_unleaded,141.0,6.0,manual,front_wheel_drive,2.0,,compact,coupe,26,17,1013,2000
toyota,tacoma,2016,regular_unleaded,278.0,6.0,automatic,rear_wheel_drive,4.0,,compact,extended_cab_pickup,24,19,2031,30025
chevrolet,venture,2003,regular_unleaded,185.0,6.0,automatic,front_wheel_drive,4.0,,midsize,cargo_minivan,24,17,1385,22440
cadillac,dts,2009,regular_unleaded,292.0,8.0,automatic,front_wheel_drive,4.0,luxury,large,sedan,22,15,1624,54230
dodge,dakota,2009,regular_unleaded,210.0,6.0,automatic,rear_wheel_drive,4.0,flex_fuel,compact,extended_cab_pickup,20,15,1851,23710
mazda,2,2014,regular_unleaded,100.0,4.0,automatic,front_wheel_drive,4.0,hatchback,compact,4dr_hatchback,34,28,586,17050
chevrolet,silverado_1500,2016,flex-fuel_(unleaded/e85),285.0,6.0,automatic,rear_wheel_drive,4.0,flex_fuel,large,crew_cab_pickup,24,18,1385,35545
oldsmobile,alero,2003,regular_unleaded,140.0,4.0,automatic,front_wheel_drive,2.0,,midsize,coupe,30,21,26,20035
hyundai,excel,1994,regular_unleaded,81.0,4.0,manual,front_wheel_drive,2.0,hatchback,compact,2dr_hatchback,33,24,1439,2000
pontiac,bonneville,2003,regular_unleaded,205.0,6.0,automatic,front_wheel_drive,4.0,,large,sedan,27,17,210,26695
mitsubishi,eclipse,2010,regular_unleaded,162.0,4.0,automatic,front_wheel_drive,2.0,hatchback,compact,2dr_hatchback,27,20,436,24699
plymouth,laser,1994,regular_unleaded,92.0,4.0,manual,front_wheel_drive,2.0,hatchback,compact,2dr_hatchback,29,21,535,2000
cadillac,cts,2016,premium_unleaded_(recommended),268.0,4.0,automatic,all_wheel_drive,4.0,"luxury,performance",large,sedan,29,21,1624,62685
mazda,b-series,2001,regular_unleaded,150.0,6.0,manual,four_wheel_drive,2.0,,compact,extended_cab_pickup,19,15,586,20030
ford,f-150,2015,flex-fuel_(unleaded/e85),385.0,8.0,automatic,rear_wheel_drive,4.0,flex_fuel,large,crew_cab_pickup,22,15,5657,51885
mazda,cx-9,2015,regular_unleaded,273.0,6.0,automatic,all_wheel_drive,4.0,crossover,large,4dr_suv,22,16,586,31575
genesis,g80,2017,regular_unleaded,311.0,6.0,automatic,rear_wheel_drive,4.0,"luxury,performance",large,sedan,28,18,21,41400
audi,a3,2016,premium_unleaded_(recommended),170.0,4.0,automated_manual,front_wheel_drive,4.0,luxury,compact,sedan,33,23,3105,34400
audi,tt,2016,premium_unleaded_(recommended),220.0,4.0,automated_manual,all_wheel_drive,2.0,"luxury,performance",compact,coupe,30,23,3105,42900
subaru,b9_tribeca,2006,premium_unleaded_(required),250.0,6.0,automatic,all_wheel_drive,4.0,crossover,midsize,4dr_suv,21,16,640,30695
porsche,boxster,2014,premium_unleaded_(required),315.0,6.0,manual,rear_wheel_drive,2.0,"luxury,high-performance",compact,convertible,28,20,1715,62100
gmc,canyon,2016,regular_unleaded,305.0,6.0,automatic,rear_wheel_drive,4.0,,compact,extended_cab_pickup,26,18,549,31540
dodge,shadow,1993,regular_unleaded,100.0,4.0,manual,front_wheel_drive,4.0,hatchback,compact,4dr_hatchback,29,22,1851,2000
chrysler,200,2017,flex-fuel_(unleaded/e85),184.0,4.0,automatic,front_wheel_drive,4.0,flex_fuel,midsize,sedan,36,23,1013,24490
honda,element,2009,regular_unleaded,166.0,4.0,automatic,front_wheel_drive,4.0,crossover,compact,4dr_suv,25,20,2202,25770
buick,encore,2016,regular_unleaded,138.0,4.0,automatic,all_wheel_drive,4.0,crossover,compact,4dr_suv,30,23,155,27855
acura,rdx,2017,premium_unleaded_(recommended),279.0,6.0,automatic,front_wheel_drive,4.0,"crossover,luxury",midsize,4dr_suv,28,20,204,35570
infiniti,q50,2015,premium_unleaded_(recommended),328.0,6.0,automatic,all_wheel_drive,4.0,"luxury,performance",midsize,sedan,27,19,190,38950
chevrolet,spark,2017,regular_unleaded,98.0,4.0,manual,front_wheel_drive,4.0,hatchback,compact,4dr_hatchback,38,29,1385,16325
acura,nsx,2004,regular_unleaded,290.0,6.0,manual,rear_wheel_drive,2.0,"exotic,luxury,high-performance",compact,coupe,22,16,204,89000
nissan,300zx,1995,regular_unleaded,222.0,6.0,manual,rear_wheel_drive,2.0,performance,compact,convertible,22,17,2009,3101
bmw,7_series,2015,premium_unleaded_(required),445.0,8.0,automatic,all_wheel_drive,4.0,"luxury,high-performance",large,sedan,24,16,3916,94000
bmw,activehybrid_7,2015,premium_unleaded_(required),335.0,6.0,automatic,rear_wheel_drive,4.0,"luxury,performance,hybrid",large,sedan,30,22,3916,84300
kia,sorento,2017,regular_unleaded,290.0,6.0,automatic,all_wheel_drive,4.0,crossover,midsize,4dr_suv,23,17,1720,45700
bmw,z3,2001,premium_unleaded_(required),225.0,6.0,manual,rear_wheel_drive,2.0,"hatchback,luxury,performance",compact,2dr_hatchback,26,19,3916,37700
ford,explorer,2016,flex-fuel_(unleaded/e85),290.0,6.0,automatic,all_wheel_drive,4.0,"crossover,flex_fuel",midsize,4dr_suv,23,16,5657,35400
volkswagen,beetle,2015,regular_unleaded,170.0,4.0,manual,front_wheel_drive,2.0,hatchback,compact,2dr_hatchback,33,24,873,23085
chrysler,le_baron,1993,regular_unleaded,141.0,6.0,automatic,front_wheel_drive,2.0,,compact,convertible,26,18,1013,2000
audi,allroad,2015,premium_unleaded_(recommended),220.0,4.0,automatic,all_wheel_drive,4.0,luxury,midsize,wagon,28,21,3105,42400
mazda,rx-8,2009,premium_unleaded_(required),212.0,,automatic,rear_wheel_drive,4.0,performance,compact,coupe,23,16,586,26435
ford,taurus,2016,flex-fuel_(unleaded/e85),288.0,6.0,automatic,all_wheel_drive,4.0,"flex_fuel,performance",large,sedan,24,17,5657,36310
lexus,hs_250h,2010,regular_unleaded,187.0,4.0,automatic,front_wheel_drive,4.0,"luxury,hybrid",midsize,sedan,34,35,454,37420
dodge,ram_250,1993,regular_unleaded,230.0,8.0,manual,four_wheel_drive,2.0,,large,regular_cab_pickup,15,12,1851,2122
nissan,frontier,2016,regular_unleaded,261.0,6.0,automatic,four_wheel_drive,4.0,,compact,crew_cab_pickup,21,15,2009,32890
toyota,tundra,2016,regular_unleaded,381.0,8.0,automatic,four_wheel_drive,4.0,,large,extended_cab_pickup,17,13,2031,34220
mercedes-benz,300-class,1992,regular_unleaded,217.0,6.0,automatic,rear_wheel_drive,2.0,luxury,midsize,coupe,21,15,617,2248
mitsubishi,montero,2006,regular_unleaded,215.0,6.0,automatic,four_wheel_drive,4.0,,midsize,4dr_suv,17,13,436,36159
cadillac,cts,2017,premium_unleaded_(recommended),268.0,4.0,automatic,all_wheel_drive,4.0,"luxury,performance",large,sedan,29,21,1624,47995
lexus,rx_450h,2016,premium_unleaded_(recommended),308.0,6.0,automatic,front_wheel_drive,4.0,"crossover,luxury,hybrid",midsize,4dr_suv,30,31,454,52235
bmw,6_series_gran_coupe,2015,premium_unleaded_(required),315.0,6.0,automatic,rear_wheel_drive,4.0,"luxury,performance",large,sedan,31,20,3916,78300
bmw,5_series_gran_turismo,2015,premium_unleaded_(required),445.0,8.0,automatic,all_wheel_drive,4.0,"hatchback,luxury,performance",large,4dr_hatchback,24,16,3916,71400
gmc,sierra_1500_hybrid,2011,regular_unleaded,332.0,8.0,automatic,four_wheel_drive,4.0,hybrid,large,crew_cab_pickup,23,20,549,42245
mitsubishi,mirage,2014,regular_unleaded,74.0,3.0,manual,front_wheel_drive,4.0,hatchback,compact,4dr_hatchback,42,34,436,12995
lincoln,mkt,2017,premium_unleaded_(recommended),365.0,6.0,automatic,all_wheel_drive,4.0,"crossover,luxury,performance",large,wagon,21,15,61,49025
saab,900,1997,regular_unleaded,150.0,4.0,manual,front_wheel_drive,2.0,"hatchback,luxury",compact,2dr_hatchback,26,18,376,2000
suzuki,sidekick,1998,regular_unleaded,120.0,4.0,manual,four_wheel_drive,4.0,,compact,4dr_suv,23,20,481,2153
pontiac,g6,2009,regular_unleaded,164.0,4.0,automatic,front_wheel_drive,2.0,,midsize,coupe,33,22,210,22220
chevrolet,silverado_1500_hybrid,2011,regular_unleaded,332.0,8.0,automatic,four_wheel_drive,4.0,hybrid,large,crew_cab_pickup,23,20,1385,41875
chevrolet,sonic,2016,regular_unleaded,138.0,4.0,automatic,front_wheel_drive,4.0,,compact,sedan,35,24,1385,17545
nissan,quest,2015,regular_unleaded,260.0,6.0,automatic,front_wheel_drive,4.0,,compact,passenger_minivan,27,20,2009,26530
hyundai,azera,2016,regular_unleaded,293.0,6.0,automatic,front_wheel_drive,4.0,performance,midsize,sedan,29,20,1439,34100
chevrolet,s-10_blazer,1994,regular_unleaded,165.0,6.0,manual,rear_wheel_drive,2.0,,compact,2dr_suv,20,15,1385,2000
suzuki,sidekick,1997,regular_unleaded,120.0,4.0,manual,four_wheel_drive,4.0,,compact,4dr_suv,23,19,481,2000
ford,shelby_gt350,2015,premium_unleaded_(recommended),526.0,8.0,manual,rear_wheel_drive,2.0,"factory_tuner,high-performance",midsize,coupe,21,14,5657,47795
audi,rs_5,2014,premium_unleaded_(required),450.0,8.0,automated_manual,all_wheel_drive,2.0,"factory_tuner,luxury,high-performance",midsize,convertible,22,16,3105,77900
lexus,rx_300,2003,regular_unleaded,220.0,6.0,automatic,all_wheel_drive,4.0,"crossover,luxury",midsize,4dr_suv,21,16,454,36925
bmw,m6,2017,premium_unleaded_(required),560.0,8.0,automated_manual,rear_wheel_drive,2.0,"factory_tuner,luxury,high-performance",midsize,convertible,22,15,3916,120000
chrysler,300,2017,regular_unleaded,292.0,6.0,automatic,all_wheel_drive,4.0,,large,sedan,27,18,1013,45270
subaru,impreza,2017,regular_unleaded,152.0,4.0,manual,all_wheel_drive,4.0,,midsize,sedan,36,27,640,21995
chevrolet,hhr,2010,flex-fuel_(unleaded/e85),155.0,4.0,manual,front_wheel_drive,4.0,flex_fuel,compact,wagon,32,22,1385,18720
volkswagen,beetle_convertible,2015,premium_unleaded_(recommended),210.0,4.0,manual,front_wheel_drive,2.0,performance,compact,convertible,31,23,873,29895
oldsmobile,eighty-eight_royale,1995,regular_unleaded,205.0,6.0,automatic,front_wheel_drive,4.0,,large,sedan,26,17,26,2000
mercedes-benz,e-class,2015,premium_unleaded_(required),302.0,6.0,automatic,all_wheel_drive,4.0,"luxury,performance",midsize,wagon,27,20,617,59000
cadillac,sixty_special,1993,regular_unleaded,200.0,8.0,automatic,front_wheel_drive,4.0,luxury,large,sedan,23,15,1624,2000
gmc,jimmy,1999,regular_unleaded,190.0,6.0,unknown,four_wheel_drive,2.0,,compact,2dr_suv,19,14,549,2317
nissan,murano,2015,regular_unleaded,260.0,6.0,automatic,all_wheel_drive,4.0,crossover,midsize,4dr_suv,28,21,2009,31160
ford,taurus,2015,flex-fuel_(unleaded/e85),288.0,6.0,automatic,front_wheel_drive,4.0,"flex_fuel,performance",large,sedan,29,19,5657,34405
ford,probe,1997,regular_unleaded,164.0,6.0,manual,front_wheel_drive,2.0,"hatchback,performance",compact,2dr_hatchback,24,18,5657,2000
oldsmobile,eighty-eight,1999,regular_unleaded,205.0,6.0,automatic,front_wheel_drive,4.0,,large,sedan,27,17,26,2107
ford,expedition,2016,regular_unleaded,365.0,6.0,automatic,four_wheel_drive,4.0,,large,4dr_suv,20,14,5657,60835
mercedes-benz,c-class,2017,premium_unleaded_(required),241.0,4.0,automatic,rear_wheel_drive,4.0,luxury,midsize,sedan,34,24,617,39850
audi,q7,2014,diesel,240.0,6.0,automatic,all_wheel_drive,4.0,"crossover,luxury,diesel",large,4dr_suv,28,19,3105,58900
lincoln,navigator,2017,regular_unleaded,380.0,6.0,automatic,rear_wheel_drive,4.0,luxury,large,4dr_suv,21,15,61,63195
ford,focus,2016,flex-fuel_(unleaded/e85),160.0,4.0,manual,front_wheel_drive,4.0,flex_fuel,compact,sedan,36,26,5657,18515
saab,9-4x,2011,premium_unleaded_(required),265.0,6.0,automatic,all_wheel_drive,4.0,"crossover,luxury",midsize,4dr_suv,23,17,376,35875
volkswagen,beetle,2015,diesel,150.0,4.0,automated_manual,front_wheel_drive,2.0,"hatchback,diesel",compact,2dr_hatchback,41,31,873,25895
chrysler,concorde,2002,regular_unleaded,234.0,6.0,automatic,four_wheel_drive,4.0,,large,sedan,24,16,1013,25520
cadillac,cts_coupe,2012,regular_unleaded,318.0,6.0,automatic,all_wheel_drive,2.0,"luxury,performance",midsize,coupe,27,18,1624,50050
dodge,dakota,2009,regular_unleaded,210.0,6.0,automatic,four_wheel_drive,4.0,flex_fuel,compact,crew_cab_pickup,18,14,1851,31045
honda,cr-v,2015,regular_unleaded,185.0,4.0,automatic,all_wheel_drive,4.0,crossover,compact,4dr_suv,33,26,2202,26795
ford,f-150,2015,flex-fuel_(unleaded/e85),282.0,6.0,automatic,four_wheel_drive,2.0,flex_fuel,large,regular_cab_pickup,23,17,5657,35045
dodge,challenger,2017,premium_unleaded_(recommended),485.0,8.0,manual,rear_wheel_drive,2.0,"factory_tuner,high-performance",large,coupe,23,14,1851,43995
infiniti,ex35,2010,premium_unleaded_(recommended),297.0,6.0,automatic,all_wheel_drive,4.0,"crossover,luxury",midsize,4dr_suv,23,16,190,35200
chevrolet,prizm,2002,regular_unleaded,125.0,4.0,manual,front_wheel_drive,4.0,,compact,sedan,37,27,1385,14330
dodge,dakota,2008,regular_unleaded,210.0,6.0,manual,rear_wheel_drive,4.0,,compact,extended_cab_pickup,20,16,1851,20995
dodge,ram_pickup_1500,2010,regular_unleaded,215.0,6.0,automatic,rear_wheel_drive,2.0,flex_fuel,large,regular_cab_pickup,20,14,1851,20610
suzuki,aerio,2006,regular_unleaded,155.0,4.0,automatic,all_wheel_drive,4.0,,compact,sedan,26,21,481,16999
cadillac,ats_coupe,2015,flex-fuel_(unleaded/e85),321.0,6.0,automatic,all_wheel_drive,2.0,"flex_fuel,luxury,high-performance",compact,coupe,26,18,1624,51435
infiniti,g37,2009,premium_unleaded_(required),328.0,6.0,automatic,rear_wheel_drive,4.0,"luxury,performance",midsize,sedan,26,18,190,33700
volkswagen,routan,2011,regular_unleaded,283.0,6.0,automatic,front_wheel_drive,4.0,,midsize,passenger_minivan,25,17,873,31770
ford,flex,2017,premium_unleaded_(recommended),365.0,6.0,automatic,all_wheel_drive,4.0,crossover,large,wagon,21,15,5657,43030
gmc,terrain,2015,regular_unleaded,182.0,4.0,automatic,all_wheel_drive,4.0,crossover,compact,4dr_suv,29,20,549,37240
bmw,z4,2014,premium_unleaded_(required),240.0,4.0,manual,rear_wheel_drive,2.0,"luxury,performance",compact,convertible,34,22,3916,48950
chevrolet,c/k_1500_series,1998,regular_unleaded,200.0,6.0,manual,rear_wheel_drive,2.0,,large,regular_cab_pickup,21,16,1385,2580
cadillac,cts,2015,premium_unleaded_(recommended),272.0,4.0,automatic,rear_wheel_drive,4.0,"luxury,performance",large,sedan,30,20,1624,55670
volkswagen,gti,2013,premium_unleaded_(recommended),200.0,4.0,automated_manual,front_wheel_drive,4.0,"hatchback,performance",compact,4dr_hatchback,33,24,873,25895
chevrolet,silverado_1500,2017,flex-fuel_(unleaded/e85),285.0,6.0,automatic,rear_wheel_drive,2.0,flex_fuel,large,regular_cab_pickup,24,18,1385,27585
lexus,hs_250h,2010,regular_unleaded,187.0,4.0,automatic,front_wheel_drive,4.0,"luxury,hybrid",midsize,sedan,34,35,454,34650
mazda,millenia,2002,premium_unleaded_(required),210.0,6.0,automatic,front_wheel_drive,4.0,performance,midsize,sedan,25,17,586,31075
honda,accord,2015,regular_unleaded,278.0,6.0,automatic,front_wheel_drive,2.0,performance,midsize,coupe,32,21,2202,30775
lexus,lx_570,2016,premium_unleaded_(recommended),383.0,8.0,automatic,four_wheel_drive,4.0,luxury,large,4dr_suv,18,13,454,88880
maybach,62,2011,premium_unleaded_(required),620.0,12.0,automatic,rear_wheel_drive,4.0,"exotic,luxury,high-performance",large,sedan,16,10,67,463000
suzuki,aerio,2005,regular_unleaded,155.0,4.0,automatic,front_wheel_drive,4.0,,compact,wagon,28,22,481,16349
ford,escape,2017,regular_unleaded,,4.0,automatic,front_wheel_drive,4.0,crossover,compact,4dr_suv,30,23,5657,25100
volkswagen,jetta_sportwagen,2013,diesel,140.0,4.0,manual,front_wheel_drive,4.0,diesel,compact,wagon,42,30,873,28395
acura,ilx_hybrid,2014,premium_unleaded_(recommended),111.0,4.0,automatic,front_wheel_drive,4.0,"luxury,hybrid",compact,sedan,38,39,204,34600
chevrolet,caprice,1994,regular_unleaded,200.0,8.0,automatic,rear_wheel_drive,4.0,,large,sedan,24,16,1385,2000
plymouth,grand_voyager,1998,regular_unleaded,150.0,6.0,automatic,front_wheel_drive,4.0,,large,passenger_minivan,22,17,535,2000
volvo,xc70,2015,regular_unleaded,240.0,6.0,automatic,all_wheel_drive,4.0,"crossover,luxury",midsize,wagon,25,18,870,37550
chrysler,300,2017,regular_unleaded,300.0,6.0,automatic,rear_wheel_drive,4.0,performance,large,sedan,30,19,1013,36170
gmc,sierra_1500,2016,regular_unleaded,355.0,8.0,automatic,four_wheel_drive,4.0,,large,crew_cab_pickup,22,16,549,47570
pontiac,sunbird,1993,regular_unleaded,110.0,4.0,manual,front_wheel_drive,2.0,,compact,convertible,32,22,210,2000
volvo,s60,2016,regular_unleaded,345.0,6.0,automatic,all_wheel_drive,4.0,"factory_tuner,luxury,high-performance",midsize,sedan,27,18,870,59700
lotus,elise,2009,premium_unleaded_(required),189.0,4.0,manual,rear_wheel_drive,2.0,"exotic,high-performance",compact,convertible,27,21,613,47250
mercedes-benz,e-class,2017,premium_unleaded_(required),241.0,4.0,automatic,rear_wheel_drive,4.0,luxury,midsize,sedan,30,22,617,52150
volvo,240,1993,regular_unleaded,114.0,4.0,manual,rear_wheel_drive,4.0,luxury,midsize,sedan,26,19,870,2000
chevrolet,beretta,1994,regular_unleaded,170.0,4.0,manual,front_wheel_drive,2.0,performance,compact,coupe,27,18,1385,2000
dodge,ram_cargo,2003,regular_unleaded,175.0,6.0,automatic,rear_wheel_drive,3.0,,compact,cargo_van,15,13,1851,20035
suzuki,kizashi,2012,regular_unleaded,185.0,4.0,manual,front_wheel_drive,4.0,,midsize,sedan,29,20,481,22249
acura,integra,2000,regular_unleaded,140.0,4.0,manual,front_wheel_drive,2.0,"hatchback,luxury",compact,2dr_hatchback,28,22,204,3130
lexus,gs_450h,2015,premium_unleaded_(required),338.0,6.0,automatic,rear_wheel_drive,4.0,"luxury,performance,hybrid",midsize,sedan,34,29,454,61330
oldsmobile,silhouette,2004,regular_unleaded,185.0,6.0,automatic,front_wheel_drive,4.0,,midsize,passenger_minivan,24,17,26,34185
chevrolet,silverado_1500,2015,regular_unleaded,355.0,8.0,automatic,four_wheel_drive,4.0,,large,extended_cab_pickup,22,16,1385,43450
volvo,xc70,2015,regular_unleaded,300.0,6.0,automatic,all_wheel_drive,4.0,"crossover,luxury",midsize,wagon,24,17,870,42050
honda,fit,2016,regular_unleaded,130.0,4.0,automatic,front_wheel_drive,4.0,hatchback,compact,4dr_hatchback,38,32,2202,21165
dodge,dart,2016,regular_unleaded,184.0,4.0,manual,front_wheel_drive,4.0,,midsize,sedan,35,22,1851,22095
chrysler,pacifica,2008,regular_unleaded,253.0,6.0,automatic,all_wheel_drive,4.0,crossover,large,wagon,22,14,1013,27225
toyota,tacoma,2015,regular_unleaded,236.0,6.0,manual,four_wheel_drive,4.0,,compact,extended_cab_pickup,19,15,2031,35725
lexus,is_350,2015,premium_unleaded_(required),306.0,6.0,automatic,rear_wheel_drive,4.0,"luxury,high-performance",midsize,sedan,28,19,454,40065
lincoln,continental,2017,premium_unleaded_(recommended),,6.0,automatic,front_wheel_drive,4.0,luxury,large,sedan,27,18,61,62915
pontiac,grand_prix,2006,regular_unleaded,200.0,6.0,automatic,front_wheel_drive,4.0,,midsize,sedan,28,18,210,21330
audi,a4,2015,premium_unleaded_(required),220.0,4.0,automatic,all_wheel_drive,4.0,luxury,midsize,sedan,31,22,3105,39700
pontiac,bonneville,2003,premium_unleaded_(required),240.0,6.0,automatic,front_wheel_drive,4.0,performance,large,sedan,25,16,210,34020
ford,aspire,1995,regular_unleaded,63.0,4.0,manual,front_wheel_drive,2.0,hatchback,compact,2dr_hatchback,38,31,5657,2000
chevrolet,avalanche,2011,flex-fuel_(unleaded/e85),320.0,8.0,automatic,four_wheel_drive,4.0,"crossover,flex_fuel",large,crew_cab_pickup,21,15,1385,42455
oldsmobile,lss,1999,regular_unleaded,205.0,6.0,automatic,front_wheel_drive,4.0,,large,sedan,27,17,26,2356
kia,soul,2014,regular_unleaded,130.0,4.0,manual,front_wheel_drive,4.0,,compact,wagon,30,24,1720,14900
nissan,versa_note,2015,regular_unleaded,109.0,4.0,manual,front_wheel_drive,4.0,hatchback,compact,4dr_hatchback,36,27,2009,14180
suzuki,kizashi,2012,regular_unleaded,180.0,4.0,automatic,front_wheel_drive,4.0,,midsize,sedan,30,23,481,24399
maserati,levante,2017,premium_unleaded_(required),424.0,6.0,automatic,all_wheel_drive,4.0,"crossover,exotic,luxury,high-performance",large,4dr_suv,19,14,238,83000
acura,rl,2010,premium_unleaded_(required),300.0,6.0,automatic,all_wheel_drive,4.0,"luxury,performance",midsize,sedan,22,16,204,46830
honda,pilot,2015,regular_unleaded,250.0,6.0,automatic,four_wheel_drive,4.0,crossover,midsize,4dr_suv,24,17,2202,36970
toyota,tundra,2016,flex-fuel_(unleaded/e85),381.0,8.0,automatic,rear_wheel_drive,4.0,flex_fuel,large,extended_cab_pickup,18,13,2031,32980
ford,edge,2015,premium_unleaded_(recommended),245.0,4.0,automatic,front_wheel_drive,4.0,crossover,midsize,4dr_suv,30,20,5657,31500
dodge,durango,2016,regular_unleaded,293.0,6.0,automatic,rear_wheel_drive,4.0,"crossover,performance",large,4dr_suv,27,19,1851,36995
ford,ltd_crown_victoria,1990,regular_unleaded,150.0,8.0,automatic,rear_wheel_drive,4.0,,large,wagon,22,15,5657,2000
ford,f-250,1999,regular_unleaded,220.0,8.0,manual,four_wheel_drive,2.0,,large,regular_cab_pickup,16,12,5657,3192
hyundai,veloster,2014,regular_unleaded,201.0,4.0,manual,front_wheel_drive,3.0,"hatchback,performance",compact,2dr_hatchback,33,24,1439,22300
gmc,sierra_1500,2015,flex-fuel_(unleaded/e85),285.0,6.0,automatic,rear_wheel_drive,2.0,flex_fuel,large,regular_cab_pickup,24,18,549,26670
chevrolet,c/k_1500_series,1998,regular_unleaded,200.0,6.0,manual,four_wheel_drive,2.0,,large,regular_cab_pickup,19,14,1385,3321
mercedes-benz,c-class,2015,premium_unleaded_(required),302.0,6.0,automatic,rear_wheel_drive,2.0,"luxury,high-performance",compact,coupe,28,20,617,44050
pontiac,g5,2008,regular_unleaded,148.0,4.0,manual,front_wheel_drive,2.0,,compact,coupe,33,24,210,15675
nissan,frontier,2015,regular_unleaded,261.0,6.0,manual,four_wheel_drive,4.0,,compact,extended_cab_pickup,21,16,2009,27240
ford,expedition,2016,regular_unleaded,365.0,6.0,automatic,rear_wheel_drive,4.0,,large,4dr_suv,21,15,5657,62025
chevrolet,trax,2015,regular_unleaded,138.0,4.0,automatic,front_wheel_drive,4.0,crossover,compact,4dr_suv,34,26,1385,20120
toyota,tundra,2017,regular_unleaded,381.0,8.0,automatic,four_wheel_drive,4.0,,large,extended_cab_pickup,17,13,2031,34340
pontiac,montana,2005,regular_unleaded,185.0,6.0,automatic,front_wheel_drive,4.0,,midsize,passenger_minivan,23,16,210,26040
volkswagen,touareg_2,2008,premium_unleaded_(required),280.0,6.0,automatic,all_wheel_drive,4.0,crossover,midsize,4dr_suv,20,14,873,39300
mazda,3,2016,regular_unleaded,184.0,4.0,automatic,front_wheel_drive,4.0,performance,compact,sedan,39,28,586,25795
chevrolet,sonic,2015,regular_unleaded,138.0,4.0,manual,front_wheel_drive,4.0,hatchback,compact,4dr_hatchback,34,27,1385,20545
toyota,tundra,2016,regular_unleaded,381.0,8.0,automatic,four_wheel_drive,4.0,,large,crew_cab_pickup,17,13,2031,45560
chrysler,town_and_country,2016,flex-fuel_(unleaded/e85),283.0,6.0,automatic,front_wheel_drive,4.0,flex_fuel,midsize,passenger_minivan,25,17,1013,37345
aston_martin,dbs,2011,premium_unleaded_(required),510.0,12.0,manual,rear_wheel_drive,2.0,"exotic,factory_tuner,high-performance",midsize,coupe,17,11,259,268660
bentley,continental_gt,2016,premium_unleaded_(required),626.0,12.0,automatic,all_wheel_drive,2.0,"exotic,factory_tuner,luxury,high-performance",midsize,convertible,20,12,520,263400
acura,nsx,2004,regular_unleaded,252.0,6.0,automatic,rear_wheel_drive,2.0,"exotic,luxury,high-performance",compact,coupe,22,16,204,89000
chevrolet,corvette,2015,premium_unleaded_(recommended),460.0,8.0,manual,rear_wheel_drive,2.0,high-performance,compact,convertible,29,17,1385,68160
gmc,vandura,1994,regular_unleaded,200.0,8.0,automatic,rear_wheel_drive,3.0,,large,cargo_van,16,12,549,2000
gmc,envoy,2007,regular_unleaded,291.0,6.0,automatic,rear_wheel_drive,4.0,,midsize,4dr_suv,20,14,549,30770
hyundai,sonata_hybrid,2016,regular_unleaded,193.0,4.0,automatic,front_wheel_drive,4.0,hybrid,midsize,sedan,43,39,1439,30100
kia,optima,2015,regular_unleaded,192.0,4.0,automatic,front_wheel_drive,4.0,,midsize,sedan,34,23,1720,25790
infiniti,g37,2009,premium_unleaded_(required),325.0,6.0,manual,rear_wheel_drive,2.0,"luxury,performance",midsize,convertible,24,16,190,43900
saab,9-2x,2005,regular_unleaded,165.0,4.0,manual,all_wheel_drive,4.0,"luxury,performance",compact,wagon,27,20,376,22990
infiniti,fx35,2008,premium_unleaded_(required),275.0,6.0,automatic,all_wheel_drive,4.0,"crossover,luxury",midsize,4dr_suv,20,15,190,39550
fiat,500x,2017,regular_unleaded,180.0,4.0,automatic,all_wheel_drive,4.0,crossover,compact,4dr_suv,29,21,819,25235
ford,ranger,2009,regular_unleaded,207.0,6.0,manual,four_wheel_drive,4.0,,compact,extended_cab_pickup,19,15,5657,24255
cadillac,srx,2016,regular_unleaded,308.0,6.0,automatic,front_wheel_drive,4.0,"crossover,luxury",midsize,4dr_suv,24,17,1624,46030
aston_martin,vanquish,2014,premium_unleaded_(required),565.0,12.0,automatic,rear_wheel_drive,2.0,"exotic,high-performance",midsize,convertible,19,13,259,296295
ford,mustang,2016,premium_unleaded_(recommended),310.0,4.0,manual,rear_wheel_drive,2.0,performance,midsize,coupe,31,22,5657,29645
toyota,4runner,2015,regular_unleaded,270.0,6.0,automatic,four_wheel_drive,4.0,,midsize,4dr_suv,21,17,2031,41310
dodge,nitro,2011,regular_unleaded,210.0,6.0,automatic,four_wheel_drive,4.0,crossover,midsize,4dr_suv,21,15,1851,23995
suzuki,xl7,2009,regular_unleaded,252.0,6.0,automatic,front_wheel_drive,4.0,crossover,midsize,4dr_suv,24,17,481,28280
kia,rondo,2009,regular_unleaded,175.0,4.0,automatic,front_wheel_drive,4.0,,compact,wagon,27,20,1720,21295
audi,a4,2017,premium_unleaded_(recommended),252.0,4.0,automated_manual,all_wheel_drive,4.0,"luxury,performance",midsize,sedan,31,24,3105,42350
chevrolet,sonic,2017,regular_unleaded,138.0,4.0,automatic,front_wheel_drive,4.0,hatchback,compact,4dr_hatchback,34,24,1385,18970
porsche,911,2017,premium_unleaded_(required),370.0,6.0,manual,all_wheel_drive,2.0,"luxury,high-performance",compact,convertible,29,20,1715,108600
honda,civic,2017,premium_unleaded_(recommended),180.0,4.0,automatic,front_wheel_drive,4.0,"hatchback,performance",compact,4dr_hatchback,36,30,2202,22100
honda,accord,2015,regular_unleaded,185.0,4.0,automatic,front_wheel_drive,4.0,,midsize,sedan,36,27,2202,28420
acura,rdx,2016,premium_unleaded_(recommended),279.0,6.0,automatic,all_wheel_drive,4.0,"crossover,luxury",midsize,4dr_suv,28,19,204,43520
mazda,millenia,2001,premium_unleaded_(required),210.0,6.0,automatic,front_wheel_drive,4.0,performance,midsize,sedan,25,17,586,31025
mazda,b-series_pickup,1999,flex-fuel_(unleaded/e85),150.0,6.0,manual,four_wheel_drive,4.0,flex_fuel,compact,extended_cab_pickup,20,16,586,3206
honda,crosstour,2015,regular_unleaded,192.0,4.0,automatic,front_wheel_drive,4.0,"crossover,hatchback",midsize,4dr_hatchback,31,22,2202,33315
toyota,sequoia,2015,flex-fuel_(unleaded/e85),381.0,8.0,automatic,four_wheel_drive,4.0,flex_fuel,large,4dr_suv,17,13,2031,56580
suzuki,sidekick,1998,regular_unleaded,95.0,4.0,manual,four_wheel_drive,4.0,,compact,4dr_suv,24,20,481,2019
dodge,journey,2017,regular_unleaded,283.0,6.0,automatic,all_wheel_drive,4.0,crossover,midsize,4dr_suv,24,16,1851,33695
volvo,xc60,2015,regular_unleaded,240.0,4.0,automatic,front_wheel_drive,4.0,"crossover,luxury",midsize,4dr_suv,31,24,870,40250
volvo,940,1993,regular_unleaded,162.0,4.0,automatic,rear_wheel_drive,4.0,luxury,midsize,sedan,22,17,870,2000
cadillac,ats,2016,premium_unleaded_(recommended),272.0,4.0,automatic,all_wheel_drive,4.0,"luxury,performance",midsize,sedan,30,22,1624,37245
dodge,ram_50_pickup,1991,regular_unleaded,143.0,6.0,manual,four_wheel_drive,2.0,,compact,extended_cab_pickup,20,15,1851,2000
oldsmobile,cutlass_ciera,1994,regular_unleaded,160.0,6.0,automatic,front_wheel_drive,4.0,,midsize,wagon,26,17,26,2000
gmc,vandura,1995,regular_unleaded,165.0,6.0,automatic,rear_wheel_drive,3.0,,midsize,cargo_van,15,13,549,2000
aston_martin,dbs,2011,premium_unleaded_(required),510.0,12.0,automatic,rear_wheel_drive,2.0,"exotic,factory_tuner,high-performance",midsize,convertible,18,12,259,286739
mitsubishi,expo,1994,regular_unleaded,113.0,4.0,manual,front_wheel_drive,2.0,hatchback,compact,2dr_hatchback,27,21,436,2000
acura,tsx_sport_wagon,2013,premium_unleaded_(recommended),201.0,4.0,automatic,front_wheel_drive,4.0,luxury,midsize,wagon,30,22,204,35510
toyota,land_cruiser,2016,regular_unleaded,381.0,8.0,automatic,four_wheel_drive,4.0,luxury,midsize,4dr_suv,18,13,2031,83825
oldsmobile,alero,2003,regular_unleaded,140.0,4.0,automatic,front_wheel_drive,4.0,,midsize,sedan,30,21,26,20035
chevrolet,blazer,2004,regular_unleaded,190.0,6.0,manual,rear_wheel_drive,2.0,,compact,2dr_suv,19,14,1385,21055
porsche,911,2015,premium_unleaded_(required),350.0,6.0,manual,all_wheel_drive,2.0,"luxury,high-performance",compact,coupe,26,18,1715,101600
hyundai,xg350,2004,regular_unleaded,194.0,6.0,automatic,front_wheel_drive,4.0,,midsize,sedan,24,15,1439,23999
lexus,gx_460,2016,premium_unleaded_(required),301.0,8.0,automatic,four_wheel_drive,4.0,luxury,midsize,4dr_suv,20,15,454,62155
acura,vigor,1993,regular_unleaded,176.0,5.0,manual,front_wheel_drive,4.0,luxury,midsize,sedan,24,18,204,2000
mitsubishi,lancer,2017,regular_unleaded,168.0,4.0,automatic,all_wheel_drive,4.0,,compact,sedan,30,23,436,20295
chevrolet,captiva_sport,2014,flex-fuel_(unleaded/e85),180.0,4.0,automatic,front_wheel_drive,4.0,"crossover,flex_fuel",midsize,4dr_suv,28,20,1385,29495
volkswagen,beetle,2015,regular_unleaded,170.0,4.0,automatic,front_wheel_drive,2.0,hatchback,compact,2dr_hatchback,33,25,873,21795
toyota,camry_hybrid,2016,regular_unleaded,200.0,4.0,automatic,front_wheel_drive,4.0,hybrid,midsize,sedan,38,40,2031,27995
toyota,avalon,2016,regular_unleaded,268.0,6.0,automatic,front_wheel_drive,4.0,,midsize,sedan,31,21,2031,34400
mitsubishi,mirage,2015,regular_unleaded,74.0,3.0,automatic,front_wheel_drive,4.0,hatchback,compact,4dr_hatchback,44,37,436,14095
toyota,mr2_spyder,2003,premium_unleaded_(required),138.0,4.0,manual,rear_wheel_drive,2.0,performance,compact,convertible,29,23,2031,24645
mazda,truck,2003,regular_unleaded,135.0,4.0,manual,rear_wheel_drive,2.0,,compact,extended_cab_pickup,26,21,586,18050
chevrolet,silverado_1500_classic,2007,regular_unleaded,195.0,6.0,manual,four_wheel_drive,2.0,flex_fuel,large,regular_cab_pickup,19,14,1385,24020
toyota,fj_cruiser,2012,regular_unleaded,260.0,6.0,automatic,rear_wheel_drive,4.0,,midsize,4dr_suv,20,17,2031,26115
ford,taurus,2015,flex-fuel_(unleaded/e85),288.0,6.0,automatic,all_wheel_drive,4.0,"flex_fuel,performance",large,sedan,26,18,5657,36255
dodge,srt_viper,2013,premium_unleaded_(required),640.0,10.0,manual,rear_wheel_drive,2.0,"exotic,high-performance",compact,coupe,19,12,1851,120395
mitsubishi,outlander_sport,2016,regular_unleaded,148.0,4.0,automatic,front_wheel_drive,4.0,crossover,compact,4dr_suv,31,24,436,20795
ferrari,575m,2004,premium_unleaded_(required),515.0,12.0,manual,rear_wheel_drive,2.0,"exotic,high-performance",compact,coupe,15,9,2774,217890
dodge,charger,2016,regular_unleaded,370.0,8.0,automatic,rear_wheel_drive,4.0,high-performance,large,sedan,25,16,1851,36895
toyota,prius_c,2014,regular_unleaded,99.0,4.0,automatic,front_wheel_drive,4.0,"hatchback,hybrid",compact,4dr_hatchback,46,53,2031,21765
volkswagen,jetta_gli,2014,premium_unleaded_(recommended),210.0,4.0,manual,front_wheel_drive,4.0,performance,midsize,sedan,33,23,873,24535
toyota,prius_v,2017,regular_unleaded,134.0,4.0,automatic,front_wheel_drive,4.0,hybrid,midsize,wagon,39,43,2031,30935
acura,mdx,2017,premium_unleaded_(recommended),290.0,6.0,automatic,front_wheel_drive,4.0,"crossover,luxury",midsize,4dr_suv,27,20,204,56400
chevrolet,c/k_1500_series,1997,regular_unleaded,200.0,6.0,manual,rear_wheel_drive,2.0,,large,extended_cab_pickup,20,15,1385,2517
mazda,6,2016,regular_unleaded,184.0,4.0,manual,front_wheel_drive,4.0,,midsize,sedan,37,25,586,21495
pontiac,trans_sport,1997,regular_unleaded,180.0,6.0,automatic,front_wheel_drive,3.0,,compact,passenger_minivan,23,16,210,2000
dodge,viper,2016,premium_unleaded_(required),645.0,10.0,manual,rear_wheel_drive,2.0,"exotic,high-performance",compact,coupe,21,12,1851,87895
suzuki,kizashi,2013,regular_unleaded,180.0,4.0,automatic,all_wheel_drive,4.0,,midsize,sedan,29,22,481,28999
audi,s4,2016,premium_unleaded_(required),333.0,6.0,manual,all_wheel_drive,4.0,"factory_tuner,luxury,high-performance",midsize,sedan,26,17,3105,55100
volkswagen,gti,2012,premium_unleaded_(recommended),200.0,4.0,automated_manual,front_wheel_drive,2.0,"hatchback,performance",compact,2dr_hatchback,33,24,873,31095
mazda,mazdaspeed_protege,2003,premium_unleaded_(required),170.0,4.0,manual,front_wheel_drive,4.0,"factory_tuner,performance",compact,sedan,27,21,586,19980
ford,f-250,1997,regular_unleaded,220.0,8.0,manual,rear_wheel_drive,3.0,,large,extended_cab_pickup,17,12,5657,3156
nissan,370z,2015,premium_unleaded_(required),350.0,6.0,automatic,rear_wheel_drive,2.0,"factory_tuner,high-performance",compact,coupe,26,19,2009,46790
audi,v8,1994,regular_unleaded,276.0,8.0,automatic,all_wheel_drive,4.0,"luxury,performance",midsize,sedan,18,13,3105,2239
maserati,ghibli,2016,premium_unleaded_(required),404.0,6.0,automatic,rear_wheel_drive,4.0,"exotic,luxury,high-performance",midsize,sedan,24,16,238,76050
pontiac,grand_am,2003,regular_unleaded,140.0,4.0,manual,front_wheel_drive,4.0,,midsize,sedan,30,22,210,18890
mazda,millenia,2002,regular_unleaded,170.0,6.0,automatic,front_wheel_drive,4.0,,midsize,sedan,24,17,586,28075
nissan,armada,2017,regular_unleaded,390.0,8.0,automatic,four_wheel_drive,4.0,,large,4dr_suv,18,13,2009,47800
hyundai,santa_fe_sport,2017,regular_unleaded,265.0,4.0,automatic,front_wheel_drive,4.0,crossover,midsize,4dr_suv,27,20,1439,36500
chevrolet,metro,1999,regular_unleaded,79.0,4.0,manual,front_wheel_drive,4.0,,compact,sedan,39,33,1385,2000
ford,expedition,2016,regular_unleaded,365.0,6.0,automatic,rear_wheel_drive,4.0,,large,4dr_suv,22,16,5657,55145
chevrolet,s-10_blazer,1993,regular_unleaded,165.0,6.0,manual,rear_wheel_drive,4.0,,midsize,4dr_suv,22,16,1385,2000
infiniti,g_sedan,2011,premium_unleaded_(recommended),328.0,6.0,automatic,all_wheel_drive,4.0,luxury,midsize,sedan,25,18,190,44750
volkswagen,jetta_gli,2013,premium_unleaded_(recommended),200.0,4.0,automated_manual,front_wheel_drive,4.0,performance,midsize,sedan,32,24,873,27295
chevrolet,s-10_blazer,1992,regular_unleaded,160.0,6.0,manual,rear_wheel_drive,2.0,,compact,2dr_suv,22,16,1385,2000
bmw,6_series_gran_coupe,2017,premium_unleaded_(required),445.0,8.0,automatic,rear_wheel_drive,4.0,"luxury,high-performance",large,sedan,24,17,3916,91200
volvo,s60,2016,regular_unleaded,302.0,4.0,automatic,all_wheel_drive,4.0,"luxury,high-performance",midsize,sedan,31,22,870,47900
aston_martin,v8_vantage,2014,premium_unleaded_(required),420.0,8.0,automated_manual,rear_wheel_drive,2.0,"exotic,high-performance",compact,convertible,21,14,259,136900
gmc,sierra_1500_classic,2007,flex-fuel_(unleaded/e85),295.0,8.0,automatic,four_wheel_drive,4.0,flex_fuel,large,extended_cab_pickup,17,13,549,32170
dodge,magnum,2007,regular_unleaded,340.0,8.0,automatic,all_wheel_drive,4.0,,large,wagon,22,15,1851,33615
suzuki,verona,2006,regular_unleaded,155.0,6.0,automatic,front_wheel_drive,4.0,,midsize,sedan,25,17,481,20299
volvo,xc60,2016,regular_unleaded,240.0,4.0,automatic,front_wheel_drive,4.0,"crossover,luxury",midsize,4dr_suv,31,23,870,36600
porsche,911,2015,premium_unleaded_(required),475.0,6.0,automated_manual,rear_wheel_drive,2.0,"factory_tuner,luxury,high-performance",compact,coupe,20,15,1715,130400
honda,accord,2015,regular_unleaded,189.0,4.0,manual,front_wheel_drive,4.0,,midsize,sedan,34,24,2202,23865
kia,sorento,2016,regular_unleaded,290.0,6.0,automatic,all_wheel_drive,4.0,crossover,midsize,4dr_suv,26,18,1720,33900
toyota,avalon,2017,regular_unleaded,268.0,6.0,automatic,front_wheel_drive,4.0,performance,midsize,sedan,30,21,2031,37650
ford,mustang,2017,premium_unleaded_(recommended),435.0,8.0,manual,rear_wheel_drive,2.0,performance,midsize,coupe,25,15,5657,36645
fiat,500x,2016,regular_unleaded,180.0,4.0,automatic,front_wheel_drive,4.0,crossover,compact,4dr_suv,31,22,819,23335
kia,soul_ev,2016,electric,,0.0,direct_drive,front_wheel_drive,4.0,,compact,wagon,92,120,1720,31950
cadillac,ats_coupe,2016,premium_unleaded_(recommended),272.0,4.0,automatic,all_wheel_drive,2.0,"luxury,performance",compact,coupe,30,22,1624,40445
volkswagen,cc,2016,premium_unleaded_(recommended),200.0,4.0,manual,front_wheel_drive,4.0,performance,midsize,sedan,32,21,873,34655
volkswagen,gti,2012,premium_unleaded_(recommended),200.0,4.0,manual,front_wheel_drive,4.0,"hatchback,performance",compact,4dr_hatchback,31,21,873,24595
ford,f-150,2016,flex-fuel_(unleaded/e85),282.0,6.0,automatic,rear_wheel_drive,2.0,flex_fuel,large,regular_cab_pickup,25,18,5657,26840
land_rover,discovery,2003,premium_unleaded_(required),217.0,8.0,automatic,four_wheel_drive,4.0,luxury,midsize,4dr_suv,14,11,258,40350
toyota,tundra,2017,flex-fuel_(unleaded/e85),381.0,8.0,automatic,four_wheel_drive,4.0,flex_fuel,large,extended_cab_pickup,17,13,2031,42330
ford,f-150,2016,flex-fuel_(unleaded/e85),282.0,6.0,automatic,four_wheel_drive,4.0,flex_fuel,large,crew_cab_pickup,23,17,5657,36565
saab,9-3_griffin,2012,flex-fuel_(premium_unleaded_recommended/e85),220.0,4.0,automatic,front_wheel_drive,2.0,"flex_fuel,luxury",compact,convertible,28,18,376,44080
chevrolet,traverse,2017,regular_unleaded,281.0,6.0,automatic,all_wheel_drive,4.0,crossover,midsize,4dr_suv,22,15,1385,36100
maserati,granturismo_convertible,2015,premium_unleaded_(required),454.0,8.0,automatic,rear_wheel_drive,2.0,"exotic,luxury,high-performance",midsize,convertible,20,13,238,150465
chrysler,crossfire,2007,premium_unleaded_(required),215.0,6.0,manual,rear_wheel_drive,2.0,"hatchback,performance",compact,2dr_hatchback,23,15,1013,34560
infiniti,qx70,2017,premium_unleaded_(required),325.0,6.0,automatic,all_wheel_drive,4.0,"crossover,luxury,performance",midsize,4dr_suv,22,16,190,47650
volkswagen,beetle_convertible,2015,regular_unleaded,170.0,4.0,automatic,front_wheel_drive,2.0,,compact,convertible,32,24,873,27995
chevrolet,sportvan,1994,regular_unleaded,200.0,8.0,automatic,rear_wheel_drive,3.0,,midsize,passenger_van,16,11,1385,2000
dodge,durango,2015,regular_unleaded,290.0,6.0,automatic,all_wheel_drive,4.0,"crossover,performance",large,4dr_suv,24,17,1851,33095
chevrolet,trailblazer,2007,premium_unleaded_(required),395.0,8.0,automatic,rear_wheel_drive,4.0,"factory_tuner,performance",midsize,4dr_suv,17,13,1385,34885
lexus,gs_350,2017,premium_unleaded_(required),311.0,6.0,automatic,rear_wheel_drive,4.0,"luxury,high-performance",midsize,sedan,27,19,454,54810
hyundai,sonata,2017,regular_unleaded,245.0,4.0,automatic,front_wheel_drive,4.0,performance,midsize,sedan,31,22,1439,26600
dodge,ram_pickup_1500,2008,regular_unleaded,310.0,8.0,manual,rear_wheel_drive,4.0,flex_fuel,large,crew_cab_pickup,17,13,1851,30775
toyota,highlander,2016,regular_unleaded,270.0,6.0,automatic,all_wheel_drive,4.0,crossover,midsize,4dr_suv,24,18,2031,33475
hyundai,sonata_hybrid,2015,regular_unleaded,199.0,4.0,automatic,front_wheel_drive,4.0,hybrid,midsize,sedan,40,36,1439,26000
oldsmobile,cutlass_calais,1990,regular_unleaded,180.0,4.0,manual,front_wheel_drive,2.0,,compact,coupe,29,19,26,2000
volkswagen,jetta,2016,regular_unleaded,150.0,4.0,automatic,front_wheel_drive,4.0,,midsize,sedan,39,28,873,22325
ford,bronco_ii,1990,regular_unleaded,140.0,6.0,manual,rear_wheel_drive,2.0,,compact,2dr_suv,20,16,5657,2000
pontiac,torrent,2008,regular_unleaded,185.0,6.0,automatic,all_wheel_drive,4.0,crossover,compact,4dr_suv,24,17,210,25145
volvo,850,1997,regular_unleaded,168.0,5.0,manual,front_wheel_drive,4.0,luxury,midsize,sedan,26,18,870,2000
ford,f-150,2017,flex-fuel_(unleaded/e85),385.0,8.0,automatic,four_wheel_drive,4.0,flex_fuel,large,extended_cab_pickup,21,15,5657,40070
audi,a3,2015,premium_unleaded_(recommended),220.0,4.0,automated_manual,all_wheel_drive,2.0,luxury,compact,convertible,32,23,3105,47050
hummer,h3,2009,regular_unleaded,242.0,5.0,manual,four_wheel_drive,4.0,luxury,midsize,4dr_suv,18,14,130,33390
kia,spectra,2008,regular_unleaded,138.0,4.0,manual,front_wheel_drive,4.0,,compact,sedan,30,23,1720,14895
nissan,370z,2015,premium_unleaded_(required),332.0,6.0,automatic,rear_wheel_drive,2.0,high-performance,compact,convertible,25,18,2009,41820
scion,tc,2015,regular_unleaded,179.0,4.0,automatic,front_wheel_drive,2.0,hatchback,compact,2dr_hatchback,31,23,105,24340
ford,transit_wagon,2017,regular_unleaded,275.0,6.0,automatic,rear_wheel_drive,3.0,diesel,large,passenger_van,19,14,5657,40770
tesla,model_s,2016,electric,,0.0,direct_drive,rear_wheel_drive,4.0,"exotic,performance",large,sedan,90,88,1391,70000
chevrolet,silverado_1500,2016,regular_unleaded,355.0,8.0,automatic,four_wheel_drive,4.0,,large,crew_cab_pickup,22,16,1385,53015
toyota,tundra,2015,regular_unleaded,381.0,8.0,automatic,four_wheel_drive,4.0,,large,crew_cab_pickup,17,13,2031,47975
volkswagen,gti,2013,premium_unleaded_(recommended),200.0,4.0,manual,front_wheel_drive,4.0,"hatchback,performance",compact,4dr_hatchback,31,21,873,29695
ford,freestyle,2007,regular_unleaded,203.0,6.0,automatic,all_wheel_drive,4.0,crossover,large,wagon,22,17,5657,27770
chevrolet,equinox,2016,regular_unleaded,182.0,4.0,automatic,front_wheel_drive,4.0,crossover,compact,4dr_suv,32,22,1385,29740
porsche,968,1993,regular_unleaded,236.0,4.0,manual,rear_wheel_drive,2.0,"luxury,performance",compact,convertible,24,15,1715,4651
cadillac,ats,2017,regular_unleaded,335.0,6.0,automatic,all_wheel_drive,4.0,"luxury,high-performance",midsize,sedan,27,19,1624,45995
land_rover,range_rover_evoque,2016,premium_unleaded_(recommended),240.0,4.0,automatic,all_wheel_drive,4.0,"crossover,luxury",compact,4dr_suv,30,21,258,45675
honda,element,2011,regular_unleaded,166.0,4.0,automatic,all_wheel_drive,4.0,crossover,compact,4dr_suv,24,19,2202,22075
chrysler,300,2016,regular_unleaded,300.0,6.0,automatic,all_wheel_drive,4.0,,large,sedan,27,18,1013,38590
chevrolet,corvette,2015,premium_unleaded_(recommended),460.0,8.0,manual,rear_wheel_drive,2.0,high-performance,compact,convertible,29,17,1385,73450
ford,f-250,1997,regular_unleaded,220.0,8.0,manual,rear_wheel_drive,2.0,,large,regular_cab_pickup,17,12,5657,3104
mazda,cx-3,2017,regular_unleaded,146.0,4.0,automatic,all_wheel_drive,4.0,crossover,compact,4dr_suv,32,27,586,26240
dodge,ramcharger,1991,regular_unleaded,170.0,8.0,manual,four_wheel_drive,2.0,,midsize,2dr_suv,13,10,1851,2000
dodge,ram_50_pickup,1993,regular_unleaded,116.0,4.0,manual,four_wheel_drive,2.0,,compact,regular_cab_pickup,20,17,1851,2000
lincoln,mark_lt,2008,regular_unleaded,300.0,8.0,automatic,four_wheel_drive,4.0,luxury,large,crew_cab_pickup,17,13,61,42015
plymouth,grand_voyager,2000,flex-fuel_(unleaded/e85),158.0,6.0,automatic,front_wheel_drive,4.0,flex_fuel,large,passenger_minivan,23,16,535,2331
honda,civic,2016,regular_unleaded,174.0,4.0,automatic,front_wheel_drive,4.0,,midsize,sedan,42,31,2202,24700
saab,900,1997,regular_unleaded,170.0,6.0,automatic,front_wheel_drive,2.0,luxury,compact,convertible,23,17,376,2117
buick,verano,2015,regular_unleaded,180.0,4.0,automatic,front_wheel_drive,4.0,,midsize,sedan,32,21,155,25020
chrysler,aspen,2007,regular_unleaded,235.0,8.0,automatic,rear_wheel_drive,4.0,flex_fuel,large,4dr_suv,17,13,1013,30935
volvo,v70,2008,premium_unleaded_(recommended),235.0,6.0,automatic,front_wheel_drive,4.0,luxury,midsize,wagon,24,16,870,32465
dodge,colt,1994,regular_unleaded,92.0,4.0,manual,front_wheel_drive,2.0,,compact,coupe,35,28,1851,2000
ford,fiesta,2016,regular_unleaded,120.0,4.0,manual,front_wheel_drive,4.0,,compact,sedan,35,27,5657,14580
toyota,camry_solara,2006,regular_unleaded,225.0,6.0,automatic,front_wheel_drive,2.0,,midsize,convertible,26,18,2031,30210
volkswagen,beetle,2015,premium_unleaded_(recommended),210.0,4.0,automated_manual,front_wheel_drive,2.0,"hatchback,performance",compact,2dr_hatchback,30,24,873,31625
chevrolet,silverado_1500,2015,flex-fuel_(unleaded/e85),285.0,6.0,automatic,four_wheel_drive,4.0,flex_fuel,large,extended_cab_pickup,22,17,1385,37730
mazda,b-series_pickup,2000,regular_unleaded,119.0,4.0,manual,rear_wheel_drive,2.0,,compact,extended_cab_pickup,24,20,586,2961
hyundai,azera,2017,regular_unleaded,293.0,6.0,automatic,front_wheel_drive,4.0,performance,midsize,sedan,28,20,1439,34100
plymouth,colt,1992,regular_unleaded,113.0,4.0,manual,front_wheel_drive,4.0,,compact,wagon,26,21,535,2000
chevrolet,colorado,2012,regular_unleaded,185.0,4.0,automatic,rear_wheel_drive,4.0,,compact,crew_cab_pickup,25,18,1385,24285
suzuki,esteem,2000,regular_unleaded,122.0,4.0,manual,front_wheel_drive,4.0,,compact,sedan,32,24,481,2000
ford,transit_wagon,2016,flex-fuel_(unleaded/e85),275.0,6.0,automatic,rear_wheel_drive,3.0,"flex_fuel,diesel",large,passenger_van,19,14,5657,39580
acura,rdx,2015,premium_unleaded_(recommended),273.0,6.0,automatic,all_wheel_drive,4.0,"crossover,luxury",midsize,4dr_suv,27,19,204,36495
dodge,charger,2016,regular_unleaded,292.0,6.0,automatic,rear_wheel_drive,4.0,performance,large,sedan,31,19,1851,29995
nissan,nx,1991,regular_unleaded,140.0,4.0,manual,front_wheel_drive,2.0,"hatchback,performance",compact,2dr_hatchback,28,21,2009,2000
volkswagen,beetle_convertible,2015,diesel,150.0,4.0,automated_manual,front_wheel_drive,2.0,diesel,compact,convertible,40,30,873,31395
pontiac,g6,2009,flex-fuel_(unleaded/e85),219.0,6.0,automatic,front_wheel_drive,4.0,flex_fuel,midsize,sedan,26,17,210,24710
hyundai,sonata,2015,regular_unleaded,185.0,4.0,automatic,front_wheel_drive,4.0,,midsize,sedan,35,24,1439,26525
chevrolet,suburban,2017,flex-fuel_(unleaded/e85),355.0,8.0,automatic,four_wheel_drive,4.0,"flex_fuel,performance",large,4dr_suv,22,15,1385,58045
mitsubishi,expo,1994,regular_unleaded,136.0,4.0,manual,four_wheel_drive,4.0,hatchback,compact,4dr_hatchback,22,18,436,2000
volkswagen,beetle_convertible,2015,regular_unleaded,170.0,4.0,automatic,front_wheel_drive,2.0,,compact,convertible,32,24,873,29595
gmc,savana,2015,flex-fuel_(unleaded/e85),285.0,8.0,automatic,rear_wheel_drive,3.0,flex_fuel,large,passenger_van,17,11,549,36700
bmw,5_series_gran_turismo,2017,premium_unleaded_(required),300.0,6.0,automatic,rear_wheel_drive,4.0,"hatchback,luxury,performance",large,4dr_hatchback,27,19,3916,60900
infiniti,g37_convertible,2010,premium_unleaded_(required),325.0,6.0,manual,rear_wheel_drive,2.0,"luxury,performance",midsize,convertible,24,16,190,46950
toyota,yaris,2015,regular_unleaded,106.0,4.0,automatic,front_wheel_drive,4.0,hatchback,compact,4dr_hatchback,36,30,2031,16880
nissan,frontier,2015,regular_unleaded,261.0,6.0,automatic,four_wheel_drive,4.0,,compact,crew_cab_pickup,21,15,2009,32560
honda,civic,2017,regular_unleaded,158.0,4.0,automatic,front_wheel_drive,4.0,,midsize,sedan,40,31,2202,19540
toyota,tundra,2015,flex-fuel_(unleaded/e85),381.0,8.0,automatic,four_wheel_drive,4.0,flex_fuel,large,crew_cab_pickup,17,13,2031,47975
infiniti,q60_coupe,2017,premium_unleaded_(recommended),300.0,6.0,automatic,rear_wheel_drive,2.0,"luxury,performance",midsize,coupe,28,19,190,44300
ford,transit_wagon,2017,regular_unleaded,275.0,6.0,automatic,rear_wheel_drive,3.0,diesel,midsize,passenger_van,19,14,5657,38165
dodge,avenger,2013,regular_unleaded,173.0,4.0,automatic,front_wheel_drive,4.0,flex_fuel,midsize,sedan,31,20,1851,22595
hyundai,sonata,2015,regular_unleaded,185.0,4.0,automatic,front_wheel_drive,4.0,,midsize,sedan,37,25,1439,21150
acura,rl,2011,premium_unleaded_(required),300.0,6.0,automatic,all_wheel_drive,4.0,"luxury,performance",midsize,sedan,24,17,204,47200
mercedes-benz,gle-class_coupe,2017,premium_unleaded_(required),362.0,6.0,automatic,all_wheel_drive,4.0,"crossover,factory_tuner,luxury,performance",midsize,4dr_suv,23,17,617,69650
bentley,continental_gt,2016,premium_unleaded_(required),500.0,8.0,automatic,all_wheel_drive,2.0,"exotic,luxury,high-performance",midsize,convertible,24,14,520,218400
maserati,granturismo_convertible,2015,premium_unleaded_(required),454.0,8.0,automatic,rear_wheel_drive,2.0,"exotic,factory_tuner,luxury,high-performance",midsize,convertible,20,13,238,182009
ford,f-250,1999,regular_unleaded,220.0,8.0,manual,four_wheel_drive,4.0,,large,extended_cab_pickup,16,12,5657,3572
suzuki,esteem,2001,regular_unleaded,122.0,4.0,automatic,front_wheel_drive,4.0,,compact,wagon,30,26,481,16699
land_rover,range_rover,2016,premium_unleaded_(recommended),340.0,6.0,automatic,four_wheel_drive,4.0,luxury,large,4dr_suv,23,17,258,84950
lotus,evora,2011,premium_unleaded_(required),276.0,6.0,manual,rear_wheel_drive,2.0,"exotic,high-performance",compact,coupe,26,18,613,65500
mercedes-benz,s-class,2015,premium_unleaded_(required),449.0,8.0,automatic,all_wheel_drive,4.0,"luxury,high-performance",large,sedan,26,16,617,97400
dodge,challenger,2017,regular_unleaded,375.0,8.0,manual,rear_wheel_drive,2.0,high-performance,large,coupe,23,15,1851,37390
lexus,ct_200h,2017,regular_unleaded,134.0,4.0,automatic,front_wheel_drive,4.0,"hatchback,luxury,hybrid",compact,4dr_hatchback,40,43,454,31250
infiniti,g_sedan,2012,premium_unleaded_(recommended),218.0,6.0,automatic,rear_wheel_drive,4.0,luxury,midsize,sedan,29,20,190,34500
mazda,626,2001,premium_unleaded_(required),165.0,6.0,manual,front_wheel_drive,4.0,,midsize,sedan,25,19,586,19935
oldsmobile,cutlass_ciera,1992,regular_unleaded,110.0,4.0,automatic,front_wheel_drive,4.0,,midsize,wagon,28,19,26,2000
infiniti,ex35,2010,premium_unleaded_(recommended),297.0,6.0,automatic,all_wheel_drive,4.0,"crossover,luxury",midsize,4dr_suv,23,16,190,37400
pontiac,bonneville,2004,regular_unleaded,205.0,6.0,automatic,front_wheel_drive,4.0,,large,sedan,27,18,210,30035
cadillac,srx,2014,regular_unleaded,308.0,6.0,automatic,all_wheel_drive,4.0,"crossover,luxury",midsize,4dr_suv,23,16,1624,45375
chevrolet,s-10_blazer,1994,regular_unleaded,165.0,6.0,manual,rear_wheel_drive,4.0,,midsize,4dr_suv,20,15,1385,2000
volkswagen,jetta_gli,2014,premium_unleaded_(recommended),210.0,4.0,automated_manual,front_wheel_drive,4.0,performance,midsize,sedan,32,24,873,29955
buick,terraza,2005,regular_unleaded,200.0,6.0,automatic,front_wheel_drive,4.0,,midsize,passenger_minivan,23,16,155,28110
volkswagen,beetle_convertible,2014,regular_unleaded,170.0,5.0,automatic,front_wheel_drive,2.0,,compact,convertible,27,21,873,25170
nissan,frontier,2016,regular_unleaded,261.0,6.0,automatic,four_wheel_drive,4.0,,compact,extended_cab_pickup,21,15,2009,26640
dodge,durango,2017,premium_unleaded_(recommended),360.0,8.0,automatic,rear_wheel_drive,4.0,"crossover,performance",large,4dr_suv,22,14,1851,42095
hyundai,elantra_gt,2015,regular_unleaded,173.0,4.0,automatic,front_wheel_drive,4.0,"hatchback,performance",compact,4dr_hatchback,33,24,1439,19800
dodge,magnum,2008,regular_unleaded,250.0,6.0,automatic,rear_wheel_drive,4.0,,large,wagon,24,17,1851,27225
lexus,is_250_c,2013,premium_unleaded_(required),204.0,6.0,automatic,rear_wheel_drive,2.0,luxury,compact,convertible,30,21,454,42610
chevrolet,equinox,2015,regular_unleaded,182.0,4.0,automatic,all_wheel_drive,4.0,"crossover,flex_fuel",compact,4dr_suv,29,20,1385,27920
chevrolet,cavalier,2003,regular_unleaded,140.0,4.0,manual,front_wheel_drive,4.0,,compact,sedan,30,22,1385,15730
volkswagen,gti,2012,premium_unleaded_(recommended),200.0,4.0,automated_manual,front_wheel_drive,2.0,"hatchback,performance",compact,2dr_hatchback,33,24,873,27375
subaru,impreza_wrx,2013,premium_unleaded_(required),265.0,4.0,manual,all_wheel_drive,4.0,"hatchback,performance",compact,4dr_hatchback,25,19,640,29295
toyota,prius,2015,regular_unleaded,134.0,4.0,automatic,front_wheel_drive,4.0,"hatchback,hybrid",compact,4dr_hatchback,48,51,2031,26985
scion,xa,2005,regular_unleaded,108.0,4.0,automatic,front_wheel_drive,4.0,hatchback,compact,4dr_hatchback,35,27,105,13330
audi,a6,2015,premium_unleaded_(recommended),220.0,4.0,automatic,all_wheel_drive,4.0,luxury,midsize,sedan,29,20,3105,46900
ford,escape_hybrid,2010,regular_unleaded,177.0,4.0,automatic,front_wheel_drive,4.0,"crossover,hybrid",compact,4dr_suv,31,34,5657,32370
dodge,durango,2017,regular_unleaded,295.0,6.0,automatic,rear_wheel_drive,4.0,"crossover,performance",large,4dr_suv,26,19,1851,37495
dodge,ram_cargo,2001,regular_unleaded,225.0,8.0,automatic,rear_wheel_drive,3.0,,midsize,cargo_van,17,12,1851,20240
cadillac,ct6,2016,regular_unleaded,335.0,6.0,automatic,all_wheel_drive,4.0,"luxury,high-performance",large,sedan,27,18,1624,55495
volkswagen,beetle,2015,regular_unleaded,170.0,4.0,automatic,front_wheel_drive,2.0,hatchback,compact,2dr_hatchback,33,25,873,24185
honda,accord_crosstour,2010,regular_unleaded,271.0,6.0,automatic,front_wheel_drive,4.0,"crossover,hatchback",midsize,4dr_hatchback,27,18,2202,34770
nissan,armada,2015,regular_unleaded,317.0,8.0,automatic,rear_wheel_drive,4.0,,large,4dr_suv,19,13,2009,50780
chevrolet,colorado,2012,regular_unleaded,185.0,4.0,automatic,four_wheel_drive,2.0,,compact,regular_cab_pickup,23,17,1385,24440
subaru,brz,2017,premium_unleaded_(required),205.0,4.0,manual,rear_wheel_drive,2.0,performance,compact,coupe,29,21,640,29695
gmc,jimmy,1999,regular_unleaded,190.0,6.0,unknown,rear_wheel_drive,2.0,,compact,2dr_suv,19,14,549,2182
bmw,1_series,2011,premium_unleaded_(required),300.0,6.0,manual,rear_wheel_drive,2.0,"luxury,high-performance",compact,coupe,28,20,3916,36350
hyundai,sonata,2017,regular_unleaded,185.0,4.0,automatic,front_wheel_drive,4.0,,midsize,sedan,36,25,1439,27150
audi,sq5,2015,premium_unleaded_(required),354.0,6.0,automatic,all_wheel_drive,4.0,"crossover,factory_tuner,luxury,high-performance",midsize,4dr_suv,24,17,3105,60200
gmc,yukon_xl,2015,flex-fuel_(unleaded/e85),355.0,8.0,automatic,rear_wheel_drive,4.0,flex_fuel,large,4dr_suv,23,16,549,50440
ferrari,360,2004,premium_unleaded_(required),400.0,8.0,manual,rear_wheel_drive,2.0,"exotic,high-performance",compact,coupe,15,10,2774,147332
lexus,rx_300,2002,regular_unleaded,220.0,6.0,automatic,all_wheel_drive,4.0,"crossover,luxury",midsize,4dr_suv,21,16,454,35705
volkswagen,cc,2016,premium_unleaded_(recommended),200.0,4.0,automated_manual,front_wheel_drive,4.0,performance,midsize,sedan,31,22,873,37820
mitsubishi,mirage,2017,regular_unleaded,78.0,3.0,automatic,front_wheel_drive,4.0,hatchback,compact,4dr_hatchback,43,37,436,14195
lincoln,mkc,2017,regular_unleaded,240.0,4.0,automatic,all_wheel_drive,4.0,"crossover,luxury",compact,4dr_suv,25,19,61,35130
lexus,ls_430,2005,premium_unleaded_(required),290.0,8.0,automatic,rear_wheel_drive,4.0,"luxury,performance",large,sedan,23,16,454,56225
mercedes-benz,c-class,2017,premium_unleaded_(required),241.0,4.0,automatic,all_wheel_drive,4.0,luxury,midsize,sedan,31,24,617,41850
volkswagen,beetle_convertible,2014,premium_unleaded_(recommended),210.0,4.0,automated_manual,front_wheel_drive,2.0,performance,compact,convertible,29,23,873,30495
hyundai,tucson,2017,regular_unleaded,175.0,4.0,automated_manual,front_wheel_drive,4.0,crossover,compact,4dr_suv,30,25,1439,29775
mazda,protege,2001,regular_unleaded,103.0,4.0,manual,front_wheel_drive,4.0,,compact,sedan,31,25,586,12765
spyker,c8,2009,premium_unleaded_(required),400.0,8.0,manual,rear_wheel_drive,2.0,"exotic,high-performance",compact,convertible,18,13,2,219990
toyota,avalon_hybrid,2017,regular_unleaded,200.0,4.0,automatic,front_wheel_drive,4.0,hybrid,midsize,sedan,39,40,2031,37250
toyota,sienna,2015,regular_unleaded,266.0,6.0,automatic,front_wheel_drive,4.0,,large,passenger_minivan,25,18,2031,38455
chevrolet,silverado_1500,2015,regular_unleaded,355.0,8.0,automatic,four_wheel_drive,4.0,,large,crew_cab_pickup,22,16,1385,46110
cadillac,cts_wagon,2014,regular_unleaded,318.0,6.0,automatic,all_wheel_drive,4.0,"luxury,performance",midsize,wagon,26,18,1624,46095
pontiac,vibe,2009,regular_unleaded,132.0,4.0,manual,front_wheel_drive,4.0,hatchback,compact,4dr_hatchback,32,26,210,16100
toyota,tundra,2017,regular_unleaded,381.0,8.0,automatic,four_wheel_drive,4.0,,large,crew_cab_pickup,17,13,2031,46010
acura,rl,2012,premium_unleaded_(required),300.0,6.0,automatic,all_wheel_drive,4.0,"luxury,performance",midsize,sedan,24,17,204,48200
honda,civic,2016,regular_unleaded,174.0,4.0,automatic,front_wheel_drive,2.0,,compact,coupe,41,31,2202,23425
infiniti,q70,2016,premium_unleaded_(required),420.0,8.0,automatic,all_wheel_drive,4.0,"luxury,performance",large,sedan,23,16,190,65350
aston_martin,v8_vantage,2016,premium_unleaded_(required),430.0,8.0,manual,rear_wheel_drive,2.0,"exotic,high-performance",compact,coupe,19,13,259,134295
volvo,v60,2017,regular_unleaded,240.0,4.0,automatic,front_wheel_drive,4.0,"luxury,performance",midsize,wagon,36,25,870,36150
honda,prelude,2001,premium_unleaded_(required),195.0,4.0,automatic,front_wheel_drive,2.0,performance,compact,coupe,24,19,2202,24600
volvo,xc60,2015,regular_unleaded,250.0,5.0,automatic,all_wheel_drive,4.0,"crossover,luxury",midsize,4dr_suv,25,18,870,37900
mazda,cx-9,2016,regular_unleaded,227.0,4.0,automatic,front_wheel_drive,4.0,crossover,large,4dr_suv,28,22,586,40170
acura,tl,2012,premium_unleaded_(required),280.0,6.0,automatic,front_wheel_drive,4.0,luxury,midsize,sedan,29,20,204,35705
ford,f-150_heritage,2004,regular_unleaded,231.0,8.0,automatic,four_wheel_drive,4.0,,large,extended_cab_pickup,17,13,5657,29275
scion,xb,2014,regular_unleaded,158.0,4.0,automatic,front_wheel_drive,4.0,,compact,wagon,28,22,105,17920
mitsubishi,galant,2010,regular_unleaded,160.0,4.0,automatic,front_wheel_drive,4.0,,midsize,sedan,30,21,436,23999
buick,roadmaster,1994,regular_unleaded,260.0,8.0,automatic,rear_wheel_drive,4.0,,large,wagon,23,15,155,2000
mercedes-benz,300-class,1991,regular_unleaded,228.0,6.0,manual,rear_wheel_drive,2.0,"luxury,performance",compact,convertible,21,14,617,3552
ford,thunderbird,2003,premium_unleaded_(required),280.0,8.0,automatic,rear_wheel_drive,2.0,performance,midsize,convertible,22,16,5657,37855
lexus,rx_300,2003,regular_unleaded,220.0,6.0,automatic,front_wheel_drive,4.0,"crossover,luxury",midsize,4dr_suv,21,17,454,35125
suzuki,kizashi,2012,regular_unleaded,180.0,4.0,automatic,front_wheel_drive,4.0,,midsize,sedan,30,23,481,26199
kia,sedona,2015,regular_unleaded,276.0,6.0,automatic,front_wheel_drive,4.0,,midsize,passenger_minivan,24,18,1720,32300
aston_martin,v8_vantage,2016,premium_unleaded_(required),430.0,8.0,automated_manual,rear_wheel_drive,2.0,"exotic,high-performance",compact,coupe,21,14,259,139995
lamborghini,murcielago,2009,premium_unleaded_(required),631.0,12.0,manual,all_wheel_drive,2.0,"exotic,high-performance",compact,coupe,13,8,1158,354000
acura,mdx,2017,premium_unleaded_(recommended),290.0,6.0,automatic,all_wheel_drive,4.0,"crossover,luxury",midsize,4dr_suv,26,18,204,52360
toyota,rav4,2016,regular_unleaded,176.0,4.0,automatic,front_wheel_drive,4.0,crossover,midsize,4dr_suv,31,24,2031,24350
volkswagen,jetta_sportwagen,2013,regular_unleaded,170.0,5.0,automatic,front_wheel_drive,4.0,,compact,wagon,31,24,873,24395
infiniti,g35,2006,regular_unleaded,280.0,6.0,automatic,all_wheel_drive,4.0,luxury,midsize,sedan,22,16,190,33250
subaru,legacy,2015,regular_unleaded,175.0,4.0,automatic,all_wheel_drive,4.0,,midsize,sedan,36,26,640,21695
suzuki,forenza,2006,regular_unleaded,126.0,4.0,automatic,front_wheel_drive,4.0,,compact,wagon,27,19,481,16699
land_rover,discovery_series_ii,2001,premium_unleaded_(required),188.0,8.0,automatic,four_wheel_drive,4.0,luxury,midsize,4dr_suv,16,12,258,33350
tesla,model_s,2016,electric,,0.0,direct_drive,all_wheel_drive,,"exotic,performance",large,sedan,105,102,1391,79500
volkswagen,rabbit,2007,regular_unleaded,150.0,5.0,manual,front_wheel_drive,4.0,hatchback,compact,4dr_hatchback,28,19,873,17110
ford,e-series_wagon,2014,flex-fuel_(unleaded/e85),255.0,8.0,automatic,rear_wheel_drive,3.0,flex_fuel,midsize,passenger_van,15,11,5657,33560
ford,e-series_van,2014,flex-fuel_(unleaded/e85),225.0,8.0,automatic,rear_wheel_drive,3.0,flex_fuel,large,cargo_van,16,13,5657,31420
plymouth,laser,1994,regular_unleaded,195.0,4.0,manual,all_wheel_drive,2.0,"hatchback,performance",compact,2dr_hatchback,23,18,535,2000
chevrolet,camaro,2017,premium_unleaded_(recommended),275.0,4.0,manual,rear_wheel_drive,2.0,performance,midsize,convertible,30,20,1385,35605
ford,contour_svt,2000,regular_unleaded,200.0,6.0,manual,front_wheel_drive,4.0,"factory_tuner,performance",midsize,sedan,27,18,5657,2937
suzuki,samurai,1995,regular_unleaded,66.0,4.0,manual,four_wheel_drive,2.0,,compact,convertible_suv,26,24,481,2000
hyundai,elantra_touring,2012,regular_unleaded,138.0,4.0,automatic,front_wheel_drive,4.0,hatchback,compact,4dr_hatchback,30,23,1439,17195
chevrolet,prizm,2002,regular_unleaded,125.0,4.0,manual,front_wheel_drive,4.0,,compact,sedan,37,27,1385,16395
dodge,dart,2015,regular_unleaded,184.0,4.0,automatic,front_wheel_drive,4.0,,midsize,sedan,35,23,1851,23795
toyota,fj_cruiser,2012,regular_unleaded,260.0,6.0,automatic,four_wheel_drive,4.0,,midsize,4dr_suv,20,17,2031,27705
volkswagen,corrado,1994,regular_unleaded,178.0,6.0,manual,front_wheel_drive,2.0,"hatchback,performance",compact,2dr_hatchback,22,16,873,2000
chevrolet,captiva_sport,2015,flex-fuel_(unleaded/e85),180.0,4.0,automatic,front_wheel_drive,4.0,"crossover,flex_fuel",midsize,4dr_suv,28,20,1385,24370
chevrolet,sonic,2015,regular_unleaded,138.0,4.0,automatic,front_wheel_drive,4.0,,compact,sedan,37,27,1385,19680
nissan,350z,2008,regular_unleaded,306.0,6.0,manual,rear_wheel_drive,2.0,high-performance,compact,convertible,24,17,2009,38630
honda,pilot,2017,regular_unleaded,280.0,6.0,automatic,all_wheel_drive,4.0,crossover,midsize,4dr_suv,26,19,2202,43470
honda,civic,2017,regular_unleaded,174.0,4.0,automatic,front_wheel_drive,4.0,"hatchback,performance",compact,4dr_hatchback,40,31,2202,25300
subaru,outback,2015,regular_unleaded,175.0,4.0,automatic,all_wheel_drive,4.0,crossover,midsize,4dr_suv,33,25,640,24895
gmc,sierra_1500_classic,2007,flex-fuel_(unleaded/e85),295.0,8.0,automatic,rear_wheel_drive,4.0,flex_fuel,large,extended_cab_pickup,19,14,549,31115
toyota,matrix,2013,regular_unleaded,158.0,4.0,manual,front_wheel_drive,4.0,hatchback,compact,4dr_hatchback,28,21,2031,20265
volkswagen,cabrio,2001,regular_unleaded,115.0,4.0,automatic,front_wheel_drive,2.0,,compact,convertible,26,20,873,23175
gmc,acadia,2015,regular_unleaded,281.0,6.0,automatic,front_wheel_drive,4.0,crossover,midsize,4dr_suv,24,17,549,42095
infiniti,q50,2017,premium_unleaded_(required),300.0,6.0,automatic,all_wheel_drive,4.0,"luxury,performance",midsize,sedan,27,19,190,46650
nissan,versa,2016,regular_unleaded,109.0,4.0,automatic,front_wheel_drive,4.0,,compact,sedan,40,31,2009,15580
chevrolet,c/k_1500_series,1998,regular_unleaded,200.0,6.0,manual,rear_wheel_drive,2.0,,large,extended_cab_pickup,21,16,1385,2996
aston_martin,vanquish,2016,premium_unleaded_(required),568.0,12.0,automatic,rear_wheel_drive,2.0,"exotic,high-performance",midsize,coupe,21,13,259,302695
lamborghini,gallardo,2014,premium_unleaded_(required),550.0,10.0,automated_manual,rear_wheel_drive,2.0,"exotic,high-performance",compact,coupe,20,14,1158,191900
ford,expedition,2017,regular_unleaded,365.0,6.0,automatic,four_wheel_drive,4.0,,large,4dr_suv,19,15,5657,65510
volkswagen,new_beetle,2010,regular_unleaded,150.0,5.0,automatic,front_wheel_drive,2.0,hatchback,compact,2dr_hatchback,29,20,873,20390
ford,transit_connect,2015,regular_unleaded,169.0,4.0,automatic,front_wheel_drive,4.0,,compact,passenger_minivan,28,20,5657,26710
suzuki,aerio,2006,regular_unleaded,155.0,4.0,automatic,all_wheel_drive,4.0,,compact,wagon,26,21,481,17099
infiniti,g37,2009,premium_unleaded_(required),328.0,6.0,manual,rear_wheel_drive,4.0,"luxury,high-performance",midsize,sedan,25,17,190,34250
toyota,corolla,2017,regular_unleaded,132.0,4.0,automatic,front_wheel_drive,4.0,,compact,sedan,36,28,2031,18500
honda,fit_ev,2014,electric,,0.0,direct_drive,front_wheel_drive,4.0,hatchback,compact,4dr_hatchback,105,132,2202,36625
audi,90,1995,regular_unleaded,172.0,6.0,manual,front_wheel_drive,4.0,luxury,compact,sedan,24,17,3105,2000
gmc,sierra_1500,2015,regular_unleaded,355.0,8.0,automatic,four_wheel_drive,4.0,,large,crew_cab_pickup,22,16,549,52815
dodge,ram_150,1993,regular_unleaded,180.0,6.0,manual,four_wheel_drive,2.0,,large,regular_cab_pickup,16,11,1851,2000
buick,encore,2015,regular_unleaded,138.0,4.0,automatic,all_wheel_drive,4.0,crossover,compact,4dr_suv,30,23,155,27655
dodge,challenger,2015,regular_unleaded,375.0,8.0,manual,rear_wheel_drive,2.0,performance,large,coupe,23,15,1851,35795
volkswagen,fox,1993,regular_unleaded,81.0,4.0,manual,front_wheel_drive,4.0,,compact,sedan,30,22,873,2000
pontiac,torrent,2008,regular_unleaded,264.0,6.0,automatic,all_wheel_drive,4.0,"crossover,factory_tuner,performance",compact,4dr_suv,24,16,210,29745
cadillac,escalade_hybrid,2013,regular_unleaded,332.0,8.0,automatic,four_wheel_drive,4.0,"luxury,hybrid",large,4dr_suv,23,20,1624,76975
chevrolet,trax,2016,regular_unleaded,138.0,4.0,automatic,front_wheel_drive,4.0,crossover,compact,4dr_suv,34,26,1385,22645
hyundai,tucson,2017,regular_unleaded,175.0,4.0,automated_manual,all_wheel_drive,4.0,crossover,compact,4dr_suv,28,24,1439,27300
bmw,1_series,2013,premium_unleaded_(required),230.0,6.0,manual,rear_wheel_drive,2.0,"luxury,performance",compact,coupe,28,19,3916,31500
lincoln,mkt,2015,regular_unleaded,303.0,6.0,automatic,front_wheel_drive,4.0,"crossover,luxury",large,wagon,25,17,61,43210
volkswagen,e-golf,2016,electric,115.0,,direct_drive,front_wheel_drive,4.0,hatchback,compact,4dr_hatchback,105,126,873,28995
saab,9-3,2011,premium_unleaded_(recommended),210.0,4.0,manual,front_wheel_drive,4.0,luxury,compact,wagon,31,21,376,30330
volkswagen,routan,2010,regular_unleaded,251.0,6.0,automatic,front_wheel_drive,4.0,,midsize,passenger_minivan,25,17,873,36600
lexus,rx_450h,2016,premium_unleaded_(recommended),308.0,6.0,automatic,all_wheel_drive,4.0,"crossover,luxury,hybrid",midsize,4dr_suv,28,30,454,53635
hyundai,tiburon,2006,regular_unleaded,172.0,6.0,manual,front_wheel_drive,2.0,hatchback,compact,2dr_hatchback,24,16,1439,20595
ferrari,california,2012,premium_unleaded_(required),453.0,8.0,automated_manual,rear_wheel_drive,2.0,"exotic,high-performance",compact,convertible,19,13,2774,195840
audi,a4,2017,premium_unleaded_(recommended),252.0,4.0,automated_manual,all_wheel_drive,4.0,"luxury,performance",midsize,sedan,31,24,3105,43200
porsche,boxster,2015,premium_unleaded_(required),315.0,6.0,manual,rear_wheel_drive,2.0,"luxury,high-performance",compact,convertible,28,20,1715,63300
chevrolet,corvette,2017,premium_unleaded_(recommended),455.0,8.0,manual,rear_wheel_drive,2.0,high-performance,compact,convertible,25,16,1385,63905
mazda,2,2012,regular_unleaded,100.0,4.0,automatic,front_wheel_drive,4.0,hatchback,compact,4dr_hatchback,34,28,586,16860
toyota,prius,2015,regular_unleaded,134.0,4.0,automatic,front_wheel_drive,4.0,"hatchback,hybrid",compact,4dr_hatchback,48,51,2031,25765
kia,rio,2016,regular_unleaded,138.0,4.0,manual,front_wheel_drive,4.0,,compact,sedan,38,27,1720,14165
gmc,sierra_1500,2017,regular_unleaded,355.0,8.0,automatic,rear_wheel_drive,4.0,,large,crew_cab_pickup,22,16,549,52455
lincoln,mks,2016,premium_unleaded_(recommended),365.0,6.0,automatic,all_wheel_drive,4.0,"luxury,performance",large,sedan,24,16,61,46000
mercedes-benz,s-class,2017,premium_unleaded_(required),449.0,8.0,automatic,rear_wheel_drive,2.0,"luxury,high-performance",large,convertible,25,17,617,131400
chevrolet,tracker,2003,regular_unleaded,165.0,6.0,automatic,four_wheel_drive,4.0,,compact,4dr_suv,19,16,1385,22130
volkswagen,jetta_gli,2013,premium_unleaded_(recommended),200.0,4.0,manual,front_wheel_drive,4.0,performance,midsize,sedan,33,22,873,26195
lexus,gx_470,2009,premium_unleaded_(required),263.0,8.0,automatic,four_wheel_drive,4.0,luxury,midsize,4dr_suv,18,14,454,47615
toyota,tacoma,2016,regular_unleaded,278.0,6.0,automatic,four_wheel_drive,4.0,,compact,crew_cab_pickup,23,18,2031,38180
maserati,spyder,2003,premium_unleaded_(required),390.0,8.0,automated_manual,rear_wheel_drive,2.0,"exotic,luxury,high-performance",compact,convertible,16,10,238,89622
mercedes-benz,r-class,2010,diesel,210.0,6.0,automatic,all_wheel_drive,4.0,"crossover,luxury,diesel",large,wagon,24,18,617,50800
mercedes-benz,slk-class,2016,premium_unleaded_(required),302.0,6.0,automatic,rear_wheel_drive,2.0,"luxury,high-performance",compact,convertible,29,21,617,59200
lamborghini,reventon,2008,premium_unleaded_(required),650.0,12.0,automated_manual,all_wheel_drive,2.0,"exotic,high-performance",compact,coupe,14,9,1158,1500000
volkswagen,golf_sportwagen,2016,regular_unleaded,170.0,4.0,automatic,front_wheel_drive,4.0,,compact,wagon,35,25,873,22725
nissan,cube,2013,regular_unleaded,122.0,4.0,automatic,front_wheel_drive,4.0,,compact,wagon,31,27,2009,17760
toyota,tundra,2016,flex-fuel_(unleaded/e85),381.0,8.0,automatic,four_wheel_drive,2.0,flex_fuel,large,regular_cab_pickup,17,13,2031,33000
gmc,canyon,2015,regular_unleaded,200.0,4.0,manual,rear_wheel_drive,4.0,,compact,extended_cab_pickup,26,19,549,22650
honda,crosstour,2014,regular_unleaded,278.0,6.0,automatic,front_wheel_drive,4.0,"crossover,hatchback",midsize,4dr_hatchback,30,20,2202,35790
gmc,rally_wagon,1994,regular_unleaded,195.0,8.0,automatic,rear_wheel_drive,3.0,,large,passenger_van,16,11,549,2000
mitsubishi,raider,2007,regular_unleaded,210.0,6.0,automatic,rear_wheel_drive,4.0,,compact,crew_cab_pickup,20,15,436,26750
aston_martin,v8_vantage,2016,premium_unleaded_(required),430.0,8.0,automated_manual,rear_wheel_drive,2.0,"exotic,high-performance",compact,convertible,21,14,259,154495
honda,accord,2016,regular_unleaded,185.0,4.0,automatic,front_wheel_drive,4.0,,midsize,sedan,37,27,2202,23005
land_rover,range_rover_evoque,2017,premium_unleaded_(recommended),240.0,4.0,automatic,all_wheel_drive,2.0,"crossover,luxury",compact,convertible_suv,28,20,258,51100
nissan,frontier,2017,regular_unleaded,261.0,6.0,automatic,rear_wheel_drive,4.0,,compact,extended_cab_pickup,23,16,2009,24620
toyota,mr2_spyder,2004,regular_unleaded,138.0,4.0,automated_manual,rear_wheel_drive,2.0,performance,compact,convertible,30,23,2031,25895
ford,transit_connect,2017,flex-fuel_(unleaded/e85),169.0,4.0,automatic,front_wheel_drive,4.0,,compact,passenger_minivan,27,19,5657,25585
pontiac,firebird,2002,regular_unleaded,200.0,6.0,automatic,rear_wheel_drive,2.0,,midsize,convertible,28,17,210,26965
gmc,sierra_1500,2016,flex-fuel_(unleaded/e85),285.0,6.0,automatic,four_wheel_drive,4.0,flex_fuel,large,extended_cab_pickup,22,17,549,40915
volkswagen,beetle_convertible,2014,premium_unleaded_(recommended),210.0,4.0,manual,front_wheel_drive,2.0,performance,compact,convertible,31,23,873,30695
ford,focus_st,2016,premium_unleaded_(recommended),252.0,4.0,manual,front_wheel_drive,4.0,"hatchback,factory_tuner,performance",compact,4dr_hatchback,31,22,5657,24425
mitsubishi,mighty_max_pickup,1996,regular_unleaded,116.0,4.0,manual,rear_wheel_drive,2.0,,compact,regular_cab_pickup,23,18,436,2000
mercedes-benz,c-class,2017,premium_unleaded_(required),241.0,4.0,automatic,rear_wheel_drive,4.0,luxury,midsize,sedan,34,24,617,41675
toyota,sequoia,2017,regular_unleaded,381.0,8.0,automatic,rear_wheel_drive,4.0,,large,4dr_suv,17,13,2031,45460
volkswagen,cabrio,2002,regular_unleaded,115.0,4.0,manual,front_wheel_drive,2.0,,compact,convertible,28,21,873,22300
cadillac,ats,2016,premium_unleaded_(recommended),272.0,4.0,automatic,rear_wheel_drive,4.0,"luxury,performance",midsize,sedan,31,22,1624,39340
gmc,sierra_1500,2016,regular_unleaded,355.0,8.0,automatic,four_wheel_drive,4.0,flex_fuel,large,crew_cab_pickup,22,16,549,40775
dodge,intrepid,2004,regular_unleaded,234.0,6.0,automatic,front_wheel_drive,4.0,,large,sedan,25,17,1851,25415
aston_martin,rapide_s,2016,premium_unleaded_(required),552.0,12.0,automatic,rear_wheel_drive,4.0,"exotic,high-performance",large,sedan,22,14,259,206000
porsche,panamera,2016,premium_unleaded_(required),520.0,8.0,automated_manual,all_wheel_drive,4.0,"luxury,high-performance",large,sedan,24,15,1715,141300
plymouth,colt,1994,regular_unleaded,113.0,4.0,manual,front_wheel_drive,4.0,,compact,sedan,30,23,535,2000
dodge,neon,2004,regular_unleaded,132.0,4.0,manual,front_wheel_drive,4.0,,compact,sedan,32,25,1851,15800
land_rover,discovery_series_ii,2001,premium_unleaded_(required),188.0,8.0,automatic,four_wheel_drive,4.0,luxury,midsize,4dr_suv,16,12,258,34350
porsche,911,2016,premium_unleaded_(required),400.0,6.0,manual,all_wheel_drive,2.0,"luxury,high-performance",compact,convertible,26,18,1715,117530
toyota,avalon_hybrid,2016,regular_unleaded,200.0,4.0,automatic,front_wheel_drive,4.0,hybrid,midsize,sedan,39,40,2031,41950
dodge,ram_250,1991,regular_unleaded,170.0,8.0,manual,four_wheel_drive,2.0,,large,extended_cab_pickup,13,10,1851,2000
audi,s5,2016,premium_unleaded_(required),333.0,6.0,automated_manual,all_wheel_drive,2.0,"factory_tuner,luxury,performance",midsize,coupe,28,18,3105,60350
hyundai,veloster,2014,regular_unleaded,138.0,4.0,manual,front_wheel_drive,3.0,hatchback,compact,2dr_hatchback,35,26,1439,17800
audi,a6,2016,diesel,240.0,6.0,automatic,all_wheel_drive,4.0,"diesel,luxury",midsize,sedan,38,25,3105,59500
porsche,cayenne,2017,premium_unleaded_(required),420.0,6.0,automatic,all_wheel_drive,4.0,"crossover,luxury,performance",midsize,4dr_suv,24,17,1715,76200
honda,pilot,2015,regular_unleaded,250.0,6.0,automatic,front_wheel_drive,4.0,crossover,midsize,4dr_suv,25,18,2202,37370
gmc,sierra_1500,2016,regular_unleaded,355.0,8.0,automatic,rear_wheel_drive,4.0,,large,extended_cab_pickup,23,16,549,41660
land_rover,range_rover_sport,2016,premium_unleaded_(recommended),510.0,8.0,automatic,four_wheel_drive,4.0,"luxury,high-performance",midsize,4dr_suv,19,14,258,93075
porsche,macan,2016,premium_unleaded_(required),340.0,6.0,automated_manual,all_wheel_drive,4.0,"crossover,luxury,performance",midsize,4dr_suv,23,17,1715,52600
acura,tlx,2015,premium_unleaded_(recommended),290.0,6.0,automatic,front_wheel_drive,4.0,luxury,midsize,sedan,34,21,204,42600
infiniti,q50,2015,premium_unleaded_(recommended),328.0,6.0,automatic,all_wheel_drive,4.0,"luxury,high-performance",midsize,sedan,27,19,190,45450
chevrolet,silverado_1500,2015,flex-fuel_(unleaded/e85),285.0,6.0,automatic,four_wheel_drive,2.0,flex_fuel,large,regular_cab_pickup,22,17,1385,32095
ford,fiesta,2016,regular_unleaded,197.0,4.0,manual,front_wheel_drive,4.0,"hatchback,factory_tuner,performance",compact,4dr_hatchback,32,26,5657,21460
mercedes-benz,e-class,2016,premium_unleaded_(required),302.0,6.0,automatic,all_wheel_drive,4.0,"luxury,performance",midsize,sedan,28,20,617,55600
dodge,dakota,2009,regular_unleaded,210.0,6.0,manual,rear_wheel_drive,4.0,flex_fuel,compact,crew_cab_pickup,20,16,1851,25260
nissan,cube,2014,regular_unleaded,122.0,4.0,automatic,front_wheel_drive,4.0,,compact,wagon,31,27,2009,19000
suzuki,esteem,2001,regular_unleaded,122.0,4.0,manual,front_wheel_drive,4.0,,compact,wagon,32,24,481,14499
tesla,model_s,2016,electric,,0.0,direct_drive,all_wheel_drive,4.0,"exotic,high-performance",large,sedan,100,91,1391,112000
mazda,b-series_pickup,2000,flex-fuel_(unleaded/e85),143.0,6.0,manual,rear_wheel_drive,4.0,flex_fuel,compact,extended_cab_pickup,21,16,586,3107
cadillac,xt5,2017,premium_unleaded_(required),310.0,6.0,automatic,front_wheel_drive,4.0,"crossover,luxury",midsize,4dr_suv,27,19,1624,44895
chevrolet,malibu_classic,2008,regular_unleaded,145.0,4.0,automatic,front_wheel_drive,4.0,,midsize,sedan,30,22,1385,17935
bmw,alpina_b7,2015,premium_unleaded_(required),540.0,8.0,automatic,rear_wheel_drive,4.0,"factory_tuner,luxury,high-performance",large,sedan,25,16,3916,128300
oldsmobile,cutlass,1997,regular_unleaded,155.0,6.0,automatic,front_wheel_drive,4.0,,midsize,sedan,26,18,26,2000
pontiac,g6,2009,regular_unleaded,217.0,6.0,automatic,front_wheel_drive,2.0,,midsize,convertible,26,17,210,32300
gmc,terrain,2017,regular_unleaded,182.0,4.0,automatic,front_wheel_drive,4.0,crossover,compact,4dr_suv,31,21,549,30920
bmw,x5,2016,diesel,255.0,6.0,automatic,all_wheel_drive,4.0,"crossover,luxury,diesel",midsize,4dr_suv,30,23,3916,57700
ford,windstar_cargo,2003,regular_unleaded,200.0,6.0,automatic,front_wheel_drive,3.0,,midsize,cargo_minivan,22,16,5657,21075
ford,f-150,2017,flex-fuel_(unleaded/e85),385.0,8.0,automatic,rear_wheel_drive,4.0,flex_fuel,large,crew_cab_pickup,22,15,5657,50580
nissan,pathfinder,2016,regular_unleaded,260.0,6.0,automatic,four_wheel_drive,4.0,crossover,large,4dr_suv,26,19,2009,31520
volkswagen,gti,2013,premium_unleaded_(recommended),200.0,4.0,manual,front_wheel_drive,2.0,"hatchback,performance",compact,2dr_hatchback,31,21,873,28195
nissan,350z,2008,regular_unleaded,306.0,6.0,manual,rear_wheel_drive,2.0,high-performance,compact,convertible,24,17,2009,36280
mitsubishi,lancer_evolution,2013,premium_unleaded_(required),291.0,4.0,automated_manual,all_wheel_drive,4.0,"factory_tuner,performance",compact,sedan,22,17,436,37895
chevrolet,chevy_van,1998,regular_unleaded,200.0,6.0,automatic,rear_wheel_drive,3.0,,midsize,cargo_van,18,13,1385,2050
dodge,dart,2014,regular_unleaded,160.0,4.0,manual,front_wheel_drive,4.0,,midsize,sedan,41,28,1851,19995
audi,tts,2017,premium_unleaded_(required),292.0,4.0,automated_manual,all_wheel_drive,2.0,"factory_tuner,luxury,high-performance",compact,coupe,27,23,3105,52500
acura,ilx,2017,premium_unleaded_(recommended),201.0,4.0,automated_manual,front_wheel_drive,4.0,luxury,compact,sedan,35,25,204,29290
nissan,murano,2015,regular_unleaded,260.0,6.0,automatic,front_wheel_drive,4.0,crossover,midsize,4dr_suv,28,21,2009,39000
mercedes-benz,e-class,2015,premium_unleaded_(required),302.0,6.0,automatic,all_wheel_drive,4.0,"luxury,performance",midsize,sedan,28,20,617,54800
mercedes-benz,c-class,2015,premium_unleaded_(required),241.0,4.0,automatic,rear_wheel_drive,4.0,luxury,midsize,sedan,34,25,617,39050
pontiac,sunfire,2004,regular_unleaded,140.0,4.0,manual,front_wheel_drive,2.0,,compact,coupe,33,23,210,10895
infiniti,ex,2013,premium_unleaded_(recommended),325.0,6.0,automatic,all_wheel_drive,4.0,"crossover,luxury,performance",midsize,4dr_suv,24,17,190,40650
lamborghini,gallardo,2014,premium_unleaded_(required),560.0,10.0,automated_manual,all_wheel_drive,2.0,"exotic,high-performance",compact,coupe,20,14,1158,202000
saab,900,1996,regular_unleaded,170.0,6.0,automatic,front_wheel_drive,4.0,"hatchback,luxury",compact,4dr_hatchback,23,17,376,2000
volvo,s70,1998,regular_unleaded,168.0,5.0,manual,front_wheel_drive,4.0,luxury,midsize,sedan,27,17,870,2000
oldsmobile,cutlass_ciera,1994,regular_unleaded,120.0,6.0,automatic,front_wheel_drive,4.0,,midsize,sedan,26,17,26,2000
pontiac,sunbird,1994,regular_unleaded,110.0,4.0,manual,front_wheel_drive,4.0,,compact,sedan,32,22,210,2000
mitsubishi,3000gt,1997,regular_unleaded,218.0,6.0,manual,front_wheel_drive,2.0,"hatchback,performance",compact,2dr_hatchback,23,17,436,3941
bmw,6_series,2017,premium_unleaded_(required),445.0,8.0,automatic,rear_wheel_drive,2.0,"luxury,high-performance",midsize,convertible,24,17,3916,96500
lexus,gx_460,2017,premium_unleaded_(required),301.0,8.0,automatic,four_wheel_drive,4.0,luxury,midsize,4dr_suv,18,15,454,62980
chrysler,pacifica,2008,regular_unleaded,253.0,6.0,automatic,front_wheel_drive,4.0,crossover,large,wagon,23,15,1013,28265
volkswagen,corrado,1992,regular_unleaded,178.0,6.0,manual,front_wheel_drive,2.0,"hatchback,performance",compact,2dr_hatchback,23,16,873,2000
chevrolet,malibu_maxx,2005,regular_unleaded,200.0,6.0,automatic,front_wheel_drive,4.0,hatchback,midsize,4dr_hatchback,28,20,1385,24610
hyundai,genesis_coupe,2014,premium_unleaded_(recommended),274.0,4.0,automatic,rear_wheel_drive,2.0,performance,midsize,coupe,27,17,1439,29300
toyota,tacoma,2017,regular_unleaded,278.0,6.0,automatic,four_wheel_drive,4.0,,compact,extended_cab_pickup,23,18,2031,33770
subaru,justy,1994,regular_unleaded,73.0,3.0,manual,four_wheel_drive,4.0,hatchback,compact,4dr_hatchback,29,24,640,2000
hyundai,tiburon,2008,regular_unleaded,172.0,6.0,automatic,front_wheel_drive,2.0,hatchback,compact,2dr_hatchback,24,17,1439,22770
toyota,highlander,2015,regular_unleaded,270.0,6.0,automatic,all_wheel_drive,4.0,crossover,midsize,4dr_suv,24,18,2031,34750
ford,e-series_van,2012,flex-fuel_(unleaded/e85),225.0,8.0,automatic,rear_wheel_drive,3.0,flex_fuel,midsize,cargo_van,17,13,5657,26630
bmw,3_series,2017,premium_unleaded_(recommended),248.0,4.0,automatic,all_wheel_drive,4.0,luxury,midsize,sedan,33,23,3916,40750
mazda,tribute,2011,regular_unleaded,171.0,4.0,automatic,front_wheel_drive,4.0,crossover,compact,4dr_suv,28,21,586,22595
cadillac,ats_coupe,2016,regular_unleaded,335.0,6.0,automatic,all_wheel_drive,2.0,"luxury,high-performance",compact,coupe,28,19,1624,50675
suzuki,kizashi,2012,regular_unleaded,180.0,4.0,automatic,front_wheel_drive,4.0,,midsize,sedan,31,23,481,20999
nissan,titan,2017,regular_unleaded,390.0,8.0,automatic,rear_wheel_drive,4.0,,large,crew_cab_pickup,21,15,2009,52310
chevrolet,tahoe,2015,flex-fuel_(unleaded/e85),355.0,8.0,automatic,four_wheel_drive,4.0,flex_fuel,large,4dr_suv,22,16,1385,54505
chevrolet,colorado,2012,regular_unleaded,185.0,4.0,manual,rear_wheel_drive,4.0,,compact,extended_cab_pickup,25,18,1385,19730
kia,sorento,2016,regular_unleaded,240.0,4.0,automatic,front_wheel_drive,4.0,crossover,midsize,4dr_suv,27,20,1720,39900
chevrolet,colorado,2015,regular_unleaded,200.0,4.0,automatic,rear_wheel_drive,4.0,,compact,extended_cab_pickup,27,20,1385,25170
plymouth,acclaim,1993,regular_unleaded,100.0,4.0,manual,front_wheel_drive,4.0,,compact,sedan,29,22,535,2000
pontiac,6000,1990,regular_unleaded,140.0,6.0,automatic,all_wheel_drive,4.0,,midsize,sedan,27,17,210,2000
infiniti,j30,1997,regular_unleaded,210.0,6.0,automatic,rear_wheel_drive,4.0,luxury,midsize,sedan,22,16,190,2081
cadillac,ats,2016,regular_unleaded,335.0,6.0,automatic,all_wheel_drive,4.0,"luxury,high-performance",midsize,sedan,28,19,1624,43340
nissan,frontier,2016,regular_unleaded,261.0,6.0,automatic,rear_wheel_drive,4.0,,compact,crew_cab_pickup,22,16,2009,25840
honda,accord,2017,regular_unleaded,189.0,4.0,automatic,front_wheel_drive,4.0,,midsize,sedan,34,26,2202,25215
ford,bronco,1994,regular_unleaded,185.0,8.0,automatic,four_wheel_drive,2.0,,midsize,2dr_suv,17,12,5657,2585
ford,fiesta,2017,regular_unleaded,120.0,4.0,manual,front_wheel_drive,4.0,hatchback,compact,4dr_hatchback,35,27,5657,14430
toyota,rav4,2017,regular_unleaded,176.0,4.0,automatic,front_wheel_drive,4.0,crossover,midsize,4dr_suv,29,23,2031,34750
subaru,legacy,2015,regular_unleaded,175.0,4.0,automatic,all_wheel_drive,4.0,,midsize,sedan,36,26,640,21995
porsche,macan,2016,premium_unleaded_(required),400.0,6.0,automated_manual,all_wheel_drive,4.0,"crossover,luxury,performance",midsize,4dr_suv,23,17,1715,73900
ford,aerostar,1995,regular_unleaded,155.0,6.0,automatic,all_wheel_drive,3.0,,large,passenger_minivan,18,14,5657,2000
acura,rdx,2017,premium_unleaded_(recommended),279.0,6.0,automatic,front_wheel_drive,4.0,"crossover,luxury",midsize,4dr_suv,28,20,204,36870
nissan,juke,2017,premium_unleaded_(recommended),188.0,4.0,automatic,front_wheel_drive,4.0,"crossover,hatchback",compact,4dr_hatchback,32,28,2009,25240
chevrolet,silverado_1500,2016,flex-fuel_(unleaded/e85),285.0,6.0,automatic,rear_wheel_drive,2.0,flex_fuel,large,regular_cab_pickup,24,18,1385,29510
ford,f-150,2015,regular_unleaded,325.0,6.0,automatic,rear_wheel_drive,4.0,flex_fuel,large,crew_cab_pickup,26,19,5657,37665
buick,rainier,2006,regular_unleaded,291.0,6.0,automatic,all_wheel_drive,4.0,,midsize,4dr_suv,20,14,155,32580
pontiac,montana,2004,regular_unleaded,185.0,6.0,automatic,front_wheel_drive,4.0,,midsize,passenger_minivan,24,17,210,25885
chrysler,300,2015,regular_unleaded,292.0,6.0,automatic,rear_wheel_drive,4.0,,large,sedan,31,19,1013,38070
infiniti,qx80,2015,premium_unleaded_(recommended),400.0,8.0,automatic,rear_wheel_drive,4.0,luxury,large,4dr_suv,20,14,190,63250
suzuki,forenza,2007,regular_unleaded,127.0,4.0,manual,front_wheel_drive,4.0,,compact,sedan,28,20,481,13999
bmw,2_series,2017,premium_unleaded_(recommended),248.0,4.0,automatic,rear_wheel_drive,2.0,"luxury,performance",compact,convertible,34,23,3916,38950
ford,f-150,2016,regular_unleaded,325.0,6.0,automatic,rear_wheel_drive,4.0,flex_fuel,large,extended_cab_pickup,26,19,5657,31710
infiniti,qx56,2011,premium_unleaded_(recommended),400.0,8.0,automatic,rear_wheel_drive,4.0,luxury,large,4dr_suv,20,14,190,58700
mercedes-benz,e-class,2015,premium_unleaded_(required),302.0,6.0,automatic,rear_wheel_drive,4.0,"luxury,performance",midsize,sedan,29,20,617,52300
mercedes-benz,gle-class,2016,premium_unleaded_(required),577.0,8.0,automatic,all_wheel_drive,4.0,"crossover,factory_tuner,luxury,high-performance",midsize,4dr_suv,17,13,617,107100
ford,contour,1998,regular_unleaded,125.0,4.0,manual,front_wheel_drive,4.0,,midsize,sedan,32,21,5657,2000
gmc,acadia,2016,regular_unleaded,288.0,6.0,automatic,all_wheel_drive,4.0,crossover,midsize,4dr_suv,22,15,549,49890
suzuki,equator,2010,regular_unleaded,152.0,4.0,automatic,rear_wheel_drive,4.0,,compact,extended_cab_pickup,22,17,481,22075
chevrolet,tracker,2002,regular_unleaded,127.0,4.0,manual,rear_wheel_drive,2.0,,compact,convertible_suv,24,20,1385,16100
ford,bronco,1994,regular_unleaded,185.0,8.0,manual,four_wheel_drive,2.0,,midsize,2dr_suv,16,12,5657,2396
mercedes-benz,gle-class,2016,premium_unleaded_(required),329.0,6.0,automatic,all_wheel_drive,4.0,"crossover,luxury,performance",midsize,4dr_suv,22,18,617,64600
toyota,sienna,2016,regular_unleaded,266.0,6.0,automatic,front_wheel_drive,4.0,,large,passenger_minivan,25,18,2031,41900
suzuki,sx4,2011,regular_unleaded,150.0,4.0,manual,front_wheel_drive,4.0,,compact,sedan,33,23,481,15195
nissan,sentra,2016,regular_unleaded,130.0,4.0,automatic,front_wheel_drive,4.0,,midsize,sedan,38,29,2009,18550
volvo,v60,2016,regular_unleaded,240.0,4.0,automatic,front_wheel_drive,4.0,luxury,midsize,wagon,29,25,870,36150
oldsmobile,aurora,2002,regular_unleaded,215.0,6.0,automatic,front_wheel_drive,4.0,,large,sedan,25,16,26,31615
dodge,caravan,2005,regular_unleaded,150.0,4.0,automatic,front_wheel_drive,4.0,flex_fuel,large,passenger_minivan,24,17,1851,18380
acura,rsx,2006,regular_unleaded,155.0,4.0,manual,front_wheel_drive,2.0,"hatchback,luxury",compact,2dr_hatchback,31,24,204,21475
nissan,stanza,1991,regular_unleaded,138.0,4.0,manual,front_wheel_drive,4.0,,compact,sedan,26,19,2009,2000
toyota,corolla,2016,regular_unleaded,140.0,4.0,automatic,front_wheel_drive,4.0,,compact,sedan,42,30,2031,19135
aston_martin,db7,2003,premium_unleaded_(required),420.0,12.0,manual,rear_wheel_drive,2.0,"exotic,high-performance",compact,convertible,17,10,259,151800
volkswagen,gli,2009,premium_unleaded_(recommended),200.0,4.0,manual,front_wheel_drive,4.0,performance,compact,sedan,31,21,873,24770
fiat,500l,2015,premium_unleaded_(recommended),160.0,4.0,manual,front_wheel_drive,4.0,,compact,wagon,33,25,819,21695
nissan,truck,1995,regular_unleaded,153.0,6.0,manual,four_wheel_drive,2.0,,compact,extended_cab_pickup,17,14,2009,2494
ford,explorer,2015,flex-fuel_(unleaded/e85),290.0,6.0,automatic,front_wheel_drive,4.0,"crossover,flex_fuel",midsize,4dr_suv,24,17,5657,30700
chevrolet,corvette,2016,premium_unleaded_(required),650.0,8.0,manual,rear_wheel_drive,2.0,"factory_tuner,high-performance",compact,coupe,22,15,1385,79400
kia,optima,2014,regular_unleaded,274.0,4.0,automatic,front_wheel_drive,4.0,performance,midsize,sedan,31,20,1720,27500
subaru,crosstrek,2016,regular_unleaded,160.0,4.0,automatic,all_wheel_drive,4.0,"crossover,hybrid",compact,4dr_suv,34,30,640,29995
dodge,shadow,1992,regular_unleaded,152.0,4.0,manual,front_wheel_drive,2.0,performance,compact,convertible,24,18,1851,2000
honda,cr-v,2016,regular_unleaded,185.0,4.0,automatic,all_wheel_drive,4.0,crossover,compact,4dr_suv,31,25,2202,27295
audi,s6,2016,premium_unleaded_(required),450.0,8.0,automated_manual,all_wheel_drive,4.0,"factory_tuner,luxury,high-performance",midsize,sedan,27,18,3105,75300
chevrolet,silverado_1500,2016,flex-fuel_(unleaded/e85),285.0,6.0,automatic,four_wheel_drive,4.0,flex_fuel,large,crew_cab_pickup,22,17,1385,43775
dodge,dakota,2010,regular_unleaded,210.0,6.0,automatic,four_wheel_drive,4.0,flex_fuel,compact,extended_cab_pickup,18,14,1851,27880
infiniti,q50,2016,premium_unleaded_(required),400.0,6.0,automatic,all_wheel_drive,4.0,"factory_tuner,luxury,high-performance",midsize,sedan,26,19,190,49950
pontiac,torrent,2007,regular_unleaded,185.0,6.0,automatic,front_wheel_drive,4.0,crossover,compact,4dr_suv,24,17,210,22455
hyundai,tiburon,2007,regular_unleaded,172.0,6.0,automatic,front_wheel_drive,2.0,hatchback,compact,2dr_hatchback,24,17,1439,22795
ford,f-150,2016,flex-fuel_(unleaded/e85),282.0,6.0,automatic,rear_wheel_drive,4.0,flex_fuel,large,extended_cab_pickup,25,18,5657,34790
volvo,xc70,2016,regular_unleaded,250.0,5.0,automatic,all_wheel_drive,4.0,"crossover,luxury",midsize,wagon,26,19,870,38600
nissan,cube,2012,regular_unleaded,122.0,4.0,automatic,front_wheel_drive,4.0,,compact,wagon,31,27,2009,18680
ford,e-series_van,2014,flex-fuel_(unleaded/e85),255.0,8.0,automatic,rear_wheel_drive,3.0,flex_fuel,midsize,cargo_van,16,12,5657,32760
chevrolet,express,2014,flex-fuel_(unleaded/e85),310.0,8.0,automatic,rear_wheel_drive,3.0,flex_fuel,midsize,passenger_van,17,13,1385,30970
aston_martin,v8_vantage,2014,premium_unleaded_(required),420.0,8.0,manual,rear_wheel_drive,2.0,"exotic,high-performance",compact,coupe,19,13,259,116700
cadillac,escalade,2015,flex-fuel_(unleaded/e85),420.0,8.0,automatic,four_wheel_drive,4.0,"flex_fuel,luxury",large,4dr_suv,21,15,1624,75570
toyota,previa,1997,regular_unleaded,161.0,4.0,automatic,rear_wheel_drive,3.0,,compact,passenger_minivan,20,16,2031,2242
volkswagen,fox,1991,regular_unleaded,81.0,4.0,manual,front_wheel_drive,2.0,,compact,coupe,29,22,873,2000
toyota,tundra,2017,regular_unleaded,381.0,8.0,automatic,four_wheel_drive,4.0,,large,extended_cab_pickup,17,13,2031,36480
gmc,canyon,2015,regular_unleaded,305.0,6.0,automatic,four_wheel_drive,4.0,,compact,crew_cab_pickup,24,17,549,37250
chevrolet,colorado,2016,regular_unleaded,200.0,4.0,automatic,rear_wheel_drive,4.0,,compact,extended_cab_pickup,27,20,1385,28515
volkswagen,beetle_convertible,2016,premium_unleaded_(recommended),210.0,4.0,manual,front_wheel_drive,2.0,performance,compact,convertible,31,23,873,34950
cadillac,cts_wagon,2012,regular_unleaded,270.0,6.0,automatic,all_wheel_drive,4.0,luxury,midsize,wagon,26,18,1624,44050
cadillac,deville,2004,regular_unleaded,275.0,8.0,automatic,front_wheel_drive,4.0,luxury,large,sedan,24,16,1624,45600
lexus,nx_300h,2017,regular_unleaded,194.0,4.0,automatic,all_wheel_drive,4.0,"crossover,luxury,hybrid",midsize,4dr_suv,30,33,454,39720
honda,pilot,2017,regular_unleaded,280.0,6.0,automatic,front_wheel_drive,4.0,crossover,midsize,4dr_suv,27,19,2202,33030
toyota,yaris,2015,regular_unleaded,106.0,4.0,automatic,front_wheel_drive,2.0,hatchback,compact,2dr_hatchback,36,30,2031,16505
kia,soul,2015,regular_unleaded,164.0,4.0,automatic,front_wheel_drive,4.0,,compact,wagon,31,23,1720,18690
mercedes-benz,e-class,2016,premium_unleaded_(required),302.0,6.0,automatic,all_wheel_drive,4.0,"luxury,performance",midsize,wagon,27,20,617,59900
gmc,sierra_1500,2017,regular_unleaded,355.0,8.0,automatic,four_wheel_drive,4.0,,large,crew_cab_pickup,22,16,549,41265
ford,transit_wagon,2017,regular_unleaded,275.0,6.0,automatic,rear_wheel_drive,3.0,diesel,large,passenger_van,19,14,5657,39475
honda,cr-v,2014,regular_unleaded,185.0,4.0,automatic,all_wheel_drive,4.0,crossover,compact,4dr_suv,30,22,2202,30620
chevrolet,colorado,2016,regular_unleaded,305.0,6.0,automatic,rear_wheel_drive,4.0,diesel,compact,crew_cab_pickup,26,18,1385,31670
gmc,sierra_1500,2016,flex-fuel_(unleaded/e85),285.0,6.0,automatic,rear_wheel_drive,2.0,flex_fuel,large,regular_cab_pickup,24,18,549,34590
honda,pilot,2017,regular_unleaded,280.0,6.0,automatic,front_wheel_drive,4.0,crossover,midsize,4dr_suv,27,19,2202,38055
dodge,ram_250,1992,regular_unleaded,180.0,6.0,manual,rear_wheel_drive,2.0,,large,regular_cab_pickup,17,13,1851,2000
chevrolet,suburban,2015,flex-fuel_(unleaded/e85),355.0,8.0,automatic,four_wheel_drive,4.0,flex_fuel,large,4dr_suv,22,15,1385,52000
mercedes-benz,glk-class,2014,diesel,200.0,4.0,automatic,all_wheel_drive,4.0,"crossover,luxury,diesel",midsize,4dr_suv,33,24,617,38980
mazda,b-series_pickup,1999,regular_unleaded,119.0,4.0,manual,rear_wheel_drive,2.0,,compact,regular_cab_pickup,24,19,586,2593
volkswagen,eurovan,2003,premium_unleaded_(recommended),201.0,6.0,automatic,front_wheel_drive,3.0,,large,passenger_minivan,18,15,873,27700
subaru,impreza,2016,regular_unleaded,148.0,4.0,automatic,all_wheel_drive,4.0,hatchback,compact,4dr_hatchback,37,28,640,23095
volvo,850,1996,regular_unleaded,168.0,5.0,manual,front_wheel_drive,4.0,luxury,midsize,wagon,26,18,870,2000
toyota,tundra,2016,regular_unleaded,310.0,8.0,automatic,four_wheel_drive,4.0,,large,crew_cab_pickup,18,14,2031,36320
cadillac,escalade_esv,2016,premium_unleaded_(recommended),420.0,8.0,automatic,rear_wheel_drive,4.0,"luxury,performance",large,4dr_suv,22,15,1624,92350
gmc,sierra_1500,2016,regular_unleaded,355.0,8.0,automatic,rear_wheel_drive,4.0,,large,crew_cab_pickup,23,16,549,51090
dodge,avenger,2014,flex-fuel_(unleaded/e85),283.0,6.0,automatic,front_wheel_drive,4.0,"flex_fuel,performance",midsize,sedan,29,19,1851,25795
nissan,quest,2016,regular_unleaded,260.0,6.0,automatic,front_wheel_drive,4.0,,compact,passenger_minivan,27,20,2009,43230
volkswagen,jetta,2015,regular_unleaded,115.0,4.0,manual,front_wheel_drive,4.0,,midsize,sedan,34,25,873,17325
volkswagen,beetle,2016,regular_unleaded,170.0,4.0,manual,front_wheel_drive,2.0,hatchback,compact,2dr_hatchback,34,24,873,21350
bentley,continental_gtc,2012,flex-fuel_(premium_unleaded_required/e85),567.0,12.0,automatic,all_wheel_drive,2.0,"exotic,flex_fuel,luxury,high-performance",midsize,convertible,19,11,520,212800
ford,probe,1996,regular_unleaded,118.0,4.0,manual,front_wheel_drive,2.0,hatchback,compact,2dr_hatchback,30,23,5657,2000
mazda,rx-8,2010,premium_unleaded_(required),212.0,,automatic,rear_wheel_drive,4.0,performance,compact,coupe,23,16,586,32810
ferrari,f430,2008,premium_unleaded_(required),483.0,8.0,manual,rear_wheel_drive,2.0,"exotic,high-performance",compact,convertible,16,11,2774,217310
suzuki,aerio,2005,regular_unleaded,155.0,4.0,manual,front_wheel_drive,4.0,,compact,wagon,28,22,481,15449
kia,sedona,2017,regular_unleaded,276.0,6.0,automatic,front_wheel_drive,4.0,,midsize,passenger_minivan,24,18,1720,33600
dodge,ram_150,1992,regular_unleaded,180.0,6.0,manual,rear_wheel_drive,2.0,,large,regular_cab_pickup,17,14,1851,2000
land_rover,range_rover_evoque,2017,premium_unleaded_(recommended),240.0,4.0,automatic,all_wheel_drive,4.0,"crossover,luxury",compact,4dr_suv,29,21,258,54200
mitsubishi,eclipse,2011,regular_unleaded,162.0,4.0,automatic,front_wheel_drive,2.0,hatchback,compact,2dr_hatchback,28,20,436,24699
fiat,500,2016,premium_unleaded_(recommended),101.0,4.0,manual,front_wheel_drive,2.0,hatchback,compact,2dr_hatchback,40,31,819,21295
land_rover,discovery,2004,premium_unleaded_(required),217.0,8.0,automatic,four_wheel_drive,4.0,luxury,midsize,4dr_suv,14,11,258,40685
toyota,rav4,2015,regular_unleaded,176.0,4.0,automatic,all_wheel_drive,4.0,crossover,midsize,4dr_suv,29,22,2031,25080
cadillac,ats_coupe,2015,premium_unleaded_(recommended),272.0,4.0,automatic,all_wheel_drive,2.0,"luxury,performance",compact,coupe,29,20,1624,48205
honda,accord_crosstour,2010,regular_unleaded,271.0,6.0,automatic,front_wheel_drive,4.0,"crossover,hatchback",midsize,4dr_hatchback,27,18,2202,32570
mazda,cx-7,2012,regular_unleaded,161.0,4.0,automatic,front_wheel_drive,4.0,crossover,midsize,4dr_suv,27,20,586,22190
bentley,continental_supersports_convertible,2011,flex-fuel_(premium_unleaded_required/e85),621.0,12.0,automatic,all_wheel_drive,2.0,"exotic,flex_fuel,factory_tuner,luxury,high-performance",midsize,convertible,19,12,520,280400
honda,accord_hybrid,2017,regular_unleaded,212.0,4.0,automatic,front_wheel_drive,4.0,hybrid,midsize,sedan,47,49,2202,35955
chrysler,imperial,1991,regular_unleaded,150.0,6.0,automatic,front_wheel_drive,4.0,,large,sedan,23,15,1013,2000
lincoln,mark_lt,2007,regular_unleaded,300.0,8.0,automatic,four_wheel_drive,4.0,luxury,large,crew_cab_pickup,16,12,61,41525
chevrolet,cruze,2017,regular_unleaded,153.0,4.0,manual,front_wheel_drive,4.0,,midsize,sedan,39,28,1385,18525
honda,accord,2016,regular_unleaded,185.0,4.0,automatic,front_wheel_drive,4.0,,midsize,sedan,37,27,2202,24005
scion,fr-s,2016,premium_unleaded_(required),200.0,4.0,automatic,rear_wheel_drive,2.0,performance,compact,coupe,34,25,105,26405
nissan,murano,2015,regular_unleaded,260.0,6.0,automatic,front_wheel_drive,4.0,crossover,midsize,4dr_suv,28,21,2009,29560
gmc,s-15_jimmy,1991,regular_unleaded,150.0,6.0,manual,rear_wheel_drive,4.0,,midsize,4dr_suv,22,15,549,2000
bmw,x6,2015,premium_unleaded_(required),300.0,6.0,automatic,rear_wheel_drive,4.0,"crossover,luxury",midsize,4dr_suv,27,19,3916,59600
ford,transit_wagon,2017,regular_unleaded,275.0,6.0,automatic,rear_wheel_drive,3.0,diesel,large,passenger_van,19,14,5657,42220
dodge,ramcharger,1992,regular_unleaded,230.0,8.0,automatic,rear_wheel_drive,2.0,,midsize,2dr_suv,15,11,1851,2000
mercedes-benz,gla-class,2017,premium_unleaded_(required),208.0,4.0,automatic,front_wheel_drive,4.0,"crossover,luxury",compact,4dr_suv,33,24,617,32850
subaru,baja,2005,premium_unleaded_(required),210.0,4.0,manual,all_wheel_drive,4.0,crossover,compact,crew_cab_pickup,23,17,640,24345
lincoln,mkc,2017,regular_unleaded,240.0,4.0,automatic,front_wheel_drive,4.0,"crossover,luxury",compact,4dr_suv,28,21,61,39485
aston_martin,v12_vantage_s,2016,premium_unleaded_(required),565.0,12.0,automated_manual,rear_wheel_drive,2.0,"exotic,high-performance",compact,convertible,18,12,259,198195
toyota,rav4,2015,regular_unleaded,176.0,4.0,automatic,front_wheel_drive,4.0,crossover,midsize,4dr_suv,31,24,2031,23680
volkswagen,vanagon,1990,regular_unleaded,90.0,4.0,manual,rear_wheel_drive,3.0,,large,passenger_minivan,18,16,873,2000
subaru,legacy,2016,regular_unleaded,175.0,4.0,automatic,all_wheel_drive,4.0,,midsize,sedan,36,26,640,23845
cadillac,cts,2015,flex-fuel_(unleaded/e85),321.0,6.0,automatic,rear_wheel_drive,4.0,"flex_fuel,luxury,high-performance",large,sedan,29,18,1624,61770
mazda,b-series_pickup,1998,regular_unleaded,150.0,6.0,manual,four_wheel_drive,2.0,,compact,regular_cab_pickup,20,15,586,2930
ford,fiesta,2016,regular_unleaded,120.0,4.0,manual,front_wheel_drive,4.0,hatchback,compact,4dr_hatchback,35,27,5657,18830
toyota,camry_solara,2006,regular_unleaded,225.0,6.0,automatic,front_wheel_drive,2.0,,midsize,coupe,27,18,2031,26405
mitsubishi,outlander,2017,premium_unleaded_(recommended),224.0,6.0,automatic,all_wheel_drive,4.0,crossover,midsize,4dr_suv,27,20,436,31695
hyundai,veracruz,2012,regular_unleaded,260.0,6.0,automatic,front_wheel_drive,4.0,crossover,midsize,4dr_suv,22,17,1439,34495
mazda,3,2017,regular_unleaded,155.0,4.0,manual,front_wheel_drive,4.0,hatchback,compact,4dr_hatchback,37,27,586,19095
subaru,wrx,2017,premium_unleaded_(recommended),268.0,4.0,manual,all_wheel_drive,4.0,performance,compact,sedan,27,20,640,30995
toyota,pickup,1994,regular_unleaded,150.0,6.0,manual,four_wheel_drive,2.0,,compact,regular_cab_pickup,17,14,2031,2281
toyota,land_cruiser,2017,regular_unleaded,381.0,8.0,automatic,four_wheel_drive,4.0,luxury,midsize,4dr_suv,18,13,2031,84325
toyota,prius,2017,regular_unleaded,121.0,4.0,automatic,front_wheel_drive,4.0,"hatchback,hybrid",compact,4dr_hatchback,50,54,2031,24685
suzuki,sx4,2013,regular_unleaded,148.0,4.0,automatic,front_wheel_drive,4.0,,compact,sedan,30,23,481,18799
mercedes-benz,gla-class,2015,premium_unleaded_(required),208.0,4.0,automated_manual,all_wheel_drive,4.0,"crossover,luxury",compact,4dr_suv,32,24,617,33300
hyundai,veracruz,2012,regular_unleaded,260.0,6.0,automatic,all_wheel_drive,4.0,crossover,midsize,4dr_suv,21,16,1439,30245
chevrolet,trailblazer,2007,regular_unleaded,291.0,6.0,automatic,rear_wheel_drive,4.0,,midsize,4dr_suv,20,14,1385,25045
chrysler,200,2015,flex-fuel_(unleaded/e85),184.0,4.0,automatic,front_wheel_drive,4.0,flex_fuel,midsize,sedan,36,23,1013,21995
bmw,3_series,2016,diesel,180.0,4.0,automatic,all_wheel_drive,4.0,"diesel,luxury",midsize,sedan,40,30,3916,41850
chevrolet,trax,2015,regular_unleaded,138.0,4.0,automatic,front_wheel_drive,4.0,crossover,compact,4dr_suv,34,26,1385,20040
audi,r8,2014,premium_unleaded_(required),430.0,8.0,manual,all_wheel_drive,2.0,"luxury,high-performance",compact,coupe,20,11,3105,114900
toyota,sequoia,2017,regular_unleaded,381.0,8.0,automatic,rear_wheel_drive,4.0,,large,4dr_suv,17,13,2031,54250
oldsmobile,silhouette,2002,regular_unleaded,185.0,6.0,automatic,front_wheel_drive,4.0,,midsize,passenger_minivan,24,17,26,33400
buick,reatta,1991,regular_unleaded,170.0,6.0,automatic,front_wheel_drive,2.0,luxury,compact,convertible,25,16,155,2000
honda,accord,2017,regular_unleaded,185.0,4.0,automatic,front_wheel_drive,4.0,,midsize,sedan,36,27,2202,23155
ford,f-150,2017,regular_unleaded,365.0,6.0,automatic,rear_wheel_drive,4.0,performance,large,crew_cab_pickup,25,18,5657,59600
volkswagen,golf_gti,2016,premium_unleaded_(recommended),210.0,4.0,automated_manual,front_wheel_drive,2.0,"hatchback,performance",compact,2dr_hatchback,33,25,873,29125
dodge,daytona,1991,regular_unleaded,152.0,4.0,manual,front_wheel_drive,2.0,"hatchback,factory_tuner,performance",compact,2dr_hatchback,24,18,1851,2000
audi,tts,2015,premium_unleaded_(required),265.0,4.0,automated_manual,all_wheel_drive,2.0,"factory_tuner,luxury,performance",compact,convertible,31,22,3105,51700
subaru,crosstrek,2016,regular_unleaded,148.0,4.0,automatic,all_wheel_drive,4.0,crossover,compact,4dr_suv,34,26,640,25095
porsche,cayman,2016,premium_unleaded_(required),340.0,6.0,manual,rear_wheel_drive,2.0,"luxury,high-performance",compact,coupe,26,19,1715,75200
volvo,xc70,2014,regular_unleaded,240.0,6.0,automatic,front_wheel_drive,4.0,"crossover,luxury",midsize,wagon,26,18,870,34500
suzuki,xl7,2007,regular_unleaded,252.0,6.0,automatic,front_wheel_drive,4.0,crossover,midsize,4dr_suv,22,16,481,27949
audi,a3,2017,premium_unleaded_(recommended),186.0,4.0,automated_manual,front_wheel_drive,2.0,luxury,compact,convertible,34,25,3105,37600
toyota,tundra,2017,flex-fuel_(unleaded/e85),381.0,8.0,automatic,four_wheel_drive,2.0,flex_fuel,large,regular_cab_pickup,17,13,2031,33450
honda,civic,2015,premium_unleaded_(required),205.0,4.0,manual,front_wheel_drive,4.0,"factory_tuner,performance",compact,sedan,31,22,2202,24590
gmc,savana_cargo,2014,regular_unleaded,195.0,6.0,automatic,rear_wheel_drive,3.0,flex_fuel,midsize,cargo_van,19,14,549,27710
audi,sq5,2017,premium_unleaded_(required),354.0,6.0,automatic,all_wheel_drive,4.0,"crossover,factory_tuner,luxury,performance",midsize,4dr_suv,24,17,3105,53300
gmc,terrain,2015,regular_unleaded,182.0,4.0,automatic,all_wheel_drive,4.0,crossover,compact,4dr_suv,29,20,549,34815
dodge,dakota,2008,regular_unleaded,210.0,6.0,automatic,rear_wheel_drive,4.0,,compact,crew_cab_pickup,20,15,1851,26935
toyota,sienna,2016,regular_unleaded,266.0,6.0,automatic,all_wheel_drive,4.0,,large,passenger_minivan,23,16,2031,40815
nissan,murano,2016,regular_unleaded,260.0,6.0,automatic,front_wheel_drive,4.0,crossover,midsize,4dr_suv,28,21,2009,32800
saab,9-3,2010,premium_unleaded_(recommended),207.0,4.0,automatic,all_wheel_drive,4.0,luxury,midsize,sedan,27,17,376,38115
bmw,x6,2016,premium_unleaded_(required),300.0,6.0,automatic,all_wheel_drive,4.0,"crossover,luxury",midsize,4dr_suv,24,18,3916,62900
dodge,charger,2016,premium_unleaded_(recommended),485.0,8.0,automatic,rear_wheel_drive,4.0,"factory_tuner,high-performance",large,sedan,25,15,1851,50995
chevrolet,chevy_van,1997,regular_unleaded,200.0,6.0,automatic,rear_wheel_drive,3.0,,midsize,cargo_van,17,14,1385,2000
acura,tsx,2012,premium_unleaded_(required),280.0,6.0,automatic,front_wheel_drive,4.0,"luxury,performance",midsize,sedan,28,19,204,35550
honda,cr-v,2015,regular_unleaded,185.0,4.0,automatic,all_wheel_drive,4.0,crossover,compact,4dr_suv,33,26,2202,32895
mitsubishi,mighty_max_pickup,1995,regular_unleaded,116.0,4.0,manual,rear_wheel_drive,2.0,,compact,regular_cab_pickup,23,18,436,2000
volkswagen,jetta_gli,2014,premium_unleaded_(recommended),210.0,4.0,manual,front_wheel_drive,4.0,performance,midsize,sedan,33,23,873,28855
fiat,500x,2016,regular_unleaded,180.0,4.0,automatic,front_wheel_drive,4.0,crossover,compact,4dr_suv,31,22,819,25135
volkswagen,routan,2011,regular_unleaded,283.0,6.0,automatic,front_wheel_drive,4.0,,midsize,passenger_minivan,25,17,873,33790
volvo,960,1995,regular_unleaded,181.0,6.0,automatic,rear_wheel_drive,4.0,luxury,midsize,wagon,23,15,870,2000
acura,integra,2000,regular_unleaded,140.0,4.0,manual,front_wheel_drive,4.0,luxury,compact,sedan,28,22,204,3012
volkswagen,beetle_convertible,2014,regular_unleaded,170.0,4.0,automatic,front_wheel_drive,2.0,,compact,convertible,32,24,873,25170
suzuki,xl7,2007,regular_unleaded,252.0,6.0,automatic,front_wheel_drive,4.0,crossover,midsize,4dr_suv,22,16,481,24349
kia,optima_hybrid,2016,regular_unleaded,199.0,4.0,automatic,front_wheel_drive,4.0,hybrid,midsize,sedan,40,36,1720,25995
dodge,stealth,1994,regular_unleaded,320.0,6.0,manual,all_wheel_drive,2.0,"factory_tuner,performance",compact,coupe,22,16,1851,2823
chevrolet,silverado_1500,2016,flex-fuel_(unleaded/e85),285.0,6.0,automatic,four_wheel_drive,4.0,flex_fuel,large,extended_cab_pickup,22,17,1385,41185
nissan,juke,2015,premium_unleaded_(recommended),188.0,4.0,automatic,all_wheel_drive,4.0,"crossover,hatchback",compact,4dr_hatchback,31,26,2009,24150
audi,a3,2016,premium_unleaded_(recommended),170.0,4.0,automated_manual,front_wheel_drive,4.0,luxury,compact,sedan,33,23,3105,39750
ford,e-250,1996,regular_unleaded,199.0,6.0,automatic,rear_wheel_drive,3.0,,large,cargo_van,13,11,5657,2000
buick,cascada,2016,premium_unleaded_(recommended),200.0,4.0,automatic,front_wheel_drive,2.0,,midsize,convertible,27,20,155,36065
pontiac,montana,2005,regular_unleaded,200.0,6.0,automatic,front_wheel_drive,4.0,,midsize,passenger_minivan,23,16,210,24520
hyundai,azera,2016,regular_unleaded,293.0,6.0,automatic,front_wheel_drive,4.0,performance,midsize,sedan,28,19,1439,39300
volvo,s90,2017,premium_unleaded_(recommended),316.0,4.0,automatic,all_wheel_drive,4.0,"luxury,performance",large,sedan,31,22,870,56250
chevrolet,silverado_1500,2015,regular_unleaded,355.0,8.0,automatic,four_wheel_drive,4.0,,large,crew_cab_pickup,22,16,1385,45120
hyundai,sonata,2016,regular_unleaded,178.0,4.0,automated_manual,front_wheel_drive,4.0,,midsize,sedan,38,28,1439,23725
audi,sq5,2015,premium_unleaded_(required),354.0,6.0,automatic,all_wheel_drive,4.0,"crossover,factory_tuner,luxury,high-performance",midsize,4dr_suv,24,17,3105,52700
infiniti,i35,2002,premium_unleaded_(required),255.0,6.0,automatic,front_wheel_drive,4.0,"luxury,performance",midsize,sedan,24,17,190,28750
cadillac,eldorado,2000,regular_unleaded,275.0,8.0,automatic,front_wheel_drive,2.0,luxury,large,coupe,25,15,1624,2905
volvo,850,1997,regular_unleaded,222.0,5.0,automatic,front_wheel_drive,4.0,"luxury,performance",midsize,wagon,24,17,870,2000
lincoln,mkc,2017,regular_unleaded,240.0,4.0,automatic,front_wheel_drive,4.0,"crossover,luxury",compact,4dr_suv,28,21,61,35720
volvo,850,1996,regular_unleaded,240.0,5.0,automatic,front_wheel_drive,4.0,"factory_tuner,luxury,performance",midsize,wagon,24,17,870,2000
chevrolet,colorado,2016,regular_unleaded,200.0,4.0,automatic,rear_wheel_drive,4.0,diesel,compact,crew_cab_pickup,27,20,1385,30435
chrysler,sebring,2008,regular_unleaded,173.0,4.0,automatic,front_wheel_drive,4.0,flex_fuel,midsize,sedan,30,21,1013,19840
mazda,b-series_pickup,1998,regular_unleaded,119.0,4.0,manual,rear_wheel_drive,2.0,,compact,regular_cab_pickup,24,19,586,2179
ford,freestyle,2006,regular_unleaded,203.0,6.0,automatic,all_wheel_drive,4.0,crossover,large,wagon,22,17,5657,30580
infiniti,qx56,2010,premium_unleaded_(recommended),320.0,8.0,automatic,rear_wheel_drive,4.0,luxury,large,4dr_suv,18,12,190,56050
mazda,323,1993,regular_unleaded,82.0,4.0,manual,front_wheel_drive,2.0,hatchback,compact,2dr_hatchback,33,25,586,2000
suzuki,equator,2012,regular_unleaded,152.0,4.0,manual,rear_wheel_drive,4.0,,compact,extended_cab_pickup,23,19,481,17899
dodge,charger,2017,premium_unleaded_(recommended),485.0,8.0,automatic,rear_wheel_drive,4.0,high-performance,large,sedan,25,15,1851,44995
toyota,avalon,2015,regular_unleaded,268.0,6.0,automatic,front_wheel_drive,4.0,,midsize,sedan,31,21,2031,34140
chevrolet,hhr,2009,flex-fuel_(unleaded/e85),155.0,4.0,automatic,front_wheel_drive,4.0,flex_fuel,compact,wagon,30,22,1385,21030
hyundai,veloster,2014,regular_unleaded,132.0,4.0,automated_manual,front_wheel_drive,3.0,hatchback,compact,2dr_hatchback,36,28,1439,19050
chevrolet,silverado_1500,2017,regular_unleaded,355.0,8.0,automatic,four_wheel_drive,4.0,flex_fuel,large,crew_cab_pickup,22,16,1385,45860
mazda,b-series,2001,regular_unleaded,150.0,6.0,manual,rear_wheel_drive,2.0,,compact,extended_cab_pickup,21,15,586,17545
maserati,ghibli,2017,premium_unleaded_(required),404.0,6.0,automatic,rear_wheel_drive,4.0,"exotic,luxury,high-performance",midsize,sedan,24,16,238,77200
hyundai,tucson,2015,regular_unleaded,180.0,4.0,automatic,all_wheel_drive,4.0,crossover,compact,4dr_suv,25,20,1439,27950
volkswagen,tiguan,2015,premium_unleaded_(recommended),200.0,4.0,automatic,all_wheel_drive,4.0,crossover,compact,4dr_suv,26,20,873,35565
nissan,350z,2007,regular_unleaded,306.0,6.0,manual,rear_wheel_drive,2.0,high-performance,compact,coupe,25,18,2009,29600
chevrolet,corvette,2016,premium_unleaded_(required),650.0,8.0,manual,rear_wheel_drive,2.0,"factory_tuner,high-performance",compact,convertible,22,15,1385,86965
ford,ranger,2011,regular_unleaded,207.0,6.0,manual,rear_wheel_drive,4.0,,compact,extended_cab_pickup,21,16,5657,23495
pontiac,sunbird,1992,regular_unleaded,111.0,4.0,manual,front_wheel_drive,4.0,,compact,sedan,32,22,210,2000
chevrolet,c/k_1500_series,1997,regular_unleaded,200.0,6.0,manual,rear_wheel_drive,2.0,,large,regular_cab_pickup,20,15,1385,2207
honda,accord,2016,regular_unleaded,278.0,6.0,automatic,front_wheel_drive,2.0,performance,midsize,coupe,32,21,2202,33025
toyota,highlander,2015,regular_unleaded,270.0,6.0,automatic,front_wheel_drive,4.0,crossover,midsize,4dr_suv,25,19,2031,33290
audi,200,1991,regular_unleaded,217.0,5.0,manual,all_wheel_drive,4.0,"luxury,performance",midsize,wagon,22,16,3105,2000
nissan,altima,2015,regular_unleaded,182.0,4.0,automatic,front_wheel_drive,4.0,,midsize,sedan,38,27,2009,24720
nissan,frontier,2017,regular_unleaded,152.0,4.0,automatic,rear_wheel_drive,4.0,,compact,extended_cab_pickup,22,17,2009,22160
bmw,3_series,2016,premium_unleaded_(required),240.0,4.0,automatic,all_wheel_drive,4.0,luxury,midsize,sedan,34,22,3916,40350
acura,rlx,2015,premium_unleaded_(recommended),310.0,6.0,automatic,front_wheel_drive,4.0,"luxury,performance",midsize,sedan,31,20,204,56950
nissan,truck,1997,regular_unleaded,134.0,4.0,manual,rear_wheel_drive,2.0,,compact,extended_cab_pickup,23,19,2009,2550
land_rover,range_rover_evoque,2015,premium_unleaded_(recommended),240.0,4.0,automatic,all_wheel_drive,2.0,"crossover,luxury",compact,2dr_suv,30,21,258,49900
chevrolet,spark_ev,2016,electric,140.0,0.0,direct_drive,front_wheel_drive,4.0,hatchback,compact,4dr_hatchback,109,128,1385,25120
gmc,sierra_1500_hybrid,2012,regular_unleaded,332.0,8.0,automatic,four_wheel_drive,4.0,hybrid,large,crew_cab_pickup,23,20,549,43210
volvo,xc70,2014,regular_unleaded,300.0,6.0,automatic,all_wheel_drive,4.0,"crossover,luxury",midsize,wagon,24,17,870,40950
volkswagen,passat,2016,regular_unleaded,170.0,4.0,automatic,front_wheel_drive,4.0,,midsize,sedan,38,25,873,30495
dodge,charger,2017,regular_unleaded,370.0,8.0,automatic,rear_wheel_drive,4.0,high-performance,large,sedan,25,16,1851,39890
buick,regal,2017,premium_unleaded_(recommended),259.0,4.0,automatic,all_wheel_drive,4.0,performance,midsize,sedan,27,19,155,31465
ford,transit_connect,2016,regular_unleaded,169.0,4.0,automatic,front_wheel_drive,4.0,,compact,passenger_minivan,28,20,5657,24825
chevrolet,silverado_1500,2017,flex-fuel_(unleaded/e85),285.0,6.0,automatic,four_wheel_drive,2.0,flex_fuel,large,regular_cab_pickup,22,17,1385,37670
toyota,fj_cruiser,2014,regular_unleaded,260.0,6.0,automatic,rear_wheel_drive,4.0,,midsize,4dr_suv,20,16,2031,27680
volvo,xc60,2015,regular_unleaded,302.0,4.0,automatic,front_wheel_drive,4.0,"crossover,luxury,performance",midsize,4dr_suv,30,22,870,45550
fiat,500x,2016,regular_unleaded,180.0,4.0,automatic,front_wheel_drive,4.0,crossover,compact,4dr_suv,31,22,819,27335
ford,e-150,1996,regular_unleaded,145.0,6.0,automatic,rear_wheel_drive,3.0,,midsize,passenger_van,15,11,5657,2000
cadillac,escalade,2017,premium_unleaded_(recommended),420.0,8.0,automatic,four_wheel_drive,4.0,"luxury,performance",large,4dr_suv,20,15,1624,75995
infiniti,m35,2008,premium_unleaded_(required),275.0,6.0,automatic,rear_wheel_drive,4.0,"luxury,performance",large,sedan,23,16,190,43900
chevrolet,corvette,2015,premium_unleaded_(recommended),455.0,8.0,manual,rear_wheel_drive,2.0,high-performance,compact,coupe,29,17,1385,55000
land_rover,range_rover,2015,flex-fuel_(premium_unleaded_required/e85),510.0,8.0,automatic,four_wheel_drive,4.0,"flex_fuel,luxury,high-performance",large,4dr_suv,19,13,258,106995
bmw,4_series,2015,premium_unleaded_(required),300.0,6.0,automatic,rear_wheel_drive,2.0,"luxury,performance",midsize,coupe,32,21,3916,46250
chevrolet,silverado_1500_classic,2007,regular_unleaded,195.0,6.0,manual,rear_wheel_drive,2.0,flex_fuel,large,regular_cab_pickup,21,15,1385,20515
lincoln,mkz,2015,regular_unleaded,231.0,4.0,automatic,all_wheel_drive,4.0,luxury,midsize,sedan,31,22,61,37080
mazda,3,2015,regular_unleaded,155.0,4.0,automatic,front_wheel_drive,4.0,hatchback,compact,4dr_hatchback,40,30,586,24295
buick,regal,2017,premium_unleaded_(recommended),259.0,4.0,automatic,all_wheel_drive,4.0,performance,midsize,sedan,27,19,155,36540
mercedes-benz,400-class,1992,regular_unleaded,268.0,8.0,automatic,rear_wheel_drive,4.0,"luxury,performance",midsize,sedan,20,15,617,2168
acura,mdx,2015,premium_unleaded_(recommended),290.0,6.0,automatic,all_wheel_drive,4.0,"crossover,luxury",midsize,4dr_suv,27,18,204,48840
mitsubishi,diamante,2003,premium_unleaded_(required),210.0,6.0,automatic,front_wheel_drive,4.0,,midsize,sedan,23,16,436,27097
honda,civic,2015,premium_unleaded_(required),205.0,4.0,manual,front_wheel_drive,2.0,"factory_tuner,performance",compact,coupe,31,22,2202,24390
mercedes-benz,c-class,2017,premium_unleaded_(required),503.0,8.0,automatic,rear_wheel_drive,4.0,"factory_tuner,luxury,high-performance",midsize,sedan,24,18,617,72800
chrysler,300,2015,regular_unleaded,300.0,6.0,automatic,rear_wheel_drive,4.0,performance,large,sedan,31,19,1013,35070
gmc,envoy,2009,regular_unleaded,285.0,6.0,automatic,rear_wheel_drive,4.0,,midsize,4dr_suv,20,14,549,30625
nissan,titan,2014,regular_unleaded,317.0,8.0,automatic,rear_wheel_drive,4.0,flex_fuel,large,crew_cab_pickup,18,13,2009,40580
subaru,xv_crosstrek,2015,regular_unleaded,148.0,4.0,automatic,all_wheel_drive,4.0,crossover,compact,4dr_suv,34,26,640,23295
gmc,sierra_1500_classic,2007,regular_unleaded,310.0,8.0,automatic,four_wheel_drive,4.0,flex_fuel,large,extended_cab_pickup,17,13,549,32025
dodge,ram_250,1991,regular_unleaded,170.0,8.0,manual,rear_wheel_drive,2.0,,large,extended_cab_pickup,13,11,1851,2000
audi,rs_6,2003,premium_unleaded_(required),450.0,8.0,automatic,all_wheel_drive,4.0,"factory_tuner,luxury,high-performance",midsize,sedan,20,14,3105,82700
saab,9-3,2010,premium_unleaded_(recommended),207.0,4.0,manual,front_wheel_drive,4.0,luxury,compact,wagon,31,21,376,30330
suzuki,grand_vitara,2013,regular_unleaded,166.0,4.0,manual,rear_wheel_drive,4.0,crossover,compact,4dr_suv,26,19,481,19949
nissan,240sx,1997,regular_unleaded,155.0,4.0,manual,rear_wheel_drive,2.0,performance,compact,coupe,26,19,2009,4107
lexus,nx_300h,2016,regular_unleaded,194.0,4.0,automatic,all_wheel_drive,4.0,"crossover,luxury,hybrid",midsize,4dr_suv,30,33,454,41310
ford,contour,1999,regular_unleaded,125.0,4.0,manual,front_wheel_drive,4.0,,midsize,sedan,31,21,5657,2000
suzuki,kizashi,2012,regular_unleaded,180.0,4.0,automatic,all_wheel_drive,4.0,,midsize,sedan,29,22,481,27549
chrysler,town_and_country,2014,flex-fuel_(unleaded/e85),283.0,6.0,automatic,front_wheel_drive,4.0,flex_fuel,midsize,passenger_minivan,25,17,1013,41995
buick,enclave,2015,regular_unleaded,288.0,6.0,automatic,front_wheel_drive,4.0,crossover,midsize,4dr_suv,24,17,155,47305
hummer,h3,2010,regular_unleaded,239.0,5.0,automatic,four_wheel_drive,4.0,luxury,midsize,4dr_suv,18,14,130,38365
volvo,xc60,2015,regular_unleaded,300.0,6.0,automatic,all_wheel_drive,4.0,"crossover,luxury,performance",midsize,4dr_suv,24,17,870,42650
hyundai,elantra_touring,2011,regular_unleaded,138.0,4.0,manual,front_wheel_drive,4.0,hatchback,compact,4dr_hatchback,31,23,1439,19495
volvo,v50,2009,premium_unleaded_(recommended),227.0,5.0,automatic,all_wheel_drive,4.0,luxury,compact,wagon,26,18,870,35500
toyota,tacoma,2017,regular_unleaded,159.0,4.0,manual,four_wheel_drive,4.0,,compact,extended_cab_pickup,21,19,2031,25645
infiniti,fx,2012,premium_unleaded_(required),303.0,6.0,automatic,all_wheel_drive,4.0,"crossover,luxury",midsize,4dr_suv,21,16,190,45150
oldsmobile,cutlass_ciera,1993,regular_unleaded,160.0,4.0,automatic,front_wheel_drive,4.0,,midsize,wagon,26,18,26,2000
chrysler,concorde,2003,regular_unleaded,200.0,6.0,automatic,front_wheel_drive,4.0,,large,sedan,27,19,1013,23180
toyota,4runner,2014,regular_unleaded,270.0,6.0,automatic,four_wheel_drive,4.0,,midsize,4dr_suv,22,17,2031,43400
lexus,rx_350,2016,regular_unleaded,295.0,6.0,automatic,all_wheel_drive,4.0,"crossover,luxury",midsize,4dr_suv,26,19,454,43300
lexus,gs_350,2017,premium_unleaded_(required),311.0,6.0,automatic,rear_wheel_drive,4.0,"luxury,high-performance",midsize,sedan,28,20,454,50695
nissan,leaf,2016,electric,,0.0,direct_drive,front_wheel_drive,4.0,hatchback,compact,4dr_hatchback,101,124,2009,36790
bentley,continental_gt,2015,premium_unleaded_(required),521.0,8.0,automatic,all_wheel_drive,2.0,"exotic,factory_tuner,luxury,high-performance",midsize,coupe,25,15,520,199700
oldsmobile,cutlass_calais,1990,regular_unleaded,110.0,4.0,manual,front_wheel_drive,4.0,,compact,sedan,30,19,26,2000
gmc,yukon_xl,2017,flex-fuel_(unleaded/e85),355.0,8.0,automatic,four_wheel_drive,4.0,"flex_fuel,performance",large,4dr_suv,22,15,549,54230
honda,fit,2015,regular_unleaded,130.0,4.0,automatic,front_wheel_drive,4.0,hatchback,compact,4dr_hatchback,38,32,2202,20925
subaru,baja,2005,premium_unleaded_(required),210.0,4.0,automatic,all_wheel_drive,4.0,crossover,compact,crew_cab_pickup,21,16,640,27245
chevrolet,hhr,2011,flex-fuel_(unleaded/e85),155.0,4.0,manual,front_wheel_drive,4.0,flex_fuel,compact,wagon,32,22,1385,18720
subaru,forester,2015,regular_unleaded,170.0,4.0,automatic,all_wheel_drive,4.0,crossover,midsize,4dr_suv,32,24,640,30095
fiat,500l,2016,premium_unleaded_(recommended),160.0,4.0,manual,front_wheel_drive,4.0,,compact,wagon,33,25,819,19495
cadillac,escalade_esv,2015,flex-fuel_(unleaded/e85),420.0,8.0,automatic,rear_wheel_drive,4.0,"flex_fuel,luxury,performance",large,4dr_suv,22,15,1624,92275
nissan,versa_note,2015,regular_unleaded,109.0,4.0,automatic,front_wheel_drive,4.0,hatchback,compact,4dr_hatchback,40,31,2009,17960
volkswagen,jetta,2016,premium_unleaded_(recommended),210.0,4.0,manual,front_wheel_drive,4.0,"factory_tuner,performance",midsize,sedan,33,23,873,26920
oldsmobile,alero,2003,regular_unleaded,170.0,6.0,automatic,front_wheel_drive,4.0,,midsize,sedan,27,18,26,21585
toyota,rav4,2017,regular_unleaded,176.0,4.0,automatic,all_wheel_drive,4.0,crossover,midsize,4dr_suv,28,22,2031,36150
acura,tl,2013,premium_unleaded_(recommended),305.0,6.0,automatic,all_wheel_drive,4.0,"luxury,performance",midsize,sedan,26,18,204,39455
cadillac,cts_coupe,2012,regular_unleaded,318.0,6.0,automatic,all_wheel_drive,2.0,"luxury,performance",midsize,coupe,27,18,1624,40615
ford,mustang,2015,premium_unleaded_(recommended),310.0,4.0,manual,rear_wheel_drive,2.0,high-performance,midsize,coupe,31,22,5657,29300
bmw,5_series,2015,premium_unleaded_(required),443.0,8.0,automatic,all_wheel_drive,4.0,"luxury,high-performance",large,sedan,25,16,3916,67200
cadillac,ct6,2017,premium_unleaded_(recommended),265.0,4.0,automatic,rear_wheel_drive,4.0,luxury,large,sedan,30,22,1624,58395
land_rover,lr4,2016,premium_unleaded_(required),340.0,6.0,automatic,four_wheel_drive,4.0,luxury,midsize,4dr_suv,19,15,258,50400
volvo,s60,2015,regular_unleaded,302.0,4.0,automatic,front_wheel_drive,4.0,"luxury,high-performance",midsize,sedan,35,24,870,38150
subaru,justy,1993,regular_unleaded,73.0,3.0,manual,front_wheel_drive,2.0,hatchback,compact,2dr_hatchback,33,28,640,2000
honda,crosstour,2013,regular_unleaded,278.0,6.0,automatic,all_wheel_drive,4.0,"crossover,hatchback",midsize,4dr_hatchback,28,19,2202,37090
mazda,6,2015,regular_unleaded,184.0,4.0,automatic,front_wheel_drive,4.0,,midsize,sedan,38,26,586,22895
honda,pilot,2016,regular_unleaded,280.0,6.0,automatic,all_wheel_drive,4.0,crossover,midsize,4dr_suv,26,18,2202,37855
infiniti,g35,2007,premium_unleaded_(required),293.0,6.0,manual,rear_wheel_drive,2.0,"luxury,performance",midsize,coupe,23,17,190,34050
chevrolet,corvette,2016,premium_unleaded_(recommended),455.0,8.0,manual,rear_wheel_drive,2.0,high-performance,compact,convertible,29,17,1385,69145
chevrolet,hhr,2010,flex-fuel_(unleaded/e85),155.0,4.0,manual,front_wheel_drive,4.0,flex_fuel,compact,wagon,32,22,1385,19030
chrysler,voyager,2003,regular_unleaded,150.0,4.0,automatic,front_wheel_drive,4.0,,midsize,passenger_minivan,25,18,1013,20960
acura,legend,1994,regular_unleaded,200.0,6.0,manual,front_wheel_drive,4.0,luxury,midsize,sedan,23,16,204,2028
toyota,matrix,2011,regular_unleaded,132.0,4.0,manual,front_wheel_drive,4.0,hatchback,compact,4dr_hatchback,32,26,2031,18845
fiat,500,2016,premium_unleaded_(recommended),101.0,4.0,manual,front_wheel_drive,2.0,,compact,convertible,40,31,819,24495
gmc,sierra_1500,2016,flex-fuel_(unleaded/e85),285.0,6.0,automatic,four_wheel_drive,4.0,flex_fuel,large,crew_cab_pickup,22,17,549,43505
mercedes-benz,gl-class,2015,premium_unleaded_(required),362.0,6.0,automatic,all_wheel_drive,4.0,"crossover,luxury",large,4dr_suv,21,17,617,65200
volkswagen,cabrio,2001,regular_unleaded,115.0,4.0,manual,front_wheel_drive,2.0,,compact,convertible,28,21,873,19600
bentley,continental_flying_spur,2011,flex-fuel_(premium_unleaded_required/e85),552.0,12.0,automatic,all_wheel_drive,4.0,"exotic,flex_fuel,luxury,high-performance",large,sedan,18,11,520,181200
mazda,tribute,2009,regular_unleaded,171.0,4.0,automatic,front_wheel_drive,4.0,crossover,compact,4dr_suv,28,20,586,24620
oldsmobile,cutlass_ciera,1994,regular_unleaded,160.0,6.0,automatic,front_wheel_drive,4.0,,midsize,wagon,26,17,26,2000
toyota,tacoma,2017,regular_unleaded,278.0,6.0,manual,four_wheel_drive,4.0,,compact,crew_cab_pickup,20,17,2031,33075
chevrolet,suburban,2016,flex-fuel_(unleaded/e85),355.0,8.0,automatic,four_wheel_drive,4.0,"flex_fuel,performance",large,4dr_suv,22,15,1385,52700
porsche,928,1995,regular_unleaded,345.0,8.0,manual,rear_wheel_drive,2.0,"hatchback,luxury,performance",compact,2dr_hatchback,17,11,1715,9400
bmw,z8,2002,premium_unleaded_(required),394.0,8.0,manual,rear_wheel_drive,2.0,"exotic,luxury,high-performance",compact,convertible,19,12,3916,130000
nissan,altima,2016,regular_unleaded,182.0,4.0,automatic,front_wheel_drive,4.0,,midsize,sedan,39,27,2009,22500
chevrolet,silverado_1500_hybrid,2012,regular_unleaded,332.0,8.0,automatic,rear_wheel_drive,4.0,hybrid,large,crew_cab_pickup,23,20,1385,39640
chevrolet,silverado_1500_classic,2007,flex-fuel_(unleaded/e85),295.0,8.0,automatic,rear_wheel_drive,4.0,flex_fuel,large,extended_cab_pickup,19,14,1385,30755
dodge,ram_pickup_1500,2009,flex-fuel_(unleaded/e85),310.0,8.0,automatic,rear_wheel_drive,2.0,flex_fuel,large,regular_cab_pickup,19,14,1851,26015
dodge,challenger,2015,premium_unleaded_(recommended),707.0,8.0,manual,rear_wheel_drive,2.0,"factory_tuner,high-performance",large,coupe,22,13,1851,58295
subaru,wrx,2015,premium_unleaded_(recommended),268.0,4.0,automatic,all_wheel_drive,4.0,performance,compact,sedan,25,19,640,31195
hyundai,elantra_coupe,2013,regular_unleaded,148.0,4.0,automatic,front_wheel_drive,2.0,,compact,coupe,37,27,1439,20895
gmc,savana,2016,flex-fuel_(unleaded/e85),285.0,8.0,automatic,rear_wheel_drive,3.0,flex_fuel,midsize,passenger_van,16,11,549,35285
dodge,ram_50_pickup,1992,regular_unleaded,116.0,4.0,manual,rear_wheel_drive,2.0,,compact,regular_cab_pickup,22,17,1851,2000
toyota,pickup,1994,regular_unleaded,150.0,6.0,manual,rear_wheel_drive,2.0,,compact,extended_cab_pickup,20,15,2031,2040
honda,odyssey,2016,regular_unleaded,248.0,6.0,automatic,front_wheel_drive,4.0,,large,passenger_minivan,28,19,2202,36050
bmw,6_series,2017,premium_unleaded_(required),315.0,6.0,automatic,rear_wheel_drive,2.0,"luxury,performance",midsize,coupe,30,21,3916,77600
porsche,boxster,2015,premium_unleaded_(required),330.0,6.0,manual,rear_wheel_drive,2.0,"luxury,high-performance",compact,convertible,26,19,1715,73500
mazda,b-series_pickup,2000,regular_unleaded,160.0,6.0,manual,four_wheel_drive,4.0,,compact,extended_cab_pickup,19,15,586,3928
suzuki,equator,2010,regular_unleaded,261.0,6.0,automatic,four_wheel_drive,4.0,,compact,extended_cab_pickup,19,15,481,25645
gmc,acadia,2015,regular_unleaded,281.0,6.0,automatic,front_wheel_drive,4.0,crossover,midsize,4dr_suv,24,17,549,36555
dodge,ram_150,1992,regular_unleaded,230.0,8.0,manual,four_wheel_drive,2.0,,large,extended_cab_pickup,15,12,1851,2000
volvo,xc60,2015,regular_unleaded,300.0,6.0,automatic,all_wheel_drive,4.0,"crossover,luxury,performance",midsize,4dr_suv,24,17,870,43850
ferrari,612_scaglietti,2011,premium_unleaded_(required),532.0,12.0,automated_manual,rear_wheel_drive,2.0,"exotic,high-performance",large,coupe,16,9,2774,313088
chrysler,pacifica,2017,regular_unleaded,287.0,6.0,automatic,front_wheel_drive,4.0,,midsize,passenger_minivan,28,18,1013,28595
cadillac,catera,2000,regular_unleaded,200.0,6.0,automatic,rear_wheel_drive,4.0,luxury,midsize,sedan,23,16,1624,2241
gmc,envoy,2008,regular_unleaded,285.0,6.0,automatic,rear_wheel_drive,4.0,,midsize,4dr_suv,20,14,549,27980
ford,transit_wagon,2016,flex-fuel_(unleaded/e85),275.0,6.0,automatic,rear_wheel_drive,3.0,"flex_fuel,diesel",midsize,passenger_van,19,14,5657,36975
volkswagen,passat,2017,regular_unleaded,170.0,4.0,automatic,front_wheel_drive,4.0,,midsize,sedan,34,23,873,23975
plymouth,sundance,1992,regular_unleaded,100.0,4.0,manual,front_wheel_drive,2.0,hatchback,compact,2dr_hatchback,29,20,535,2000
chevrolet,corvette_stingray,2014,premium_unleaded_(recommended),455.0,8.0,manual,rear_wheel_drive,2.0,high-performance,compact,coupe,29,17,1385,53000
cadillac,cts_wagon,2012,regular_unleaded,318.0,6.0,automatic,all_wheel_drive,4.0,"luxury,performance",midsize,wagon,26,18,1624,51650
toyota,tundra,2017,regular_unleaded,381.0,8.0,automatic,four_wheel_drive,4.0,,large,extended_cab_pickup,17,13,2031,36150
chevrolet,silverado_1500,2015,regular_unleaded,355.0,8.0,automatic,rear_wheel_drive,4.0,,large,extended_cab_pickup,23,16,1385,40100
audi,100,1994,regular_unleaded,172.0,6.0,automatic,front_wheel_drive,4.0,luxury,midsize,sedan,22,16,3105,2000
kia,optima,2016,regular_unleaded,245.0,4.0,automatic,front_wheel_drive,4.0,performance,midsize,sedan,32,22,1720,29940
kia,sorento,2016,regular_unleaded,290.0,6.0,automatic,all_wheel_drive,4.0,crossover,midsize,4dr_suv,23,17,1720,43300
chevrolet,s-10,2003,flex-fuel_(unleaded/e85),120.0,4.0,manual,rear_wheel_drive,3.0,flex_fuel,compact,extended_cab_pickup,25,19,1385,20780
bmw,1_series,2012,premium_unleaded_(required),230.0,6.0,manual,rear_wheel_drive,2.0,luxury,compact,convertible,28,18,3916,36900
volkswagen,routan,2010,regular_unleaded,197.0,6.0,automatic,front_wheel_drive,4.0,,midsize,passenger_minivan,23,16,873,25900
honda,cr-v,2015,regular_unleaded,185.0,4.0,automatic,front_wheel_drive,4.0,crossover,compact,4dr_suv,34,27,2202,29645
audi,100,1993,regular_unleaded,172.0,6.0,manual,front_wheel_drive,4.0,luxury,midsize,sedan,24,17,3105,2000
pontiac,grand_am,2003,regular_unleaded,175.0,6.0,automatic,front_wheel_drive,2.0,,midsize,coupe,27,18,210,21690
volkswagen,beetle,2015,diesel,150.0,4.0,manual,front_wheel_drive,2.0,"hatchback,diesel",compact,2dr_hatchback,41,31,873,24795
honda,civic_del_sol,1995,regular_unleaded,125.0,4.0,manual,front_wheel_drive,2.0,,compact,coupe,32,25,2202,2000
toyota,4runner,2014,regular_unleaded,270.0,6.0,automatic,four_wheel_drive,4.0,,midsize,4dr_suv,22,17,2031,34695
mazda,3,2016,regular_unleaded,155.0,4.0,automatic,front_wheel_drive,4.0,hatchback,compact,4dr_hatchback,40,30,586,19595
honda,crosstour,2015,regular_unleaded,192.0,4.0,automatic,front_wheel_drive,4.0,"crossover,hatchback",midsize,4dr_hatchback,31,22,2202,27530
hyundai,tiburon,2007,regular_unleaded,138.0,4.0,automatic,front_wheel_drive,2.0,hatchback,compact,2dr_hatchback,27,20,1439,17795
toyota,tundra,2015,regular_unleaded,381.0,8.0,automatic,rear_wheel_drive,2.0,,large,regular_cab_pickup,18,13,2031,29120
cadillac,cts_coupe,2013,regular_unleaded,318.0,6.0,automatic,all_wheel_drive,2.0,"luxury,performance",midsize,coupe,27,18,1624,45850
gmc,sierra_1500,2016,flex-fuel_(unleaded/e85),285.0,6.0,automatic,rear_wheel_drive,4.0,flex_fuel,large,crew_cab_pickup,24,18,549,39535
lexus,gs_460,2009,premium_unleaded_(required),342.0,8.0,automatic,rear_wheel_drive,4.0,"luxury,high-performance",midsize,sedan,24,17,454,53470
nissan,300zx,1994,regular_unleaded,222.0,6.0,manual,rear_wheel_drive,2.0,performance,compact,coupe,22,16,2009,2488
volkswagen,new_beetle,2009,regular_unleaded,150.0,5.0,automatic,front_wheel_drive,2.0,,compact,convertible,28,20,873,25990
chevrolet,corvette,2016,premium_unleaded_(recommended),455.0,8.0,manual,rear_wheel_drive,2.0,high-performance,compact,convertible,29,17,1385,59400
kia,sorento,2016,regular_unleaded,185.0,4.0,automatic,all_wheel_drive,4.0,crossover,midsize,4dr_suv,26,21,1720,28200
cadillac,xts,2015,regular_unleaded,304.0,6.0,automatic,front_wheel_drive,4.0,"luxury,performance",large,sedan,28,18,1624,54670
infiniti,m,2013,premium_unleaded_(required),330.0,6.0,automatic,rear_wheel_drive,4.0,"luxury,performance",large,sedan,26,18,190,48700
ford,f-150,2015,regular_unleaded,325.0,6.0,automatic,rear_wheel_drive,4.0,flex_fuel,large,extended_cab_pickup,26,19,5657,39610
kia,sedona,2015,regular_unleaded,276.0,6.0,automatic,front_wheel_drive,4.0,,midsize,passenger_minivan,22,17,1720,39700
ford,f-150,2017,flex-fuel_(unleaded/e85),385.0,8.0,automatic,rear_wheel_drive,4.0,flex_fuel,large,crew_cab_pickup,22,15,5657,53135
dodge,ram_150,1991,regular_unleaded,170.0,8.0,manual,rear_wheel_drive,2.0,,large,extended_cab_pickup,14,11,1851,2000
chevrolet,silverado_1500_classic,2007,regular_unleaded,195.0,6.0,automatic,rear_wheel_drive,4.0,flex_fuel,large,extended_cab_pickup,20,14,1385,23940
acura,legend,1993,regular_unleaded,200.0,6.0,manual,front_wheel_drive,4.0,luxury,midsize,sedan,23,15,204,2000
honda,accord_crosstour,2011,regular_unleaded,271.0,6.0,automatic,front_wheel_drive,4.0,"crossover,hatchback",midsize,4dr_hatchback,27,18,2202,35090
mazda,protege,2003,regular_unleaded,130.0,4.0,manual,front_wheel_drive,4.0,,compact,sedan,28,22,586,16140
dodge,ram_250,1991,regular_unleaded,125.0,8.0,manual,rear_wheel_drive,2.0,,large,regular_cab_pickup,13,11,1851,2000
land_rover,range_rover,2015,flex-fuel_(premium_unleaded_required/e85),510.0,8.0,automatic,four_wheel_drive,4.0,"flex_fuel,luxury,high-performance",large,4dr_suv,19,13,258,118845
cadillac,cts,2015,premium_unleaded_(recommended),272.0,4.0,automatic,all_wheel_drive,4.0,"luxury,performance",large,sedan,28,19,1624,62070
chevrolet,trailblazer,2007,premium_unleaded_(required),395.0,8.0,automatic,all_wheel_drive,4.0,"factory_tuner,performance",midsize,4dr_suv,16,12,1385,33620
pontiac,6000,1991,regular_unleaded,110.0,4.0,automatic,front_wheel_drive,4.0,,midsize,sedan,28,19,210,2000
toyota,tundra,2016,regular_unleaded,381.0,8.0,automatic,four_wheel_drive,4.0,,large,extended_cab_pickup,17,13,2031,36030
volkswagen,cc,2016,premium_unleaded_(recommended),200.0,4.0,manual,front_wheel_drive,4.0,performance,midsize,sedan,32,21,873,31570
cadillac,escalade_esv,2015,flex-fuel_(unleaded/e85),420.0,8.0,automatic,rear_wheel_drive,4.0,"flex_fuel,luxury",large,4dr_suv,21,15,1624,74695
bentley,continental_gt,2014,premium_unleaded_(required),521.0,8.0,automatic,all_wheel_drive,2.0,"exotic,factory_tuner,luxury,high-performance",midsize,coupe,24,15,520,196500
plymouth,breeze,1998,regular_unleaded,132.0,4.0,manual,front_wheel_drive,4.0,,midsize,sedan,33,23,535,2000
mercedes-benz,m-class,2013,premium_unleaded_(required),302.0,6.0,automatic,rear_wheel_drive,4.0,"crossover,luxury",midsize,4dr_suv,23,18,617,47270
mitsubishi,outlander,2016,regular_unleaded,166.0,4.0,automatic,front_wheel_drive,4.0,crossover,midsize,4dr_suv,31,25,436,22995
volkswagen,golf_gti,2015,premium_unleaded_(recommended),220.0,4.0,manual,front_wheel_drive,4.0,"hatchback,performance",compact,4dr_hatchback,34,25,873,31540
dodge,journey,2016,regular_unleaded,173.0,4.0,automatic,front_wheel_drive,4.0,crossover,midsize,4dr_suv,26,19,1851,26295
bentley,azure,2008,premium_unleaded_(required),450.0,8.0,automatic,rear_wheel_drive,2.0,"exotic,luxury,performance",large,convertible,15,9,520,329990
volkswagen,rabbit,2009,regular_unleaded,170.0,5.0,automatic,front_wheel_drive,2.0,hatchback,compact,2dr_hatchback,29,20,873,17400
infiniti,ex,2012,premium_unleaded_(recommended),297.0,6.0,automatic,all_wheel_drive,4.0,"crossover,luxury",midsize,4dr_suv,24,17,190,37200
chevrolet,cavalier,2004,regular_unleaded,140.0,4.0,manual,front_wheel_drive,2.0,,compact,coupe,33,23,1385,17410
infiniti,q50,2017,premium_unleaded_(required),208.0,4.0,automatic,rear_wheel_drive,4.0,"luxury,performance",midsize,sedan,31,23,190,42300
dodge,dakota,2008,regular_unleaded,210.0,6.0,automatic,four_wheel_drive,4.0,,compact,extended_cab_pickup,18,14,1851,26280
ferrari,f430,2008,premium_unleaded_(required),483.0,8.0,automated_manual,rear_wheel_drive,2.0,"exotic,high-performance",compact,coupe,16,11,2774,199054
acura,tlx,2015,premium_unleaded_(recommended),290.0,6.0,automatic,front_wheel_drive,4.0,luxury,midsize,sedan,34,21,204,39375
mitsubishi,endeavor,2010,premium_unleaded_(recommended),225.0,6.0,automatic,front_wheel_drive,4.0,crossover,midsize,4dr_suv,21,15,436,29999
suzuki,kizashi,2012,regular_unleaded,180.0,4.0,automatic,front_wheel_drive,4.0,,midsize,sedan,30,23,481,22299
ford,f-150,2016,flex-fuel_(unleaded/e85),282.0,6.0,automatic,rear_wheel_drive,4.0,flex_fuel,large,extended_cab_pickup,25,18,5657,30600
cadillac,ats,2015,premium_unleaded_(recommended),272.0,4.0,automatic,rear_wheel_drive,4.0,"luxury,performance",compact,sedan,30,21,1624,42660
land_rover,range_rover_evoque,2016,premium_unleaded_(recommended),240.0,4.0,automatic,all_wheel_drive,4.0,"crossover,luxury",compact,4dr_suv,30,21,258,50475
bmw,activehybrid_5,2015,premium_unleaded_(required),335.0,6.0,automatic,rear_wheel_drive,4.0,"luxury,performance,hybrid",large,sedan,30,23,3916,61900
lexus,is_350_c,2013,premium_unleaded_(required),306.0,6.0,automatic,rear_wheel_drive,2.0,"luxury,performance",compact,convertible,27,19,454,46890
dodge,dakota,2010,regular_unleaded,210.0,6.0,automatic,rear_wheel_drive,4.0,flex_fuel,compact,extended_cab_pickup,20,15,1851,23630
toyota,tundra,2015,flex-fuel_(unleaded/e85),381.0,8.0,automatic,four_wheel_drive,4.0,flex_fuel,large,crew_cab_pickup,17,13,2031,47975
mercedes-benz,ml55_amg,2000,regular_unleaded,342.0,8.0,automatic,all_wheel_drive,4.0,"factory_tuner,luxury,performance",midsize,4dr_suv,16,12,617,5650
hyundai,elantra_coupe,2013,regular_unleaded,148.0,4.0,automatic,front_wheel_drive,2.0,,compact,coupe,37,27,1439,18595
volkswagen,jetta_sportwagen,2013,diesel,140.0,4.0,automated_manual,front_wheel_drive,4.0,diesel,compact,wagon,39,29,873,28695
dodge,charger,2016,regular_unleaded,292.0,6.0,automatic,rear_wheel_drive,4.0,,large,sedan,31,19,1851,27995
suzuki,swift,2001,regular_unleaded,79.0,4.0,automatic,front_wheel_drive,2.0,hatchback,compact,2dr_hatchback,31,26,481,10949
honda,civic,2017,regular_unleaded,174.0,4.0,manual,front_wheel_drive,2.0,performance,compact,coupe,41,30,2202,21600
ford,explorer_sport,2003,regular_unleaded,203.0,6.0,automatic,four_wheel_drive,2.0,,midsize,2dr_suv,18,14,5657,25565
ford,transit_wagon,2016,flex-fuel_(unleaded/e85),275.0,6.0,automatic,rear_wheel_drive,3.0,"flex_fuel,diesel",midsize,passenger_van,19,14,5657,38270
pontiac,le_mans,1992,regular_unleaded,74.0,4.0,manual,front_wheel_drive,4.0,,compact,sedan,37,26,210,2000
oldsmobile,eighty-eight_royale,1994,regular_unleaded,170.0,6.0,automatic,front_wheel_drive,4.0,,large,sedan,26,17,26,2000
dodge,dakota,2008,regular_unleaded,210.0,6.0,automatic,rear_wheel_drive,4.0,,compact,crew_cab_pickup,20,15,1851,26540
ford,ltd_crown_victoria,1990,regular_unleaded,150.0,8.0,automatic,rear_wheel_drive,4.0,,large,wagon,22,15,5657,2000
honda,accord_plug-in_hybrid,2014,regular_unleaded,196.0,4.0,automatic,front_wheel_drive,4.0,hybrid,midsize,sedan,46,47,2202,39780
dodge,ram_pickup_1500,2008,flex-fuel_(unleaded/e85),310.0,8.0,automatic,rear_wheel_drive,4.0,flex_fuel,large,crew_cab_pickup,18,13,1851,28755
honda,ridgeline,2017,regular_unleaded,280.0,6.0,automatic,front_wheel_drive,4.0,,large,crew_cab_pickup,26,19,2202,33015
cadillac,sts,2009,regular_unleaded,302.0,6.0,automatic,rear_wheel_drive,4.0,"luxury,performance",large,sedan,26,17,1624,46845
mazda,b-series_pickup,1999,flex-fuel_(unleaded/e85),150.0,6.0,manual,rear_wheel_drive,4.0,flex_fuel,compact,extended_cab_pickup,21,16,586,3119
ford,flex,2016,regular_unleaded,287.0,6.0,automatic,front_wheel_drive,4.0,crossover,large,wagon,23,16,5657,29600
toyota,tundra,2016,regular_unleaded,381.0,8.0,automatic,rear_wheel_drive,4.0,,large,extended_cab_pickup,18,13,2031,38670
audi,s4,2015,premium_unleaded_(required),333.0,6.0,automated_manual,all_wheel_drive,4.0,"factory_tuner,luxury,high-performance",midsize,sedan,28,18,3105,55700
pontiac,sunfire,2004,regular_unleaded,140.0,4.0,manual,front_wheel_drive,2.0,,compact,coupe,33,23,210,14930
mazda,cx-5,2016,regular_unleaded,184.0,4.0,automatic,all_wheel_drive,4.0,crossover,midsize,4dr_suv,30,24,586,29470
gmc,acadia,2017,regular_unleaded,194.0,4.0,automatic,front_wheel_drive,4.0,crossover,midsize,4dr_suv,26,21,549,38350
buick,encore,2015,regular_unleaded,138.0,4.0,automatic,front_wheel_drive,4.0,crossover,compact,4dr_suv,33,25,155,29435
oldsmobile,cutlass_calais,1990,regular_unleaded,180.0,4.0,manual,front_wheel_drive,4.0,,compact,sedan,29,19,26,2000
kia,forte,2015,regular_unleaded,201.0,4.0,automatic,front_wheel_drive,2.0,performance,compact,coupe,30,22,1720,21590
fiat,500l,2015,premium_unleaded_(recommended),160.0,4.0,manual,front_wheel_drive,4.0,,compact,wagon,33,25,819,19345
gmc,sierra_1500_classic,2007,flex-fuel_(unleaded/e85),295.0,8.0,automatic,four_wheel_drive,4.0,flex_fuel,large,crew_cab_pickup,17,13,549,33755
dodge,ram_50_pickup,1991,regular_unleaded,116.0,4.0,manual,rear_wheel_drive,2.0,,compact,regular_cab_pickup,22,17,1851,2000
bmw,z4,2016,premium_unleaded_(required),335.0,6.0,automated_manual,rear_wheel_drive,2.0,"luxury,high-performance",compact,convertible,24,17,3916,66350
volkswagen,new_beetle,2009,regular_unleaded,150.0,5.0,manual,front_wheel_drive,2.0,hatchback,compact,2dr_hatchback,28,20,873,18290
gmc,sierra_1500_classic,2007,regular_unleaded,295.0,8.0,automatic,four_wheel_drive,4.0,,large,extended_cab_pickup,17,13,549,30255
bmw,x3,2016,premium_unleaded_(required),240.0,4.0,automatic,rear_wheel_drive,4.0,"crossover,luxury",midsize,4dr_suv,28,21,3916,38950
toyota,camry_hybrid,2015,regular_unleaded,200.0,4.0,automatic,front_wheel_drive,4.0,hybrid,midsize,sedan,38,40,2031,27995
chevrolet,silverado_1500,2017,flex-fuel_(unleaded/e85),285.0,6.0,automatic,four_wheel_drive,4.0,flex_fuel,large,crew_cab_pickup,22,17,1385,44465
ford,escape,2016,premium_unleaded_(recommended),178.0,4.0,automatic,front_wheel_drive,4.0,crossover,compact,4dr_suv,32,23,5657,29995
chevrolet,silverado_1500,2017,flex-fuel_(unleaded/e85),285.0,6.0,automatic,rear_wheel_drive,4.0,flex_fuel,large,crew_cab_pickup,24,18,1385,36035
toyota,tundra,2017,flex-fuel_(unleaded/e85),381.0,8.0,automatic,rear_wheel_drive,4.0,flex_fuel,large,extended_cab_pickup,18,13,2031,39280
volvo,xc60,2015,regular_unleaded,240.0,4.0,automatic,front_wheel_drive,4.0,"crossover,luxury",midsize,4dr_suv,31,24,870,39650
acura,integra,1999,regular_unleaded,170.0,4.0,manual,front_wheel_drive,2.0,"hatchback,luxury,performance",compact,2dr_hatchback,28,22,204,3355
nissan,altima,2017,regular_unleaded,179.0,4.0,automatic,front_wheel_drive,4.0,,midsize,sedan,39,27,2009,22900
lexus,gs_200t,2017,premium_unleaded_(required),241.0,4.0,automatic,rear_wheel_drive,4.0,luxury,midsize,sedan,32,22,454,46310
mazda,3,2017,regular_unleaded,155.0,4.0,automatic,front_wheel_drive,4.0,,midsize,sedan,37,28,586,21495
mercedes-benz,190-class,1992,regular_unleaded,158.0,6.0,manual,rear_wheel_drive,4.0,luxury,compact,sedan,25,17,617,2000
toyota,prius,2017,regular_unleaded,121.0,4.0,automatic,front_wheel_drive,4.0,"hatchback,hybrid",compact,4dr_hatchback,50,54,2031,28115
porsche,cayenne,2016,premium_unleaded_(required),570.0,8.0,automatic,all_wheel_drive,4.0,"crossover,luxury,high-performance",midsize,4dr_suv,21,14,1715,157300
ford,explorer_sport_trac,2010,regular_unleaded,210.0,6.0,automatic,rear_wheel_drive,4.0,crossover,compact,crew_cab_pickup,20,14,5657,33065
audi,q5,2016,premium_unleaded_(required),272.0,6.0,automatic,all_wheel_drive,4.0,"crossover,luxury",midsize,4dr_suv,26,18,3105,53500
ford,f-250,1998,regular_unleaded,220.0,8.0,manual,four_wheel_drive,3.0,,large,extended_cab_pickup,16,13,5657,3269
oldsmobile,ninety-eight,1995,regular_unleaded,205.0,6.0,automatic,front_wheel_drive,4.0,,large,sedan,26,17,26,2000
mazda,truck,2003,regular_unleaded,147.0,6.0,manual,rear_wheel_drive,4.0,,compact,extended_cab_pickup,21,17,586,19215
honda,cr-z,2014,regular_unleaded,130.0,4.0,automatic,front_wheel_drive,2.0,"hatchback,hybrid",compact,2dr_hatchback,39,36,2202,20645
maserati,quattroporte,2017,premium_unleaded_(required),404.0,6.0,automatic,rear_wheel_drive,4.0,"exotic,luxury,high-performance",large,sedan,23,16,238,109900
buick,encore,2017,regular_unleaded,138.0,4.0,automatic,all_wheel_drive,4.0,crossover,compact,4dr_suv,30,24,155,31965
bmw,z8,2001,premium_unleaded_(required),394.0,8.0,manual,rear_wheel_drive,2.0,"exotic,luxury,high-performance",compact,convertible,19,12,3916,128000
ford,freestyle,2006,regular_unleaded,203.0,6.0,automatic,all_wheel_drive,4.0,crossover,large,wagon,22,17,5657,28355
toyota,prius_c,2014,regular_unleaded,99.0,4.0,automatic,front_wheel_drive,4.0,"hatchback,hybrid",compact,4dr_hatchback,46,53,2031,23360
volkswagen,gti,2012,premium_unleaded_(recommended),200.0,4.0,manual,front_wheel_drive,4.0,"hatchback,performance",compact,4dr_hatchback,31,21,873,30595
chevrolet,sportvan,1994,regular_unleaded,155.0,6.0,automatic,rear_wheel_drive,3.0,,midsize,passenger_van,17,14,1385,2000
volvo,c70,2012,premium_unleaded_(recommended),227.0,5.0,automatic,front_wheel_drive,2.0,luxury,compact,convertible,28,18,870,40450
dodge,dakota,2009,regular_unleaded,210.0,6.0,automatic,four_wheel_drive,4.0,flex_fuel,compact,extended_cab_pickup,18,14,1851,26810
bmw,6_series,2015,premium_unleaded_(required),445.0,8.0,automatic,rear_wheel_drive,2.0,"luxury,high-performance",midsize,convertible,25,17,3916,94900
audi,allroad_quattro,2003,regular_unleaded,250.0,6.0,automatic,all_wheel_drive,4.0,"crossover,luxury,performance",midsize,wagon,20,15,3105,41000
gmc,jimmy,2000,regular_unleaded,190.0,6.0,manual,four_wheel_drive,2.0,,compact,2dr_suv,16,13,549,2463
chevrolet,express,2016,flex-fuel_(unleaded/e85),285.0,8.0,automatic,rear_wheel_drive,3.0,flex_fuel,midsize,passenger_van,16,11,1385,34815
volkswagen,tiguan,2017,premium_unleaded_(recommended),200.0,4.0,automatic,front_wheel_drive,4.0,crossover,compact,4dr_suv,24,20,873,32605
hyundai,entourage,2008,regular_unleaded,250.0,6.0,automatic,front_wheel_drive,4.0,,midsize,passenger_minivan,23,16,1439,29895
dodge,journey,2017,regular_unleaded,283.0,6.0,automatic,all_wheel_drive,4.0,crossover,midsize,4dr_suv,24,16,1851,30995
chevrolet,silverado_1500,2017,flex-fuel_(unleaded/e85),285.0,6.0,automatic,rear_wheel_drive,4.0,flex_fuel,large,extended_cab_pickup,24,18,1385,36515
saab,900,1997,regular_unleaded,185.0,4.0,manual,front_wheel_drive,2.0,"luxury,performance",compact,convertible,25,18,376,2078
chrysler,300m,2004,premium_unleaded_(required),255.0,6.0,automatic,front_wheel_drive,4.0,performance,large,sedan,25,16,1013,32615
cadillac,ats_coupe,2017,premium_unleaded_(recommended),272.0,4.0,automatic,all_wheel_drive,2.0,"luxury,performance",compact,coupe,30,22,1624,43395
bmw,1_series,2011,premium_unleaded_(required),230.0,6.0,manual,rear_wheel_drive,2.0,"luxury,performance",compact,coupe,28,18,3916,29450
honda,crosstour,2015,regular_unleaded,278.0,6.0,automatic,all_wheel_drive,4.0,"crossover,hatchback",midsize,4dr_hatchback,28,19,2202,37390
audi,q7,2017,premium_unleaded_(required),333.0,6.0,automatic,all_wheel_drive,4.0,"crossover,luxury,performance",large,4dr_suv,25,19,3105,64300
mercedes-benz,cla-class,2015,premium_unleaded_(required),208.0,4.0,automated_manual,front_wheel_drive,4.0,luxury,midsize,sedan,38,26,617,31500
volvo,coupe,1991,regular_unleaded,188.0,4.0,automatic,rear_wheel_drive,2.0,luxury,midsize,coupe,20,17,870,2000
chevrolet,venture,2004,regular_unleaded,185.0,6.0,automatic,front_wheel_drive,4.0,,midsize,passenger_minivan,24,17,1385,23225
lexus,gx_470,2007,regular_unleaded,263.0,8.0,automatic,four_wheel_drive,4.0,luxury,midsize,4dr_suv,18,14,454,46635
pontiac,g6,2009,regular_unleaded,221.0,6.0,automatic,front_wheel_drive,2.0,,midsize,convertible,26,17,210,31870
suzuki,sidekick,1997,regular_unleaded,120.0,4.0,manual,rear_wheel_drive,4.0,,compact,4dr_suv,23,19,481,2000
chevrolet,corvette,2015,premium_unleaded_(recommended),460.0,8.0,manual,rear_wheel_drive,2.0,high-performance,compact,coupe,29,17,1385,64160
mercedes-benz,sl-class,2015,premium_unleaded_(required),329.0,6.0,automatic,rear_wheel_drive,2.0,"luxury,high-performance",compact,convertible,27,20,617,84000
nissan,versa_note,2015,regular_unleaded,109.0,4.0,automatic,front_wheel_drive,4.0,hatchback,compact,4dr_hatchback,40,31,2009,17930
gmc,sierra_1500_hybrid,2013,regular_unleaded,332.0,8.0,automatic,rear_wheel_drive,4.0,hybrid,large,crew_cab_pickup,23,20,549,41555
pontiac,g5,2009,regular_unleaded,155.0,4.0,manual,front_wheel_drive,2.0,,compact,coupe,35,25,210,20280
toyota,avalon,2016,regular_unleaded,268.0,6.0,automatic,front_wheel_drive,4.0,performance,midsize,sedan,31,21,2031,40450
chrysler,aspen,2007,regular_unleaded,235.0,8.0,automatic,four_wheel_drive,4.0,flex_fuel,large,4dr_suv,17,12,1013,33810
chevrolet,silverado_1500_classic,2007,regular_unleaded,285.0,8.0,automatic,four_wheel_drive,4.0,flex_fuel,large,extended_cab_pickup,18,14,1385,27250
toyota,tacoma,2017,regular_unleaded,278.0,6.0,automatic,rear_wheel_drive,4.0,,compact,crew_cab_pickup,24,19,2031,35720
nissan,nx,1993,regular_unleaded,110.0,4.0,manual,front_wheel_drive,2.0,hatchback,compact,2dr_hatchback,34,24,2009,2000
mazda,navajo,1992,regular_unleaded,155.0,6.0,manual,four_wheel_drive,2.0,,compact,2dr_suv,20,15,586,2000
aston_martin,db7,2003,premium_unleaded_(required),435.0,12.0,manual,rear_wheel_drive,2.0,"exotic,factory_tuner,high-performance",compact,coupe,15,9,259,156300
aston_martin,v12_vanquish,2005,premium_unleaded_(required),520.0,12.0,automated_manual,rear_wheel_drive,2.0,"exotic,factory_tuner,high-performance",compact,coupe,16,10,259,255000
suzuki,vitara,2003,regular_unleaded,127.0,4.0,manual,four_wheel_drive,4.0,,compact,4dr_suv,23,20,481,18199
cadillac,cts,2015,premium_unleaded_(recommended),272.0,4.0,automatic,rear_wheel_drive,4.0,"luxury,performance",large,sedan,30,20,1624,51270
ford,f-250,1997,regular_unleaded,220.0,8.0,manual,rear_wheel_drive,2.0,,large,regular_cab_pickup,17,12,5657,2529
acura,tl,2014,premium_unleaded_(recommended),280.0,6.0,automatic,front_wheel_drive,4.0,luxury,midsize,sedan,29,20,204,36030
plymouth,sundance,1994,regular_unleaded,100.0,4.0,manual,front_wheel_drive,4.0,hatchback,compact,4dr_hatchback,27,21,535,2000
subaru,impreza_wrx,2013,premium_unleaded_(required),305.0,4.0,manual,all_wheel_drive,4.0,"factory_tuner,high-performance",compact,sedan,23,17,640,34295
mazda,cx-9,2016,regular_unleaded,227.0,4.0,automatic,all_wheel_drive,4.0,crossover,large,4dr_suv,27,21,586,41970
toyota,tacoma,2017,regular_unleaded,278.0,6.0,automatic,rear_wheel_drive,4.0,,compact,crew_cab_pickup,24,19,2031,32240
nissan,frontier,2016,regular_unleaded,261.0,6.0,automatic,rear_wheel_drive,4.0,,compact,extended_cab_pickup,22,16,2009,24520
scion,xa,2006,regular_unleaded,103.0,4.0,manual,front_wheel_drive,4.0,hatchback,compact,4dr_hatchback,34,27,105,12780
infiniti,q60_coupe,2017,premium_unleaded_(recommended),400.0,6.0,automatic,all_wheel_drive,2.0,"factory_tuner,luxury,high-performance",midsize,coupe,26,19,190,53300
chevrolet,suburban,2016,flex-fuel_(unleaded/e85),355.0,8.0,automatic,rear_wheel_drive,4.0,"flex_fuel,performance",large,4dr_suv,23,16,1385,49700
nissan,armada,2014,regular_unleaded,317.0,8.0,automatic,rear_wheel_drive,4.0,flex_fuel,large,4dr_suv,19,13,2009,37590
cadillac,xts,2017,regular_unleaded,304.0,6.0,automatic,front_wheel_drive,4.0,"luxury,performance",large,sedan,28,18,1624,49295
oldsmobile,cutlass,1998,regular_unleaded,155.0,6.0,automatic,front_wheel_drive,4.0,,midsize,sedan,27,17,26,2000
plymouth,grand_voyager,1999,flex-fuel_(unleaded/e85),158.0,6.0,automatic,front_wheel_drive,4.0,flex_fuel,large,passenger_minivan,22,16,535,2234
suzuki,aerio,2006,regular_unleaded,155.0,4.0,automatic,all_wheel_drive,4.0,,compact,wagon,26,21,481,16599
chevrolet,cruze,2015,regular_unleaded,138.0,4.0,manual,front_wheel_drive,4.0,,midsize,sedan,42,28,1385,20095
ford,transit_connect,2015,regular_unleaded,169.0,4.0,automatic,front_wheel_drive,4.0,,compact,passenger_minivan,28,20,5657,24710
volkswagen,beetle_convertible,2015,regular_unleaded,170.0,4.0,automatic,front_wheel_drive,2.0,,compact,convertible,32,24,873,25995
volkswagen,jetta_hybrid,2013,premium_unleaded_(required),170.0,4.0,automated_manual,front_wheel_drive,4.0,hybrid,midsize,sedan,48,42,873,29325
hyundai,santa_fe,2016,regular_unleaded,290.0,6.0,automatic,all_wheel_drive,4.0,crossover,midsize,4dr_suv,24,18,1439,36250
mercedes-benz,c-class,2015,premium_unleaded_(required),329.0,6.0,automatic,all_wheel_drive,4.0,"luxury,high-performance",midsize,sedan,29,21,617,48590
porsche,911,2016,premium_unleaded_(required),350.0,6.0,manual,rear_wheel_drive,2.0,"luxury,high-performance",compact,convertible,27,19,1715,98500
mercedes-benz,300-class,1992,regular_unleaded,177.0,6.0,automatic,all_wheel_drive,4.0,luxury,midsize,wagon,18,15,617,2282
dodge,dakota,2009,regular_unleaded,210.0,6.0,automatic,rear_wheel_drive,4.0,flex_fuel,compact,crew_cab_pickup,20,15,1851,26405
audi,a3,2016,premium_unleaded_(recommended),170.0,4.0,automated_manual,front_wheel_drive,2.0,luxury,compact,convertible,35,24,3105,36600
honda,s2000,2007,premium_unleaded_(required),237.0,4.0,manual,rear_wheel_drive,2.0,performance,compact,convertible,24,18,2202,34250
mitsubishi,outlander_sport,2016,regular_unleaded,168.0,4.0,automatic,front_wheel_drive,4.0,crossover,compact,4dr_suv,28,23,436,25995
suzuki,vitara,2004,regular_unleaded,165.0,6.0,manual,four_wheel_drive,4.0,,compact,4dr_suv,20,17,481,18199
chevrolet,venture,2003,regular_unleaded,185.0,6.0,automatic,front_wheel_drive,4.0,,compact,passenger_minivan,24,17,1385,25165
nissan,350z,2007,regular_unleaded,306.0,6.0,automatic,rear_wheel_drive,2.0,high-performance,compact,convertible,23,17,2009,38900
saab,900,1996,regular_unleaded,150.0,4.0,manual,front_wheel_drive,2.0,"hatchback,luxury",compact,2dr_hatchback,26,18,376,2000
ford,tempo,1992,regular_unleaded,96.0,4.0,manual,front_wheel_drive,2.0,,compact,coupe,30,21,5657,2000
toyota,yaris_ia,2017,regular_unleaded,106.0,4.0,manual,front_wheel_drive,4.0,,compact,sedan,39,30,2031,15950
dodge,ram_150,1992,regular_unleaded,180.0,6.0,manual,four_wheel_drive,2.0,,large,regular_cab_pickup,16,11,1851,2000
buick,regal,2016,premium_unleaded_(recommended),259.0,4.0,automatic,front_wheel_drive,4.0,performance,midsize,sedan,30,21,155,28990
volkswagen,jetta_gli,2013,premium_unleaded_(recommended),200.0,4.0,automated_manual,front_wheel_drive,4.0,performance,midsize,sedan,32,24,873,27295
volkswagen,golf,2015,diesel,150.0,4.0,automated_manual,front_wheel_drive,4.0,"hatchback,diesel",compact,4dr_hatchback,43,31,873,29495
acura,rdx,2016,premium_unleaded_(recommended),279.0,6.0,automatic,all_wheel_drive,4.0,"crossover,luxury",midsize,4dr_suv,28,19,204,36870
ford,transit_connect,2015,regular_unleaded,169.0,4.0,automatic,front_wheel_drive,4.0,,compact,cargo_minivan,29,21,5657,22330
chevrolet,silverado_1500,2015,regular_unleaded,355.0,8.0,automatic,rear_wheel_drive,4.0,,large,crew_cab_pickup,23,16,1385,42860
hyundai,scoupe,1995,regular_unleaded,115.0,4.0,manual,front_wheel_drive,2.0,,compact,coupe,30,23,1439,2000
cadillac,ct6,2017,premium_unleaded_(recommended),265.0,4.0,automatic,rear_wheel_drive,4.0,luxury,large,sedan,30,22,1624,53495
lotus,exige,2011,premium_unleaded_(recommended),257.0,4.0,manual,rear_wheel_drive,2.0,"exotic,high-performance",compact,coupe,26,20,613,74950
audi,allroad,2014,premium_unleaded_(recommended),220.0,4.0,automatic,all_wheel_drive,4.0,luxury,midsize,wagon,27,20,3105,49200
bmw,4_series,2015,premium_unleaded_(required),240.0,4.0,automatic,all_wheel_drive,2.0,luxury,midsize,convertible,33,21,3916,50750
hyundai,sonata_hybrid,2016,regular_unleaded,193.0,4.0,automatic,front_wheel_drive,4.0,hybrid,midsize,sedan,43,39,1439,30100
chevrolet,silverado_1500,2015,flex-fuel_(unleaded/e85),285.0,6.0,automatic,four_wheel_drive,4.0,flex_fuel,large,crew_cab_pickup,22,17,1385,40620
honda,crosstour,2013,regular_unleaded,278.0,6.0,automatic,all_wheel_drive,4.0,"crossover,hatchback",midsize,4dr_hatchback,28,19,2202,34990
gmc,vandura,1995,regular_unleaded,165.0,6.0,automatic,rear_wheel_drive,3.0,,midsize,cargo_van,20,15,549,2000
honda,pilot,2017,regular_unleaded,280.0,6.0,automatic,front_wheel_drive,4.0,crossover,midsize,4dr_suv,27,19,2202,37455
suzuki,reno,2006,regular_unleaded,126.0,4.0,automatic,front_wheel_drive,4.0,hatchback,compact,4dr_hatchback,28,19,481,16299
ford,transit_wagon,2015,premium_unleaded_(recommended),310.0,6.0,automatic,rear_wheel_drive,3.0,diesel,large,passenger_van,19,14,5657,43795
suzuki,kizashi,2012,regular_unleaded,185.0,4.0,manual,front_wheel_drive,4.0,,midsize,sedan,31,21,481,18999
acura,mdx,2016,premium_unleaded_(recommended),290.0,6.0,automatic,front_wheel_drive,4.0,"crossover,luxury",midsize,4dr_suv,27,20,204,53230
lincoln,mkx,2015,regular_unleaded,305.0,6.0,automatic,all_wheel_drive,4.0,"crossover,luxury",midsize,4dr_suv,23,17,61,40850
mercedes-benz,cla-class,2016,premium_unleaded_(required),208.0,4.0,automated_manual,front_wheel_drive,4.0,luxury,midsize,sedan,38,26,617,32050
toyota,camry_solara,2008,regular_unleaded,155.0,4.0,automatic,front_wheel_drive,2.0,,midsize,coupe,31,22,2031,23280
bmw,alpina_b7,2014,premium_unleaded_(required),540.0,8.0,automatic,all_wheel_drive,4.0,"factory_tuner,luxury,high-performance",large,sedan,24,16,3916,135200
audi,90,1993,regular_unleaded,172.0,6.0,manual,all_wheel_drive,4.0,luxury,compact,sedan,20,15,3105,2000
chevrolet,sonic,2016,regular_unleaded,138.0,4.0,manual,front_wheel_drive,4.0,hatchback,compact,4dr_hatchback,35,26,1385,16755
suzuki,kizashi,2011,regular_unleaded,180.0,4.0,automatic,all_wheel_drive,4.0,,midsize,sedan,29,22,481,25499
cadillac,dts,2011,premium_unleaded_(recommended),275.0,8.0,automatic,front_wheel_drive,4.0,luxury,large,sedan,23,15,1624,46680
toyota,rav4,2016,regular_unleaded,176.0,4.0,automatic,front_wheel_drive,4.0,crossover,midsize,4dr_suv,31,24,2031,29265
mazda,cx-3,2016,regular_unleaded,146.0,4.0,automatic,front_wheel_drive,4.0,crossover,compact,4dr_suv,35,29,586,21960
dodge,nitro,2011,regular_unleaded,260.0,6.0,automatic,four_wheel_drive,4.0,"crossover,performance",midsize,4dr_suv,21,16,1851,27995
pontiac,sunbird,1994,regular_unleaded,110.0,4.0,manual,front_wheel_drive,2.0,,compact,convertible,32,22,210,2000
gmc,envoy_xl,2004,regular_unleaded,275.0,6.0,automatic,rear_wheel_drive,4.0,,large,4dr_suv,18,13,549,35870
toyota,sienna,2015,regular_unleaded,266.0,6.0,automatic,front_wheel_drive,4.0,,large,passenger_minivan,25,18,2031,26595
mercedes-benz,clk-class,2008,premium_unleaded_(required),382.0,8.0,automatic,rear_wheel_drive,2.0,"luxury,high-performance",compact,coupe,22,15,617,55150
infiniti,q70,2014,premium_unleaded_(required),330.0,6.0,automatic,all_wheel_drive,4.0,"luxury,performance",large,sedan,24,17,190,51750
toyota,matrix,2013,regular_unleaded,158.0,4.0,automatic,front_wheel_drive,4.0,hatchback,compact,4dr_hatchback,29,21,2031,21455
chevrolet,sportvan,1994,regular_unleaded,200.0,8.0,automatic,rear_wheel_drive,3.0,,large,passenger_van,16,11,1385,2000
pontiac,solstice,2007,premium_unleaded_(required),260.0,4.0,manual,rear_wheel_drive,2.0,"factory_tuner,high-performance",compact,convertible,28,19,210,26515
bmw,m6,2015,premium_unleaded_(required),560.0,8.0,automated_manual,rear_wheel_drive,2.0,"factory_tuner,luxury,high-performance",midsize,convertible,20,14,3916,118200
toyota,rav4_hybrid,2017,regular_unleaded,194.0,4.0,automatic,all_wheel_drive,4.0,"crossover,hybrid",midsize,4dr_suv,30,34,2031,34030
honda,cr-z,2015,regular_unleaded,130.0,4.0,automatic,front_wheel_drive,2.0,"hatchback,hybrid",compact,2dr_hatchback,39,36,2202,20795
gmc,s-15_jimmy,1990,regular_unleaded,160.0,6.0,manual,rear_wheel_drive,2.0,,compact,2dr_suv,22,15,549,2000
oldsmobile,eighty-eight_royale,1995,regular_unleaded,205.0,6.0,automatic,front_wheel_drive,4.0,,large,sedan,26,17,26,2000
mercedes-benz,s-class,2016,premium_unleaded_(required),449.0,8.0,automatic,rear_wheel_drive,4.0,"luxury,high-performance",large,sedan,26,17,617,95650
volkswagen,jetta_sportwagen,2014,diesel,140.0,4.0,manual,front_wheel_drive,4.0,diesel,compact,wagon,42,30,873,29165
land_rover,discovery_series_ii,2000,regular_unleaded,188.0,8.0,automatic,all_wheel_drive,4.0,luxury,midsize,4dr_suv,16,12,258,2561
suzuki,grand_vitara,2012,regular_unleaded,166.0,4.0,automatic,rear_wheel_drive,4.0,crossover,compact,4dr_suv,25,19,481,21399
infiniti,ex,2012,premium_unleaded_(recommended),297.0,6.0,automatic,rear_wheel_drive,4.0,"crossover,luxury,performance",midsize,4dr_suv,24,17,190,38100
chevrolet,silverado_1500,2017,regular_unleaded,355.0,8.0,automatic,rear_wheel_drive,4.0,,large,crew_cab_pickup,22,16,1385,51350
dodge,ram_cargo,2002,regular_unleaded,225.0,8.0,automatic,rear_wheel_drive,3.0,,midsize,cargo_van,14,12,1851,20820
honda,fit,2017,regular_unleaded,130.0,4.0,automatic,front_wheel_drive,4.0,hatchback,compact,4dr_hatchback,37,32,2202,21265
fiat,500x,2017,regular_unleaded,180.0,4.0,automatic,all_wheel_drive,4.0,crossover,compact,4dr_suv,29,21,819,27035
infiniti,m30,1991,regular_unleaded,162.0,6.0,automatic,rear_wheel_drive,2.0,luxury,midsize,convertible,23,17,190,2000
dodge,ram_pickup_1500,2009,regular_unleaded,390.0,8.0,automatic,rear_wheel_drive,4.0,,large,crew_cab_pickup,20,14,1851,40270
subaru,wrx,2016,premium_unleaded_(recommended),268.0,4.0,manual,all_wheel_drive,4.0,performance,compact,sedan,27,20,640,26595
maserati,granturismo_convertible,2014,premium_unleaded_(required),454.0,8.0,automatic,rear_wheel_drive,2.0,"exotic,luxury,high-performance",midsize,convertible,20,13,238,143300
ford,expedition,2016,regular_unleaded,365.0,6.0,automatic,rear_wheel_drive,4.0,,large,4dr_suv,22,16,5657,41135
dodge,ram_50_pickup,1992,regular_unleaded,116.0,4.0,manual,rear_wheel_drive,2.0,,compact,regular_cab_pickup,22,17,1851,2000
chevrolet,silverado_1500_hybrid,2011,regular_unleaded,332.0,8.0,automatic,rear_wheel_drive,4.0,hybrid,large,crew_cab_pickup,23,20,1385,45055
hyundai,equus,2014,premium_unleaded_(recommended),429.0,8.0,automatic,rear_wheel_drive,4.0,"luxury,high-performance",large,sedan,23,15,1439,68500
toyota,avalon_hybrid,2016,regular_unleaded,200.0,4.0,automatic,front_wheel_drive,4.0,hybrid,midsize,sedan,39,40,2031,36650
pontiac,g5,2008,regular_unleaded,171.0,4.0,manual,front_wheel_drive,2.0,,compact,coupe,32,22,210,19850
dodge,ram_cargo,2003,regular_unleaded,175.0,6.0,automatic,rear_wheel_drive,3.0,,large,cargo_van,15,13,1851,22190
chevrolet,ss,2014,premium_unleaded_(recommended),415.0,8.0,automatic,rear_wheel_drive,4.0,high-performance,large,sedan,21,14,1385,43475
bmw,activehybrid_7,2014,premium_unleaded_(required),350.0,6.0,automatic,rear_wheel_drive,4.0,"luxury,performance,hybrid",large,sedan,30,22,3916,84300
ford,edge,2015,regular_unleaded,315.0,6.0,automatic,all_wheel_drive,4.0,crossover,midsize,4dr_suv,24,17,5657,40095
ford,f-150,2017,flex-fuel_(unleaded/e85),385.0,8.0,automatic,four_wheel_drive,4.0,flex_fuel,large,crew_cab_pickup,21,15,5657,38325
mazda,3,2015,regular_unleaded,184.0,4.0,manual,front_wheel_drive,4.0,performance,compact,sedan,37,25,586,23845
subaru,svx,1995,regular_unleaded,230.0,6.0,automatic,front_wheel_drive,2.0,performance,compact,coupe,23,15,640,2000
subaru,b9_tribeca,2007,premium_unleaded_(required),245.0,6.0,automatic,all_wheel_drive,4.0,crossover,midsize,4dr_suv,21,16,640,34495
gmc,sierra_1500,2017,flex-fuel_(unleaded/e85),285.0,6.0,automatic,rear_wheel_drive,4.0,flex_fuel,large,crew_cab_pickup,24,18,549,36720
volkswagen,beetle,2015,diesel,150.0,4.0,automated_manual,front_wheel_drive,2.0,"hatchback,diesel",compact,2dr_hatchback,41,31,873,29625
aston_martin,db7,2003,premium_unleaded_(required),420.0,12.0,manual,rear_wheel_drive,2.0,"exotic,high-performance",compact,coupe,17,10,259,141800
volkswagen,cc,2015,premium_unleaded_(recommended),200.0,4.0,automated_manual,front_wheel_drive,4.0,performance,midsize,sedan,31,22,873,34095
gmc,yukon,2015,premium_unleaded_(recommended),420.0,8.0,automatic,four_wheel_drive,4.0,,large,4dr_suv,21,14,549,67520
oldsmobile,silhouette,2003,regular_unleaded,185.0,6.0,automatic,front_wheel_drive,4.0,,midsize,passenger_minivan,24,17,26,33740
gmc,sierra_1500_classic,2007,regular_unleaded,195.0,6.0,manual,rear_wheel_drive,2.0,flex_fuel,large,regular_cab_pickup,21,15,549,20310
subaru,impreza,2015,regular_unleaded,148.0,4.0,automatic,all_wheel_drive,4.0,hatchback,compact,4dr_hatchback,36,27,640,21995
lexus,is_250,2013,premium_unleaded_(required),204.0,6.0,automatic,rear_wheel_drive,4.0,luxury,midsize,sedan,30,21,454,35065
gmc,sierra_1500,2016,flex-fuel_(unleaded/e85),285.0,6.0,automatic,four_wheel_drive,2.0,flex_fuel,large,regular_cab_pickup,22,17,549,31655
volkswagen,gti,2013,premium_unleaded_(recommended),200.0,4.0,automated_manual,front_wheel_drive,4.0,"hatchback,performance",compact,4dr_hatchback,33,24,873,26195
volvo,xc60,2016,regular_unleaded,325.0,6.0,automatic,all_wheel_drive,4.0,"crossover,luxury,performance",midsize,4dr_suv,23,17,870,51050
porsche,cayenne,2017,premium_unleaded_(required),300.0,6.0,automatic,all_wheel_drive,4.0,"crossover,luxury",midsize,4dr_suv,24,18,1715,59600
toyota,tundra,2016,regular_unleaded,310.0,8.0,automatic,rear_wheel_drive,4.0,,large,extended_cab_pickup,19,15,2031,30950
ford,f-250,1998,regular_unleaded,220.0,8.0,manual,four_wheel_drive,2.0,,large,regular_cab_pickup,16,13,5657,3487
honda,pilot,2015,regular_unleaded,250.0,6.0,automatic,front_wheel_drive,4.0,crossover,midsize,4dr_suv,25,18,2202,36970
dodge,magnum,2006,premium_unleaded_(required),425.0,8.0,automatic,rear_wheel_drive,4.0,"factory_tuner,high-performance",large,wagon,18,13,1851,37320
chevrolet,aveo,2010,regular_unleaded,108.0,4.0,manual,front_wheel_drive,4.0,hatchback,compact,4dr_hatchback,35,27,1385,15365
bmw,m3,2017,premium_unleaded_(required),425.0,6.0,manual,rear_wheel_drive,4.0,"factory_tuner,luxury,high-performance",midsize,sedan,26,17,3916,64000
dodge,challenger,2016,regular_unleaded,375.0,8.0,manual,rear_wheel_drive,2.0,high-performance,large,coupe,23,15,1851,38995
chevrolet,express,2015,flex-fuel_(unleaded/e85),285.0,8.0,automatic,rear_wheel_drive,3.0,flex_fuel,midsize,passenger_van,17,11,1385,35915
volkswagen,golf_gti,2016,premium_unleaded_(recommended),210.0,4.0,automated_manual,front_wheel_drive,2.0,"hatchback,performance",compact,2dr_hatchback,33,25,873,26095
honda,fit,2015,regular_unleaded,130.0,4.0,manual,front_wheel_drive,4.0,hatchback,compact,4dr_hatchback,37,29,2202,17560
chevrolet,silverado_1500_classic,2007,regular_unleaded,295.0,8.0,automatic,four_wheel_drive,4.0,,large,extended_cab_pickup,18,13,1385,29380
volkswagen,jetta_sportwagen,2014,regular_unleaded,170.0,5.0,automatic,front_wheel_drive,4.0,,compact,wagon,30,23,873,26685
ford,f-250,1998,regular_unleaded,220.0,8.0,manual,four_wheel_drive,3.0,,large,extended_cab_pickup,16,13,5657,3471
audi,100,1992,regular_unleaded,172.0,6.0,manual,front_wheel_drive,4.0,luxury,midsize,sedan,24,17,3105,2000
infiniti,g_coupe,2013,premium_unleaded_(recommended),330.0,6.0,automatic,all_wheel_drive,2.0,"luxury,performance",midsize,coupe,25,18,190,42050
chevrolet,silverado_1500,2017,flex-fuel_(unleaded/e85),285.0,6.0,automatic,four_wheel_drive,2.0,flex_fuel,large,regular_cab_pickup,22,17,1385,37370
pontiac,firebird,2001,premium_unleaded_(required),310.0,8.0,automatic,rear_wheel_drive,2.0,"hatchback,factory_tuner,performance",midsize,2dr_hatchback,23,16,210,27145
chevrolet,blazer,2005,regular_unleaded,190.0,6.0,manual,rear_wheel_drive,2.0,,compact,2dr_suv,20,14,1385,21305
nissan,gt-r,2016,premium_unleaded_(required),545.0,6.0,automated_manual,all_wheel_drive,2.0,high-performance,midsize,coupe,22,16,2009,101770
chevrolet,corvette,2015,premium_unleaded_(recommended),460.0,8.0,manual,rear_wheel_drive,2.0,high-performance,compact,convertible,29,17,1385,64000
toyota,echo,2003,regular_unleaded,108.0,4.0,automatic,front_wheel_drive,4.0,,compact,sedan,36,28,2031,11575
ford,mustang,2015,premium_unleaded_(recommended),435.0,8.0,manual,rear_wheel_drive,2.0,high-performance,midsize,convertible,25,15,5657,41800
suzuki,vitara,2004,regular_unleaded,165.0,6.0,automatic,four_wheel_drive,4.0,,compact,4dr_suv,20,17,481,19199
suzuki,sidekick,1997,regular_unleaded,120.0,4.0,manual,four_wheel_drive,4.0,,compact,4dr_suv,23,19,481,2002
chevrolet,camaro,2016,premium_unleaded_(recommended),275.0,4.0,manual,rear_wheel_drive,2.0,performance,midsize,convertible,30,21,1385,36800
ford,transit_wagon,2015,flex-fuel_(unleaded/e85),275.0,6.0,automatic,rear_wheel_drive,3.0,flex_fuel,large,passenger_van,19,14,5657,33930
nissan,titan,2015,regular_unleaded,317.0,8.0,automatic,four_wheel_drive,4.0,flex_fuel,large,crew_cab_pickup,17,12,2009,40370
mitsubishi,diamante,2002,premium_unleaded_(required),205.0,6.0,automatic,front_wheel_drive,4.0,,midsize,sedan,23,16,436,28447
honda,s2000,2009,premium_unleaded_(required),237.0,4.0,manual,rear_wheel_drive,2.0,"factory_tuner,performance",compact,convertible,25,18,2202,37995
toyota,mr2,1994,regular_unleaded,200.0,4.0,manual,rear_wheel_drive,2.0,performance,compact,coupe,25,18,2031,2254
saab,900,1996,regular_unleaded,185.0,4.0,manual,front_wheel_drive,4.0,"hatchback,luxury,performance",compact,4dr_hatchback,23,15,376,2000
gmc,sierra_1500,2015,flex-fuel_(unleaded/e85),285.0,6.0,automatic,four_wheel_drive,4.0,flex_fuel,large,crew_cab_pickup,22,17,549,38840
gmc,terrain,2015,regular_unleaded,182.0,4.0,automatic,all_wheel_drive,4.0,crossover,compact,4dr_suv,29,20,549,28310
audi,r8,2015,premium_unleaded_(required),525.0,10.0,manual,all_wheel_drive,2.0,"luxury,high-performance",compact,convertible,19,12,3105,166100
toyota,tacoma,2016,regular_unleaded,278.0,6.0,manual,four_wheel_drive,4.0,,compact,crew_cab_pickup,21,17,2031,32460
chevrolet,venture,2003,regular_unleaded,185.0,6.0,automatic,front_wheel_drive,4.0,,midsize,passenger_minivan,24,17,1385,31490
kia,spectra,2008,regular_unleaded,138.0,4.0,automatic,front_wheel_drive,4.0,,compact,sedan,32,24,1720,15895
mazda,cx-9,2014,regular_unleaded,273.0,6.0,automatic,front_wheel_drive,4.0,"crossover,performance",large,4dr_suv,24,17,586,35035
subaru,wrx,2015,premium_unleaded_(recommended),268.0,4.0,manual,all_wheel_drive,4.0,performance,compact,sedan,28,21,640,26295
gmc,terrain,2015,regular_unleaded,182.0,4.0,automatic,front_wheel_drive,4.0,crossover,compact,4dr_suv,32,22,549,26560
nissan,200sx,1996,regular_unleaded,115.0,4.0,manual,front_wheel_drive,2.0,,compact,coupe,36,26,2009,2000
saab,9-3,2009,premium_unleaded_(recommended),210.0,4.0,automatic,front_wheel_drive,4.0,luxury,midsize,sedan,28,19,376,37140
toyota,pickup,1995,regular_unleaded,150.0,6.0,manual,four_wheel_drive,2.0,,compact,extended_cab_pickup,17,14,2031,2912
dodge,avenger,2012,regular_unleaded,173.0,4.0,automatic,front_wheel_drive,4.0,flex_fuel,midsize,sedan,30,21,1851,18995
kia,spectra,2007,regular_unleaded,138.0,4.0,manual,front_wheel_drive,4.0,,compact,sedan,30,23,1720,12895
nissan,truck,1996,regular_unleaded,134.0,4.0,manual,rear_wheel_drive,2.0,,compact,extended_cab_pickup,24,19,2009,2547
infiniti,g_coupe,2012,premium_unleaded_(recommended),330.0,6.0,automatic,rear_wheel_drive,2.0,"luxury,performance",midsize,coupe,27,19,190,39250
mercedes-benz,slc-class,2017,premium_unleaded_(required),241.0,4.0,automatic,rear_wheel_drive,2.0,"luxury,performance",compact,convertible,32,25,617,47950
cadillac,ct6,2016,premium_unleaded_(recommended),265.0,4.0,automatic,rear_wheel_drive,4.0,luxury,large,sedan,31,22,1624,53495
chevrolet,malibu,2015,premium_unleaded_(recommended),259.0,4.0,automatic,front_wheel_drive,4.0,performance,midsize,sedan,30,21,1385,30355
gmc,sierra_1500,2016,regular_unleaded,355.0,8.0,automatic,four_wheel_drive,4.0,flex_fuel,large,crew_cab_pickup,22,16,549,44900
toyota,prius_v,2015,regular_unleaded,134.0,4.0,automatic,front_wheel_drive,4.0,hybrid,midsize,wagon,40,44,2031,30935
chevrolet,venture,2004,regular_unleaded,185.0,6.0,automatic,front_wheel_drive,4.0,,midsize,passenger_minivan,24,17,1385,30575
bentley,mulsanne,2016,premium_unleaded_(required),530.0,8.0,automatic,rear_wheel_drive,4.0,"exotic,factory_tuner,luxury,high-performance",large,sedan,18,11,520,335600
volkswagen,beetle_convertible,2016,premium_unleaded_(recommended),210.0,4.0,manual,front_wheel_drive,2.0,performance,compact,convertible,31,23,873,31570
bmw,6_series,2016,premium_unleaded_(required),445.0,8.0,automatic,all_wheel_drive,2.0,"luxury,high-performance",midsize,convertible,24,15,3916,99200
infiniti,m45,2010,premium_unleaded_(required),325.0,8.0,automatic,all_wheel_drive,4.0,"luxury,performance",large,sedan,20,14,190,54650
volvo,760,1990,regular_unleaded,144.0,6.0,automatic,rear_wheel_drive,4.0,luxury,midsize,sedan,19,15,870,2000
volkswagen,beetle,2016,premium_unleaded_(recommended),210.0,4.0,automated_manual,front_wheel_drive,2.0,"hatchback,performance",compact,2dr_hatchback,31,24,873,32550
chevrolet,c/k_1500_series,1998,regular_unleaded,230.0,8.0,manual,rear_wheel_drive,2.0,,large,extended_cab_pickup,18,13,1385,3342
toyota,mr2_spyder,2004,regular_unleaded,138.0,4.0,manual,rear_wheel_drive,2.0,performance,compact,convertible,29,23,2031,24895
gmc,sierra_1500,2017,flex-fuel_(unleaded/e85),285.0,6.0,automatic,rear_wheel_drive,4.0,flex_fuel,large,crew_cab_pickup,24,18,549,40025
dodge,avenger,2014,regular_unleaded,173.0,4.0,automatic,front_wheel_drive,4.0,flex_fuel,midsize,sedan,31,20,1851,23295
saab,9-3,2009,premium_unleaded_(recommended),210.0,4.0,manual,front_wheel_drive,4.0,luxury,midsize,sedan,29,19,376,30360
cadillac,ats,2017,premium_unleaded_(recommended),272.0,4.0,automatic,all_wheel_drive,4.0,"luxury,performance",midsize,sedan,30,22,1624,40395
nissan,altima_hybrid,2009,regular_unleaded,198.0,4.0,automatic,front_wheel_drive,4.0,hybrid,midsize,sedan,33,35,2009,26650
dodge,ram_150,1993,regular_unleaded,230.0,8.0,manual,rear_wheel_drive,2.0,,large,extended_cab_pickup,16,12,1851,2000
maybach,57,2010,premium_unleaded_(required),604.0,12.0,automatic,rear_wheel_drive,4.0,"exotic,luxury,high-performance",large,sedan,16,10,67,405500
mazda,truck,2002,regular_unleaded,147.0,6.0,manual,four_wheel_drive,2.0,,compact,extended_cab_pickup,20,16,586,20575
kia,sportage,2017,regular_unleaded,181.0,4.0,automatic,front_wheel_drive,4.0,crossover,compact,4dr_suv,29,22,1720,22990
dodge,stratus,2004,regular_unleaded,147.0,4.0,manual,front_wheel_drive,2.0,,midsize,coupe,29,21,1851,19850
kia,forte,2017,regular_unleaded,201.0,4.0,manual,front_wheel_drive,4.0,"hatchback,performance",compact,4dr_hatchback,29,23,1720,25890
chevrolet,venture,2004,regular_unleaded,185.0,6.0,automatic,front_wheel_drive,4.0,,midsize,passenger_minivan,24,17,1385,26675
infiniti,qx4,2003,premium_unleaded_(required),240.0,6.0,automatic,rear_wheel_drive,4.0,luxury,midsize,4dr_suv,19,14,190,34750
cadillac,cts,2015,premium_unleaded_(recommended),272.0,4.0,automatic,all_wheel_drive,4.0,"luxury,performance",large,sedan,28,19,1624,53270
mercedes-benz,cla-class,2015,premium_unleaded_(required),355.0,4.0,automated_manual,all_wheel_drive,4.0,"factory_tuner,luxury,high-performance",midsize,sedan,31,23,617,48500
nissan,titan,2015,regular_unleaded,317.0,8.0,automatic,rear_wheel_drive,4.0,flex_fuel,large,crew_cab_pickup,18,13,2009,41160
mercedes-benz,gla-class,2016,premium_unleaded_(required),208.0,4.0,automated_manual,front_wheel_drive,4.0,"crossover,luxury",compact,4dr_suv,35,25,617,32500
mitsubishi,montero_sport,2003,regular_unleaded,197.0,6.0,automatic,rear_wheel_drive,4.0,,midsize,4dr_suv,20,15,436,31317
ford,f-150_heritage,2004,regular_unleaded,231.0,8.0,automatic,four_wheel_drive,4.0,,large,extended_cab_pickup,17,13,5657,26460
honda,fit,2015,regular_unleaded,130.0,4.0,automatic,front_wheel_drive,4.0,hatchback,compact,4dr_hatchback,41,33,2202,16450
dodge,dakota,2008,regular_unleaded,210.0,6.0,automatic,rear_wheel_drive,4.0,,compact,extended_cab_pickup,20,15,1851,22030
nissan,versa_note,2015,regular_unleaded,109.0,4.0,automatic,front_wheel_drive,4.0,hatchback,compact,4dr_hatchback,40,31,2009,16330
toyota,4runner,2016,regular_unleaded,270.0,6.0,automatic,four_wheel_drive,4.0,,midsize,4dr_suv,21,17,2031,41850
ford,explorer_sport,2002,regular_unleaded,203.0,6.0,automatic,four_wheel_drive,2.0,,midsize,2dr_suv,18,13,5657,25285
toyota,4runner,2014,regular_unleaded,270.0,6.0,automatic,four_wheel_drive,4.0,,midsize,4dr_suv,22,17,2031,38645
chevrolet,colorado,2015,regular_unleaded,200.0,4.0,automatic,four_wheel_drive,4.0,,compact,extended_cab_pickup,25,19,1385,31555
nissan,titan,2014,regular_unleaded,317.0,8.0,automatic,rear_wheel_drive,4.0,flex_fuel,large,crew_cab_pickup,18,13,2009,31910
volkswagen,golf_sportwagen,2017,regular_unleaded,170.0,4.0,automatic,front_wheel_drive,4.0,,compact,wagon,34,25,873,29970
ford,e-150,1997,regular_unleaded,200.0,6.0,automatic,rear_wheel_drive,3.0,,midsize,passenger_van,17,12,5657,2074
infiniti,j30,1997,regular_unleaded,210.0,6.0,automatic,rear_wheel_drive,4.0,luxury,midsize,sedan,22,16,190,2081
lincoln,mks,2015,regular_unleaded,305.0,6.0,automatic,front_wheel_drive,4.0,"luxury,performance",large,sedan,28,19,61,38850
volkswagen,passat,2017,regular_unleaded,170.0,4.0,automatic,front_wheel_drive,4.0,,midsize,sedan,34,23,873,27995
hyundai,genesis,2016,premium_unleaded_(recommended),420.0,8.0,automatic,rear_wheel_drive,4.0,"luxury,high-performance",large,sedan,23,15,1439,53850
chevrolet,silverado_1500,2016,regular_unleaded,355.0,8.0,automatic,four_wheel_drive,4.0,flex_fuel,large,crew_cab_pickup,22,16,1385,41890
mercedes-benz,c-class,2015,premium_unleaded_(required),469.0,8.0,automatic,rear_wheel_drive,4.0,"factory_tuner,luxury,high-performance",midsize,sedan,25,18,617,63900
volkswagen,golf_gti,2015,premium_unleaded_(recommended),210.0,4.0,manual,front_wheel_drive,4.0,"hatchback,performance",compact,4dr_hatchback,34,25,873,30045
bmw,6_series,2017,premium_unleaded_(required),315.0,6.0,automatic,all_wheel_drive,2.0,"luxury,performance",midsize,coupe,28,19,3916,80600
volvo,960,1997,regular_unleaded,181.0,6.0,automatic,rear_wheel_drive,4.0,luxury,midsize,wagon,24,16,870,2000
volkswagen,jetta_sportwagen,2013,regular_unleaded,170.0,5.0,automatic,front_wheel_drive,4.0,,compact,wagon,31,24,873,26195
dodge,ramcharger,1993,regular_unleaded,230.0,8.0,automatic,rear_wheel_drive,2.0,,midsize,2dr_suv,16,11,1851,2000
fiat,500,2015,premium_unleaded_(recommended),101.0,4.0,manual,front_wheel_drive,2.0,,compact,convertible,34,28,819,22800
pontiac,firebird,2000,regular_unleaded,305.0,8.0,unknown,rear_wheel_drive,2.0,"hatchback,performance",midsize,2dr_hatchback,23,15,210,6175
bmw,4_series_gran_coupe,2017,premium_unleaded_(recommended),320.0,6.0,automatic,all_wheel_drive,4.0,"luxury,performance",midsize,sedan,31,21,3916,50300
buick,encore,2016,regular_unleaded,138.0,4.0,automatic,front_wheel_drive,4.0,crossover,compact,4dr_suv,33,25,155,26355
ford,fusion,2017,regular_unleaded,231.0,4.0,automatic,front_wheel_drive,4.0,performance,midsize,sedan,31,21,5657,36620
honda,cr-z,2016,regular_unleaded,130.0,4.0,manual,front_wheel_drive,2.0,"hatchback,hybrid",compact,2dr_hatchback,38,31,2202,20295
chevrolet,sonic,2017,regular_unleaded,138.0,4.0,automatic,front_wheel_drive,4.0,,compact,sedan,34,24,1385,16395
volvo,xc90,2016,premium_unleaded_(recommended),250.0,4.0,automatic,front_wheel_drive,4.0,"crossover,luxury",large,4dr_suv,26,22,870,51250
mercedes-benz,c-class,2016,premium_unleaded_(required),469.0,8.0,automatic,rear_wheel_drive,4.0,"factory_tuner,luxury,high-performance",midsize,sedan,25,18,617,65250
volkswagen,golf,2015,regular_unleaded,170.0,4.0,manual,front_wheel_drive,2.0,hatchback,compact,2dr_hatchback,37,25,873,19295
ford,f-150,2015,regular_unleaded,325.0,6.0,automatic,rear_wheel_drive,4.0,flex_fuel,large,extended_cab_pickup,26,19,5657,31200
hummer,h3t,2009,regular_unleaded,300.0,8.0,automatic,four_wheel_drive,4.0,"crossover,luxury",compact,crew_cab_pickup,16,13,130,36015
lincoln,aviator,2004,premium_unleaded_(required),302.0,8.0,automatic,rear_wheel_drive,4.0,luxury,midsize,4dr_suv,17,12,61,42755
suzuki,sidekick,1996,regular_unleaded,120.0,4.0,manual,four_wheel_drive,4.0,,compact,4dr_suv,23,20,481,2000
audi,a3,2016,premium_unleaded_(recommended),220.0,4.0,automated_manual,all_wheel_drive,2.0,luxury,compact,convertible,32,23,3105,48450
suzuki,sidekick,1997,regular_unleaded,95.0,4.0,manual,rear_wheel_drive,4.0,,compact,4dr_suv,24,21,481,2000
volvo,940,1993,regular_unleaded,114.0,4.0,automatic,rear_wheel_drive,4.0,luxury,midsize,sedan,25,17,870,2000
infiniti,q70,2015,premium_unleaded_(required),420.0,8.0,automatic,all_wheel_drive,4.0,"luxury,high-performance",large,sedan,23,16,190,65350
bentley,continental_gt,2016,premium_unleaded_(required),582.0,12.0,automatic,all_wheel_drive,2.0,"exotic,luxury,high-performance",midsize,convertible,20,12,520,236100
mazda,b-series_truck,2007,regular_unleaded,148.0,6.0,manual,rear_wheel_drive,4.0,,compact,extended_cab_pickup,21,16,586,21430
gmc,acadia,2015,regular_unleaded,281.0,6.0,automatic,front_wheel_drive,4.0,crossover,midsize,4dr_suv,24,17,549,40820
gmc,sierra_1500_classic,2007,regular_unleaded,195.0,6.0,manual,rear_wheel_drive,2.0,flex_fuel,large,regular_cab_pickup,21,15,549,20750
scion,tc,2014,regular_unleaded,179.0,4.0,automatic,front_wheel_drive,2.0,hatchback,compact,2dr_hatchback,31,23,105,20210
chevrolet,c/k_1500_series,1997,regular_unleaded,200.0,6.0,manual,rear_wheel_drive,2.0,,large,extended_cab_pickup,20,15,1385,2896
infiniti,m35,2008,premium_unleaded_(required),275.0,6.0,automatic,all_wheel_drive,4.0,"luxury,performance",large,sedan,22,16,190,45650
buick,electra,1990,regular_unleaded,165.0,6.0,automatic,front_wheel_drive,4.0,,midsize,sedan,25,16,155,2000
toyota,t100,1997,regular_unleaded,190.0,6.0,manual,four_wheel_drive,2.0,,large,extended_cab_pickup,17,15,2031,3143
porsche,911,2016,premium_unleaded_(required),560.0,6.0,automated_manual,all_wheel_drive,2.0,"luxury,high-performance",compact,coupe,24,17,1715,182700
chevrolet,silverado_1500,2016,flex-fuel_(unleaded/e85),285.0,6.0,automatic,four_wheel_drive,2.0,flex_fuel,large,regular_cab_pickup,22,17,1385,36980
nissan,juke,2016,premium_unleaded_(recommended),188.0,4.0,automatic,all_wheel_drive,4.0,"crossover,hatchback",compact,4dr_hatchback,31,26,2009,26940
hyundai,genesis_coupe,2014,premium_unleaded_(recommended),274.0,4.0,automatic,rear_wheel_drive,2.0,performance,midsize,coupe,27,17,1439,26350
oldsmobile,silhouette,2004,regular_unleaded,185.0,6.0,automatic,all_wheel_drive,4.0,,midsize,passenger_minivan,22,16,26,34740
lexus,is_250,2015,premium_unleaded_(required),204.0,6.0,automatic,rear_wheel_drive,4.0,luxury,midsize,sedan,30,21,454,41440
ford,mustang,2017,premium_unleaded_(recommended),310.0,4.0,manual,rear_wheel_drive,2.0,performance,midsize,convertible,27,21,5657,35145
oldsmobile,ninety-eight,1994,regular_unleaded,170.0,6.0,automatic,front_wheel_drive,4.0,,large,sedan,25,17,26,2000
mitsubishi,raider,2007,regular_unleaded,235.0,8.0,automatic,four_wheel_drive,4.0,,compact,crew_cab_pickup,19,14,436,28445
gmc,sierra_1500,2016,flex-fuel_(unleaded/e85),285.0,6.0,automatic,rear_wheel_drive,2.0,flex_fuel,large,regular_cab_pickup,24,18,549,27715
dodge,intrepid,2003,regular_unleaded,244.0,6.0,automatic,front_wheel_drive,4.0,,large,sedan,25,17,1851,24875
volkswagen,beetle,2015,premium_unleaded_(recommended),210.0,4.0,automated_manual,front_wheel_drive,2.0,"hatchback,performance",compact,2dr_hatchback,30,24,873,26550
lincoln,mkt,2015,premium_unleaded_(recommended),365.0,6.0,automatic,all_wheel_drive,4.0,"crossover,luxury,performance",large,wagon,23,16,61,45205
dodge,ram_250,1991,regular_unleaded,170.0,8.0,manual,four_wheel_drive,2.0,,large,regular_cab_pickup,13,10,1851,2000
kia,spectra,2007,regular_unleaded,138.0,4.0,automatic,front_wheel_drive,4.0,,compact,sedan,32,23,1720,15895
dodge,neon,2003,regular_unleaded,132.0,4.0,manual,front_wheel_drive,4.0,,compact,sedan,32,25,1851,15340
mazda,b-series_pickup,2000,regular_unleaded,160.0,6.0,manual,four_wheel_drive,4.0,,compact,extended_cab_pickup,19,15,586,3768
buick,lucerne,2009,flex-fuel_(unleaded/e85),227.0,6.0,automatic,front_wheel_drive,4.0,flex_fuel,large,sedan,26,17,155,35770
plymouth,colt,1993,regular_unleaded,92.0,4.0,manual,front_wheel_drive,4.0,,compact,sedan,36,28,535,2000
cadillac,ct6,2017,regular_unleaded,335.0,6.0,automatic,all_wheel_drive,4.0,"luxury,high-performance",large,sedan,27,18,1624,55495
buick,lucerne,2009,flex-fuel_(unleaded/e85),227.0,6.0,automatic,front_wheel_drive,4.0,flex_fuel,large,sedan,26,17,155,34670
toyota,sienna,2016,regular_unleaded,266.0,6.0,automatic,front_wheel_drive,4.0,,large,passenger_minivan,25,18,2031,31840
nissan,maxima,2016,premium_unleaded_(recommended),300.0,6.0,automatic,front_wheel_drive,4.0,high-performance,midsize,sedan,30,22,2009,37770
gmc,savana_cargo,2014,flex-fuel_(unleaded/e85),285.0,8.0,automatic,rear_wheel_drive,3.0,flex_fuel,midsize,cargo_van,17,11,549,32535
hyundai,veloster,2015,regular_unleaded,201.0,4.0,automatic,front_wheel_drive,3.0,"hatchback,performance",compact,2dr_hatchback,31,24,1439,23600
chevrolet,c/k_2500_series,1998,regular_unleaded,255.0,8.0,manual,rear_wheel_drive,2.0,,large,regular_cab_pickup,18,12,1385,2847
hyundai,elantra_touring,2010,regular_unleaded,138.0,4.0,manual,front_wheel_drive,4.0,hatchback,compact,4dr_hatchback,31,23,1439,18995
kia,sedona,2017,regular_unleaded,276.0,6.0,automatic,front_wheel_drive,4.0,,midsize,passenger_minivan,22,17,1720,41900
nissan,rogue,2016,regular_unleaded,170.0,4.0,automatic,all_wheel_drive,4.0,crossover,midsize,4dr_suv,32,25,2009,26130
fiat,500x,2016,regular_unleaded,180.0,4.0,automatic,all_wheel_drive,4.0,crossover,compact,4dr_suv,30,21,819,29235
mazda,mx-6,1995,regular_unleaded,164.0,6.0,manual,front_wheel_drive,2.0,performance,compact,coupe,24,18,586,2000
subaru,baja,2006,premium_unleaded_(required),210.0,4.0,manual,all_wheel_drive,4.0,crossover,compact,crew_cab_pickup,23,17,640,24595
honda,cr-v,2016,regular_unleaded,185.0,4.0,automatic,front_wheel_drive,4.0,crossover,compact,4dr_suv,33,26,2202,23745
porsche,911,2016,premium_unleaded_(required),400.0,6.0,manual,all_wheel_drive,2.0,"luxury,high-performance",compact,coupe,26,18,1715,117530
lincoln,navigator,2015,regular_unleaded,365.0,6.0,automatic,rear_wheel_drive,4.0,luxury,large,4dr_suv,20,15,61,63645
ford,f-150,2016,flex-fuel_(unleaded/e85),385.0,8.0,automatic,four_wheel_drive,4.0,flex_fuel,large,crew_cab_pickup,21,15,5657,38325
chevrolet,venture,2003,regular_unleaded,185.0,6.0,automatic,front_wheel_drive,4.0,,midsize,passenger_minivan,24,17,1385,29240
dodge,dakota,2009,regular_unleaded,210.0,6.0,automatic,four_wheel_drive,4.0,flex_fuel,compact,crew_cab_pickup,18,14,1851,29355
ferrari,f12_berlinetta,2015,premium_unleaded_(required),731.0,12.0,automated_manual,rear_wheel_drive,2.0,"exotic,high-performance",midsize,coupe,16,11,2774,319995
toyota,highlander,2015,regular_unleaded,185.0,4.0,automatic,front_wheel_drive,4.0,crossover,midsize,4dr_suv,25,20,2031,29765
dodge,viper,2017,premium_unleaded_(required),645.0,10.0,manual,rear_wheel_drive,2.0,"exotic,high-performance",compact,coupe,19,12,1851,87895
toyota,tacoma,2017,regular_unleaded,159.0,4.0,automatic,four_wheel_drive,4.0,,compact,extended_cab_pickup,22,19,2031,29280
toyota,tundra,2017,regular_unleaded,381.0,8.0,automatic,four_wheel_drive,4.0,,large,extended_cab_pickup,17,13,2031,42330
kia,sportage,2017,regular_unleaded,240.0,4.0,automatic,front_wheel_drive,4.0,crossover,compact,4dr_suv,26,21,1720,32500
oldsmobile,bravada,2003,regular_unleaded,275.0,6.0,automatic,rear_wheel_drive,4.0,,midsize,4dr_suv,20,14,26,33395
ford,fiesta,2016,regular_unleaded,120.0,4.0,manual,front_wheel_drive,4.0,hatchback,compact,4dr_hatchback,35,27,5657,16110
bmw,m6_gran_coupe,2015,premium_unleaded_(required),560.0,8.0,automated_manual,rear_wheel_drive,4.0,"factory_tuner,luxury,high-performance",large,sedan,20,14,3916,115700
acura,legend,1993,regular_unleaded,230.0,6.0,manual,front_wheel_drive,2.0,"luxury,performance",midsize,coupe,23,15,204,2042
mazda,3,2015,regular_unleaded,155.0,4.0,automatic,front_wheel_drive,4.0,,compact,sedan,41,30,586,20645
maserati,granturismo_convertible,2016,premium_unleaded_(required),444.0,8.0,automatic,rear_wheel_drive,2.0,"exotic,luxury,high-performance",midsize,convertible,20,13,238,145740
chevrolet,tracker,2003,regular_unleaded,127.0,4.0,manual,four_wheel_drive,2.0,,compact,convertible_suv,23,20,1385,19580
aston_martin,v8_vantage,2016,premium_unleaded_(required),430.0,8.0,automated_manual,rear_wheel_drive,2.0,"exotic,high-performance",compact,convertible,21,14,259,141495
toyota,tundra,2016,flex-fuel_(unleaded/e85),381.0,8.0,automatic,rear_wheel_drive,4.0,flex_fuel,large,crew_cab_pickup,18,13,2031,34970
land_rover,range_rover_sport,2014,premium_unleaded_(required),510.0,8.0,automatic,four_wheel_drive,4.0,"luxury,high-performance",midsize,4dr_suv,19,14,258,79100
gmc,sierra_1500_classic,2007,flex-fuel_(unleaded/e85),295.0,8.0,automatic,rear_wheel_drive,4.0,flex_fuel,large,extended_cab_pickup,19,14,549,30825
chevrolet,cruze,2016,regular_unleaded,153.0,4.0,automatic,front_wheel_drive,4.0,,midsize,sedan,42,30,1385,19120
lexus,gs_400,2000,regular_unleaded,300.0,8.0,automatic,rear_wheel_drive,4.0,"luxury,performance",midsize,sedan,22,16,454,3965
plymouth,sundance,1992,regular_unleaded,93.0,4.0,manual,front_wheel_drive,2.0,hatchback,compact,2dr_hatchback,29,23,535,2000
volkswagen,vanagon,1990,regular_unleaded,90.0,4.0,manual,rear_wheel_drive,3.0,,large,passenger_minivan,18,16,873,2000
cadillac,xts,2017,premium_unleaded_(required),410.0,6.0,automatic,all_wheel_drive,4.0,"luxury,high-performance",large,sedan,23,16,1624,72395
dodge,ram_cargo,2001,regular_unleaded,175.0,6.0,automatic,rear_wheel_drive,3.0,,midsize,cargo_van,15,13,1851,18740
mazda,mx-6,1997,regular_unleaded,164.0,6.0,manual,front_wheel_drive,2.0,performance,compact,coupe,24,18,586,2000
land_rover,range_rover_evoque,2016,premium_unleaded_(recommended),240.0,4.0,automatic,all_wheel_drive,4.0,"crossover,luxury",compact,4dr_suv,30,21,258,60775
chevrolet,silverado_1500_hybrid,2013,regular_unleaded,332.0,8.0,automatic,four_wheel_drive,4.0,hybrid,large,crew_cab_pickup,23,20,1385,44710
honda,insight,2014,regular_unleaded,98.0,4.0,automatic,front_wheel_drive,4.0,"hatchback,hybrid",compact,4dr_hatchback,44,41,2202,23915
audi,tt,2017,premium_unleaded_(recommended),220.0,4.0,automated_manual,all_wheel_drive,2.0,"luxury,performance",compact,coupe,30,23,3105,43500
bmw,x5,2015,premium_unleaded_(required),300.0,6.0,automatic,all_wheel_drive,4.0,"crossover,luxury",midsize,4dr_suv,27,18,3916,56200
cadillac,xlr-v,2008,premium_unleaded_(required),443.0,8.0,automatic,rear_wheel_drive,2.0,"factory_tuner,luxury,high-performance",compact,convertible,21,14,1624,100660
mitsubishi,diamante,2003,premium_unleaded_(required),205.0,6.0,automatic,front_wheel_drive,4.0,,midsize,sedan,23,16,436,28447
hyundai,santa_fe,2017,regular_unleaded,290.0,6.0,automatic,front_wheel_drive,4.0,crossover,midsize,4dr_suv,23,17,1439,39400
honda,fit,2015,regular_unleaded,130.0,4.0,manual,front_wheel_drive,4.0,hatchback,compact,4dr_hatchback,37,29,2202,15650
nissan,frontier,2016,regular_unleaded,261.0,6.0,manual,rear_wheel_drive,4.0,,compact,crew_cab_pickup,22,17,2009,23000
ford,f-250,1997,regular_unleaded,220.0,8.0,manual,four_wheel_drive,3.0,,large,extended_cab_pickup,17,12,5657,3431
mazda,cx-5,2016,regular_unleaded,184.0,4.0,automatic,front_wheel_drive,4.0,crossover,midsize,4dr_suv,33,26,586,25215
subaru,legacy,2017,regular_unleaded,175.0,4.0,automatic,all_wheel_drive,4.0,,midsize,sedan,34,25,640,23995
audi,a3,2016,premium_unleaded_(recommended),220.0,4.0,automated_manual,all_wheel_drive,4.0,luxury,compact,sedan,33,24,3105,43050
chevrolet,corvette,2017,premium_unleaded_(required),650.0,8.0,manual,rear_wheel_drive,2.0,"factory_tuner,high-performance",compact,convertible,22,15,1385,92395
mercedes-benz,gl-class,2016,premium_unleaded_(required),429.0,8.0,automatic,all_wheel_drive,4.0,"crossover,luxury,performance",large,4dr_suv,18,13,617,89950
subaru,impreza,2015,regular_unleaded,148.0,4.0,automatic,all_wheel_drive,4.0,hatchback,compact,4dr_hatchback,37,28,640,22795
subaru,impreza,2017,regular_unleaded,152.0,4.0,automatic,all_wheel_drive,4.0,hatchback,compact,4dr_hatchback,37,28,640,21695
hyundai,tiburon,2006,regular_unleaded,138.0,4.0,manual,front_wheel_drive,2.0,hatchback,compact,2dr_hatchback,28,21,1439,16095
audi,s4,2015,premium_unleaded_(required),333.0,6.0,manual,all_wheel_drive,4.0,"factory_tuner,luxury,high-performance",midsize,sedan,26,17,3105,54300
bmw,z3,2002,premium_unleaded_(required),225.0,6.0,manual,rear_wheel_drive,2.0,"hatchback,luxury,performance",compact,2dr_hatchback,26,19,3916,37700
volkswagen,eos,2014,premium_unleaded_(recommended),200.0,4.0,automated_manual,front_wheel_drive,2.0,,compact,convertible,30,22,873,42095
honda,passport,2001,regular_unleaded,205.0,6.0,automatic,four_wheel_drive,4.0,,midsize,4dr_suv,19,15,2202,29250
land_rover,range_rover,2014,premium_unleaded_(required),510.0,8.0,automatic,four_wheel_drive,4.0,"luxury,high-performance",large,4dr_suv,19,13,258,136750
chevrolet,spark,2016,regular_unleaded,98.0,4.0,automatic,front_wheel_drive,4.0,hatchback,compact,4dr_hatchback,41,31,1385,13760
ford,fusion,2016,regular_unleaded,231.0,4.0,automatic,front_wheel_drive,4.0,performance,midsize,sedan,33,22,5657,31270
chevrolet,cavalier,2004,regular_unleaded,140.0,4.0,manual,front_wheel_drive,4.0,,compact,sedan,33,23,1385,14435
toyota,avalon,2017,regular_unleaded,268.0,6.0,automatic,front_wheel_drive,4.0,,midsize,sedan,30,21,2031,36450
ford,explorer_sport_trac,2008,regular_unleaded,292.0,8.0,automatic,four_wheel_drive,4.0,,compact,crew_cab_pickup,19,13,5657,31320
subaru,justy,1992,regular_unleaded,66.0,3.0,manual,front_wheel_drive,2.0,hatchback,compact,2dr_hatchback,33,28,640,2000
buick,encore,2015,regular_unleaded,138.0,4.0,automatic,all_wheel_drive,4.0,crossover,compact,4dr_suv,30,23,155,25565
nissan,versa_note,2015,regular_unleaded,109.0,4.0,automatic,front_wheel_drive,4.0,hatchback,compact,4dr_hatchback,40,31,2009,17530
infiniti,g35,2007,premium_unleaded_(required),306.0,6.0,manual,rear_wheel_drive,4.0,"luxury,high-performance",midsize,sedan,25,17,190,32250
suzuki,kizashi,2013,regular_unleaded,185.0,4.0,manual,front_wheel_drive,4.0,,midsize,sedan,29,20,481,19999
hyundai,genesis_coupe,2015,premium_unleaded_(recommended),348.0,6.0,manual,rear_wheel_drive,2.0,high-performance,midsize,coupe,24,16,1439,33400
pontiac,firebird,2000,regular_unleaded,200.0,6.0,manual,rear_wheel_drive,2.0,"hatchback,performance",midsize,2dr_hatchback,28,17,210,4677
honda,hr-v,2017,regular_unleaded,141.0,4.0,manual,front_wheel_drive,4.0,crossover,compact,4dr_suv,33,25,2202,19365
dodge,ram_pickup_1500,2010,regular_unleaded,390.0,8.0,automatic,rear_wheel_drive,4.0,,large,crew_cab_pickup,20,14,1851,39035
ferrari,360,2002,premium_unleaded_(required),400.0,8.0,manual,rear_wheel_drive,2.0,"exotic,high-performance",compact,convertible,15,10,2774,160829
infiniti,q60_coupe,2015,premium_unleaded_(recommended),330.0,6.0,manual,rear_wheel_drive,2.0,"luxury,high-performance",midsize,coupe,25,17,190,46050
volkswagen,beetle_convertible,2015,premium_unleaded_(recommended),210.0,4.0,automated_manual,front_wheel_drive,2.0,performance,compact,convertible,29,23,873,32595
ford,taurus,2015,flex-fuel_(unleaded/e85),288.0,6.0,automatic,all_wheel_drive,4.0,"flex_fuel,performance",large,sedan,26,18,5657,31335
mazda,tribute,2009,regular_unleaded,240.0,6.0,automatic,all_wheel_drive,4.0,crossover,compact,4dr_suv,24,17,586,25950
kia,rondo,2008,regular_unleaded,162.0,4.0,automatic,front_wheel_drive,4.0,,compact,wagon,26,19,1720,17895
dodge,shadow,1992,regular_unleaded,100.0,4.0,manual,front_wheel_drive,2.0,,compact,convertible,29,20,1851,2000
mercedes-benz,e-class,2015,premium_unleaded_(required),577.0,8.0,automatic,all_wheel_drive,4.0,"factory_tuner,luxury,high-performance",midsize,sedan,22,15,617,100600
volkswagen,gti,2012,premium_unleaded_(recommended),200.0,4.0,automated_manual,front_wheel_drive,4.0,"hatchback,performance",compact,4dr_hatchback,33,24,873,27975
ford,shelby_gt500,2012,premium_unleaded_(required),550.0,8.0,manual,rear_wheel_drive,2.0,"factory_tuner,high-performance",midsize,coupe,23,15,5657,48810
chevrolet,c/k_1500_series,1998,regular_unleaded,200.0,6.0,manual,rear_wheel_drive,2.0,,large,regular_cab_pickup,21,16,1385,2898
infiniti,g37_sedan,2010,premium_unleaded_(recommended),328.0,6.0,automatic,rear_wheel_drive,4.0,"luxury,performance",midsize,sedan,27,19,190,34450
mercedes-benz,cls-class,2015,premium_unleaded_(required),402.0,8.0,automatic,all_wheel_drive,4.0,"luxury,high-performance",midsize,sedan,24,17,617,75700
hyundai,xg350,2005,regular_unleaded,194.0,6.0,automatic,front_wheel_drive,4.0,,midsize,sedan,24,16,1439,24899
lincoln,mks,2015,regular_unleaded,305.0,6.0,automatic,all_wheel_drive,4.0,"luxury,performance",large,sedan,26,18,61,40845
cadillac,ct6,2017,premium_unleaded_(required),404.0,6.0,automatic,all_wheel_drive,4.0,"luxury,high-performance",large,sedan,26,18,1624,67595
infiniti,q60_convertible,2015,premium_unleaded_(recommended),325.0,6.0,automatic,rear_wheel_drive,2.0,"luxury,performance",midsize,convertible,26,18,190,48550
ford,f-150,2017,regular_unleaded,325.0,6.0,automatic,four_wheel_drive,4.0,flex_fuel,large,crew_cab_pickup,23,18,5657,45845
chevrolet,silverado_1500,2017,regular_unleaded,355.0,8.0,automatic,rear_wheel_drive,4.0,,large,crew_cab_pickup,22,16,1385,51650
chrysler,cirrus,2000,regular_unleaded,168.0,6.0,automatic,front_wheel_drive,4.0,,midsize,sedan,24,16,1013,2373
cadillac,cts-v_wagon,2012,premium_unleaded_(required),556.0,8.0,manual,rear_wheel_drive,4.0,"factory_tuner,luxury,high-performance",midsize,wagon,19,14,1624,63215
porsche,cayenne,2016,premium_unleaded_(required),440.0,6.0,automatic,all_wheel_drive,4.0,"crossover,luxury,high-performance",midsize,4dr_suv,23,16,1715,95500
pontiac,grand_am,2003,regular_unleaded,175.0,6.0,automatic,front_wheel_drive,4.0,,midsize,sedan,27,18,210,22940
toyota,rav4,2015,regular_unleaded,176.0,4.0,automatic,all_wheel_drive,4.0,crossover,midsize,4dr_suv,29,22,2031,29850
gmc,sierra_1500_hybrid,2011,regular_unleaded,332.0,8.0,automatic,rear_wheel_drive,4.0,hybrid,large,crew_cab_pickup,23,20,549,39095
suzuki,kizashi,2011,regular_unleaded,180.0,4.0,automatic,all_wheel_drive,4.0,,midsize,sedan,29,22,481,27299
acura,tl,2014,premium_unleaded_(recommended),305.0,6.0,automatic,all_wheel_drive,4.0,"luxury,performance",midsize,sedan,26,18,204,43310
cadillac,escalade_esv,2017,premium_unleaded_(recommended),420.0,8.0,automatic,rear_wheel_drive,4.0,"luxury,performance",large,4dr_suv,22,15,1624,76395
chevrolet,black_diamond_avalanche,2013,flex-fuel_(unleaded/e85),320.0,8.0,automatic,four_wheel_drive,4.0,"crossover,flex_fuel",large,crew_cab_pickup,21,15,1385,39030
ford,f-150_heritage,2004,regular_unleaded,202.0,6.0,manual,rear_wheel_drive,4.0,,large,extended_cab_pickup,19,15,5657,25160
toyota,tundra,2015,regular_unleaded,381.0,8.0,automatic,four_wheel_drive,4.0,,large,crew_cab_pickup,17,13,2031,42550
acura,rlx,2016,premium_unleaded_(recommended),377.0,6.0,automated_manual,all_wheel_drive,4.0,"luxury,high-performance,hybrid",midsize,sedan,32,28,204,65950
nissan,murano,2016,regular_unleaded,250.0,4.0,automatic,front_wheel_drive,4.0,"crossover,hybrid",midsize,4dr_suv,31,28,2009,42180
toyota,86,2017,premium_unleaded_(recommended),205.0,4.0,manual,rear_wheel_drive,2.0,performance,compact,coupe,28,21,2031,26255
chevrolet,malibu,2015,premium_unleaded_(recommended),259.0,4.0,automatic,front_wheel_drive,4.0,performance,midsize,sedan,30,21,1385,27005
nissan,frontier,2017,regular_unleaded,261.0,6.0,automatic,rear_wheel_drive,4.0,,compact,crew_cab_pickup,23,16,2009,25750
cadillac,ats-v,2017,premium_unleaded_(recommended),464.0,6.0,manual,rear_wheel_drive,2.0,"factory_tuner,luxury,high-performance",compact,coupe,23,16,1624,62895
mercedes-benz,e-class,2016,premium_unleaded_(required),302.0,6.0,automatic,rear_wheel_drive,4.0,"luxury,performance",midsize,sedan,29,20,617,53100
gmc,canyon,2015,regular_unleaded,305.0,6.0,automatic,four_wheel_drive,4.0,,compact,crew_cab_pickup,24,17,549,34010
infiniti,g37_convertible,2010,premium_unleaded_(required),325.0,6.0,automatic,rear_wheel_drive,2.0,"luxury,performance",midsize,convertible,25,17,190,54900
honda,accord,2016,regular_unleaded,185.0,4.0,manual,front_wheel_drive,4.0,,midsize,sedan,34,23,2202,22205
bentley,continental_gt,2014,premium_unleaded_(required),500.0,8.0,automatic,all_wheel_drive,2.0,"exotic,luxury,high-performance",midsize,coupe,24,15,520,177500
hyundai,tiburon,2007,regular_unleaded,172.0,6.0,manual,front_wheel_drive,2.0,hatchback,compact,2dr_hatchback,24,17,1439,21695
subaru,outback,2015,regular_unleaded,175.0,4.0,automatic,all_wheel_drive,4.0,crossover,midsize,4dr_suv,33,25,640,30295
volkswagen,beetle_convertible,2015,premium_unleaded_(recommended),210.0,4.0,automated_manual,front_wheel_drive,2.0,performance,compact,convertible,29,23,873,31995
gmc,canyon,2016,regular_unleaded,305.0,6.0,automatic,four_wheel_drive,4.0,,compact,extended_cab_pickup,24,17,549,35665
suzuki,esteem,2001,regular_unleaded,122.0,4.0,automatic,front_wheel_drive,4.0,,compact,sedan,30,23,481,15799
dodge,ram_van,2000,regular_unleaded,225.0,8.0,automatic,rear_wheel_drive,3.0,,large,cargo_van,17,12,1851,2422
audi,a6,2017,premium_unleaded_(required),333.0,6.0,automatic,all_wheel_drive,4.0,"luxury,performance",midsize,sedan,31,22,3105,61600
chevrolet,uplander,2006,regular_unleaded,201.0,6.0,automatic,front_wheel_drive,4.0,,compact,passenger_minivan,23,16,1385,19250
audi,r8,2015,premium_unleaded_(required),550.0,10.0,manual,all_wheel_drive,2.0,"luxury,high-performance",compact,coupe,19,12,3105,173500
nissan,altima,2016,regular_unleaded,270.0,6.0,automatic,front_wheel_drive,4.0,performance,midsize,sedan,32,22,2009,32090
subaru,crosstrek,2017,regular_unleaded,148.0,4.0,automatic,all_wheel_drive,4.0,crossover,compact,4dr_suv,33,26,640,23495
ford,f-150_svt_lightning,1999,regular_unleaded,360.0,8.0,automatic,rear_wheel_drive,2.0,"factory_tuner,performance",large,regular_cab_pickup,15,12,5657,5691
toyota,prius_c,2016,regular_unleaded,99.0,4.0,automatic,front_wheel_drive,4.0,"hatchback,hybrid",compact,4dr_hatchback,46,53,2031,21355
nissan,sentra,2017,premium_unleaded_(recommended),188.0,4.0,automatic,front_wheel_drive,4.0,,midsize,sedan,33,27,2009,21990
hyundai,genesis,2015,regular_unleaded,311.0,6.0,automatic,all_wheel_drive,4.0,"luxury,performance",large,sedan,25,16,1439,40500
toyota,camry,2015,regular_unleaded,178.0,4.0,automatic,front_wheel_drive,4.0,,midsize,sedan,35,25,2031,23840
dodge,intrepid,2004,regular_unleaded,244.0,6.0,automatic,front_wheel_drive,4.0,,large,sedan,25,16,1851,25105
honda,accord,2017,regular_unleaded,185.0,4.0,automatic,front_wheel_drive,4.0,,midsize,sedan,36,27,2202,26530
bmw,x3,2015,premium_unleaded_(required),240.0,4.0,automatic,all_wheel_drive,4.0,"crossover,luxury",midsize,4dr_suv,28,21,3916,40500
mercedes-benz,s-class,2015,premium_unleaded_(required),449.0,8.0,automatic,rear_wheel_drive,4.0,"luxury,high-performance",large,sedan,26,17,617,94400
chevrolet,prizm,2001,regular_unleaded,125.0,4.0,manual,front_wheel_drive,4.0,,compact,sedan,37,27,1385,16220
mazda,mazdaspeed_3,2012,premium_unleaded_(required),263.0,4.0,manual,front_wheel_drive,4.0,"hatchback,factory_tuner,performance",compact,4dr_hatchback,25,18,586,24000
subaru,baja,2006,premium_unleaded_(required),210.0,4.0,automatic,all_wheel_drive,4.0,crossover,compact,crew_cab_pickup,21,16,640,25595
toyota,tundra,2015,regular_unleaded,310.0,8.0,automatic,rear_wheel_drive,4.0,,large,crew_cab_pickup,19,15,2031,32480
suzuki,xl-7,2006,regular_unleaded,185.0,6.0,automatic,four_wheel_drive,4.0,,midsize,4dr_suv,20,15,481,24899
ford,fusion_hybrid,2016,regular_unleaded,188.0,4.0,automatic,front_wheel_drive,4.0,hybrid,midsize,sedan,41,44,5657,31430
ford,edge,2017,premium_unleaded_(recommended),245.0,4.0,automatic,all_wheel_drive,4.0,crossover,midsize,4dr_suv,27,20,5657,37595
nissan,murano,2017,regular_unleaded,260.0,6.0,automatic,front_wheel_drive,4.0,crossover,midsize,4dr_suv,28,21,2009,37130
lexus,nx_200t,2015,premium_unleaded_(required),235.0,4.0,automatic,all_wheel_drive,4.0,"crossover,luxury",midsize,4dr_suv,28,21,454,37980
subaru,brz,2016,premium_unleaded_(required),200.0,4.0,manual,rear_wheel_drive,2.0,performance,compact,coupe,30,22,640,27690
ford,transit_wagon,2016,flex-fuel_(unleaded/e85),275.0,6.0,automatic,rear_wheel_drive,3.0,"flex_fuel,diesel",midsize,passenger_van,19,14,5657,38120
volkswagen,golf,2016,regular_unleaded,170.0,4.0,automatic,front_wheel_drive,4.0,hatchback,compact,4dr_hatchback,36,25,873,21275
ford,escape,2017,regular_unleaded,,4.0,automatic,all_wheel_drive,4.0,crossover,compact,4dr_suv,28,22,5657,26850
bentley,arnage,2007,premium_unleaded_(required),500.0,8.0,automatic,rear_wheel_drive,4.0,"exotic,factory_tuner,luxury,high-performance",large,sedan,15,10,520,242990
audi,q7,2015,premium_unleaded_(required),280.0,6.0,automatic,all_wheel_drive,4.0,"crossover,luxury",large,4dr_suv,22,16,3105,48300
toyota,prius,2016,regular_unleaded,121.0,4.0,automatic,front_wheel_drive,4.0,"hatchback,hybrid",compact,4dr_hatchback,50,54,2031,24200
saab,9-7x,2009,regular_unleaded,300.0,8.0,automatic,all_wheel_drive,4.0,luxury,midsize,4dr_suv,20,14,376,45345
gmc,jimmy,2001,regular_unleaded,190.0,6.0,automatic,four_wheel_drive,4.0,,midsize,4dr_suv,18,14,549,30225
oldsmobile,bravada,2003,regular_unleaded,275.0,6.0,automatic,all_wheel_drive,4.0,,midsize,4dr_suv,19,13,26,35345
ford,contour,1998,regular_unleaded,125.0,4.0,manual,front_wheel_drive,4.0,,midsize,sedan,32,21,5657,2000
toyota,camry,2016,regular_unleaded,178.0,4.0,automatic,front_wheel_drive,4.0,,midsize,sedan,35,25,2031,26310
chevrolet,corsica,1996,regular_unleaded,120.0,4.0,automatic,front_wheel_drive,4.0,,compact,sedan,29,21,1385,2000
land_rover,discovery_sport,2017,premium_unleaded_(recommended),240.0,4.0,automatic,all_wheel_drive,4.0,"crossover,luxury",midsize,4dr_suv,25,20,258,37695
lexus,gx_460,2015,premium_unleaded_(required),301.0,8.0,automatic,four_wheel_drive,4.0,luxury,midsize,4dr_suv,20,15,454,49485
cadillac,ats,2016,premium_unleaded_(recommended),272.0,4.0,automatic,rear_wheel_drive,4.0,"luxury,performance",midsize,sedan,31,22,1624,35245
suzuki,xl7,2009,regular_unleaded,252.0,6.0,automatic,all_wheel_drive,4.0,crossover,midsize,4dr_suv,23,16,481,29930
oldsmobile,ninety-eight,1994,regular_unleaded,170.0,6.0,automatic,front_wheel_drive,4.0,,large,sedan,25,17,26,2000
mercedes-benz,cls-class,2016,premium_unleaded_(required),577.0,8.0,automatic,all_wheel_drive,4.0,"factory_tuner,luxury,high-performance",midsize,sedan,22,16,617,107800
mitsubishi,lancer,2016,regular_unleaded,168.0,4.0,manual,front_wheel_drive,4.0,,compact,sedan,31,22,436,22495
chevrolet,chevy_van,1997,regular_unleaded,200.0,6.0,automatic,rear_wheel_drive,3.0,,large,cargo_van,17,14,1385,2000
mercedes-benz,300-class,1992,regular_unleaded,177.0,6.0,automatic,rear_wheel_drive,4.0,luxury,midsize,sedan,22,16,617,2065
ford,taurus,2016,premium_unleaded_(recommended),365.0,6.0,automatic,all_wheel_drive,4.0,"factory_tuner,high-performance",large,sedan,24,16,5657,40275
lexus,es_300,2003,regular_unleaded,210.0,6.0,automatic,front_wheel_drive,4.0,luxury,midsize,sedan,27,18,454,31725
chevrolet,silverado_1500,2015,flex-fuel_(unleaded/e85),285.0,6.0,automatic,four_wheel_drive,4.0,flex_fuel,large,extended_cab_pickup,22,17,1385,39420
buick,lucerne,2010,flex-fuel_(unleaded/e85),227.0,6.0,automatic,front_wheel_drive,4.0,flex_fuel,large,sedan,26,17,155,32730
subaru,impreza_wrx,2014,premium_unleaded_(required),265.0,4.0,manual,all_wheel_drive,4.0,performance,compact,sedan,25,19,640,28495
ford,freestyle,2007,regular_unleaded,203.0,6.0,automatic,all_wheel_drive,4.0,crossover,large,wagon,22,17,5657,31055
chevrolet,astro,2004,regular_unleaded,190.0,6.0,automatic,all_wheel_drive,3.0,,large,passenger_minivan,16,12,1385,26195
bmw,2_series,2017,premium_unleaded_(recommended),248.0,4.0,automatic,all_wheel_drive,2.0,luxury,compact,convertible,33,23,3916,40950
mazda,5,2013,regular_unleaded,157.0,4.0,manual,front_wheel_drive,4.0,,compact,passenger_minivan,28,21,586,19940
chevrolet,venture,2003,regular_unleaded,185.0,6.0,automatic,front_wheel_drive,4.0,,compact,passenger_minivan,24,17,1385,22465
cadillac,ats_coupe,2015,flex-fuel_(unleaded/e85),321.0,6.0,automatic,rear_wheel_drive,2.0,"flex_fuel,luxury,high-performance",compact,coupe,28,18,1624,45150
gmc,jimmy,2001,regular_unleaded,190.0,6.0,automatic,four_wheel_drive,4.0,,midsize,4dr_suv,18,14,549,28770
audi,q5,2016,premium_unleaded_(required),220.0,4.0,automatic,all_wheel_drive,4.0,"crossover,luxury",midsize,4dr_suv,28,20,3105,40900
mercedes-benz,m-class,2015,premium_unleaded_(required),302.0,6.0,automatic,all_wheel_drive,4.0,"crossover,luxury",midsize,4dr_suv,22,17,617,50800
toyota,camry_solara,2008,regular_unleaded,210.0,6.0,automatic,front_wheel_drive,2.0,,midsize,convertible,26,18,2031,27440
mercedes-benz,m-class,2015,diesel,,4.0,automatic,all_wheel_drive,4.0,"crossover,luxury,diesel",midsize,4dr_suv,29,22,617,49800
volvo,v60_cross_country,2015,regular_unleaded,250.0,5.0,automatic,all_wheel_drive,4.0,"crossover,luxury",midsize,wagon,28,20,870,41000
subaru,outback,2017,regular_unleaded,256.0,6.0,automatic,all_wheel_drive,4.0,crossover,midsize,4dr_suv,27,20,640,38195
volkswagen,touareg,2015,premium_unleaded_(recommended),280.0,6.0,automatic,all_wheel_drive,4.0,crossover,midsize,4dr_suv,23,17,873,48745
kia,borrego,2009,regular_unleaded,337.0,8.0,automatic,four_wheel_drive,4.0,,midsize,4dr_suv,20,15,1720,32995
chrysler,200,2017,flex-fuel_(unleaded/e85),295.0,6.0,automatic,all_wheel_drive,4.0,"flex_fuel,performance",midsize,sedan,28,18,1013,31785
chrysler,300,2015,regular_unleaded,292.0,6.0,automatic,rear_wheel_drive,4.0,,large,sedan,31,19,1013,31695
mazda,2,2014,regular_unleaded,100.0,4.0,manual,front_wheel_drive,4.0,hatchback,compact,4dr_hatchback,35,29,586,14720
mitsubishi,3000gt,1999,regular_unleaded,161.0,6.0,manual,front_wheel_drive,2.0,hatchback,compact,2dr_hatchback,22,17,436,4090
mercedes-benz,sls_amg,2012,premium_unleaded_(required),563.0,8.0,automated_manual,rear_wheel_drive,2.0,"exotic,factory_tuner,luxury,high-performance",compact,coupe,20,14,617,189600
honda,accord_hybrid,2017,regular_unleaded,212.0,4.0,automatic,front_wheel_drive,4.0,hybrid,midsize,sedan,47,49,2202,32905
hyundai,elantra,2017,regular_unleaded,147.0,4.0,manual,front_wheel_drive,4.0,,compact,sedan,36,26,1439,17150
honda,fit,2017,regular_unleaded,130.0,4.0,automatic,front_wheel_drive,4.0,hatchback,compact,4dr_hatchback,40,33,2202,16790
mazda,tribute,2011,regular_unleaded,171.0,4.0,automatic,front_wheel_drive,4.0,crossover,compact,4dr_suv,28,21,586,25700
kia,sorento,2015,regular_unleaded,290.0,6.0,automatic,front_wheel_drive,4.0,crossover,midsize,4dr_suv,25,18,1720,36700
mazda,6,2016,regular_unleaded,184.0,4.0,automatic,front_wheel_drive,4.0,,midsize,sedan,38,26,586,30195
saab,9000,1997,regular_unleaded,200.0,4.0,manual,front_wheel_drive,4.0,"hatchback,luxury",midsize,4dr_hatchback,26,18,376,2084
hyundai,veracruz,2010,regular_unleaded,260.0,6.0,automatic,front_wheel_drive,4.0,crossover,midsize,4dr_suv,23,17,1439,28145
lexus,gs_350,2017,premium_unleaded_(required),311.0,6.0,automatic,all_wheel_drive,4.0,"luxury,performance",midsize,sedan,26,19,454,56555
suzuki,sidekick,1996,regular_unleaded,95.0,4.0,manual,rear_wheel_drive,2.0,,compact,convertible_suv,24,21,481,2000
chrysler,lhs,2000,regular_unleaded,253.0,6.0,automatic,front_wheel_drive,4.0,performance,large,sedan,24,16,1013,2087
pontiac,6000,1991,regular_unleaded,140.0,6.0,automatic,front_wheel_drive,4.0,,midsize,sedan,28,17,210,2000
hyundai,genesis_coupe,2014,premium_unleaded_(recommended),348.0,6.0,manual,rear_wheel_drive,2.0,high-performance,midsize,coupe,24,16,1439,29350
lexus,ls_460,2017,premium_unleaded_(required),359.0,8.0,automatic,all_wheel_drive,4.0,"luxury,performance",large,sedan,23,16,454,82305
dodge,challenger,2015,premium_unleaded_(recommended),485.0,8.0,manual,rear_wheel_drive,2.0,"factory_tuner,high-performance",large,coupe,23,14,1851,45695
audi,s5,2017,premium_unleaded_(required),333.0,6.0,manual,all_wheel_drive,2.0,"factory_tuner,luxury,high-performance",midsize,coupe,26,17,3105,53100
mercedes-benz,b-class_electric_drive,2017,electric,177.0,0.0,direct_drive,front_wheel_drive,4.0,"hatchback,luxury",compact,4dr_hatchback,82,85,617,39900
bmw,x3,2016,premium_unleaded_(required),240.0,4.0,automatic,all_wheel_drive,4.0,"crossover,luxury",midsize,4dr_suv,28,21,3916,40950
dodge,nitro,2009,regular_unleaded,210.0,6.0,automatic,rear_wheel_drive,4.0,crossover,midsize,4dr_suv,22,16,1851,24560
honda,cr-v,2014,regular_unleaded,185.0,4.0,automatic,all_wheel_drive,4.0,crossover,compact,4dr_suv,30,22,2202,24370
infiniti,m,2012,premium_unleaded_(required),420.0,8.0,automatic,rear_wheel_drive,4.0,"luxury,performance",large,sedan,24,16,190,59200
chevrolet,silverado_1500,2015,regular_unleaded,355.0,8.0,automatic,four_wheel_drive,4.0,,large,crew_cab_pickup,22,16,1385,45810
hyundai,elantra,2016,regular_unleaded,145.0,4.0,automatic,front_wheel_drive,4.0,,compact,sedan,37,27,1439,21700
subaru,impreza,2015,regular_unleaded,148.0,4.0,manual,all_wheel_drive,4.0,hatchback,compact,4dr_hatchback,33,24,640,20995
lexus,rx_450h,2015,premium_unleaded_(required),295.0,6.0,automatic,front_wheel_drive,4.0,"crossover,luxury,hybrid",midsize,4dr_suv,28,32,454,47620
oldsmobile,eighty-eight,1999,regular_unleaded,205.0,6.0,automatic,front_wheel_drive,4.0,,large,sedan,27,17,26,2320
chevrolet,tracker,2004,regular_unleaded,165.0,6.0,automatic,rear_wheel_drive,4.0,,compact,4dr_suv,20,17,1385,19865
dodge,dart,2016,regular_unleaded,160.0,4.0,manual,front_wheel_drive,4.0,,midsize,sedan,36,25,1851,16995
oldsmobile,alero,2002,regular_unleaded,140.0,4.0,automatic,front_wheel_drive,4.0,,midsize,sedan,30,21,26,17805
dodge,avenger,2014,regular_unleaded,173.0,4.0,automatic,front_wheel_drive,4.0,flex_fuel,midsize,sedan,29,21,1851,20595
cadillac,srx,2015,regular_unleaded,308.0,6.0,automatic,front_wheel_drive,4.0,"crossover,luxury",midsize,4dr_suv,24,17,1624,46030
mercedes-benz,s-class,2017,premium_unleaded_(required),523.0,12.0,automatic,rear_wheel_drive,4.0,"luxury,high-performance",large,sedan,22,13,617,170750
toyota,venza,2014,regular_unleaded,268.0,6.0,automatic,front_wheel_drive,4.0,"crossover,performance",midsize,wagon,26,19,2031,38120
ford,thunderbird,2003,premium_unleaded_(required),280.0,8.0,automatic,rear_wheel_drive,2.0,performance,midsize,convertible,22,16,5657,39310
volkswagen,beetle_convertible,2016,regular_unleaded,170.0,4.0,automatic,front_wheel_drive,2.0,,compact,convertible,34,25,873,25490
toyota,pickup,1993,regular_unleaded,116.0,4.0,manual,four_wheel_drive,2.0,,compact,extended_cab_pickup,20,17,2031,2142
maserati,spyder,2003,premium_unleaded_(required),390.0,8.0,manual,rear_wheel_drive,2.0,"exotic,luxury,high-performance",compact,convertible,15,10,238,85542
infiniti,qx80,2016,premium_unleaded_(recommended),400.0,8.0,automatic,four_wheel_drive,4.0,luxury,large,4dr_suv,19,13,190,88850
volkswagen,cabrio,2002,regular_unleaded,115.0,4.0,automatic,front_wheel_drive,2.0,,compact,convertible,27,20,873,21475
mercedes-benz,r-class,2012,diesel,210.0,6.0,automatic,all_wheel_drive,4.0,"crossover,luxury,diesel",large,wagon,23,18,617,53840
audi,allroad,2014,premium_unleaded_(recommended),220.0,4.0,automatic,all_wheel_drive,4.0,luxury,midsize,wagon,27,20,3105,43300
mazda,mx-3,1993,regular_unleaded,130.0,6.0,manual,front_wheel_drive,2.0,hatchback,compact,2dr_hatchback,26,20,586,2000
chevrolet,traverse,2016,regular_unleaded,281.0,6.0,automatic,all_wheel_drive,4.0,crossover,midsize,4dr_suv,22,15,1385,36005
chevrolet,silverado_1500_classic,2007,regular_unleaded,195.0,6.0,manual,rear_wheel_drive,2.0,flex_fuel,large,regular_cab_pickup,21,15,1385,16115
nissan,frontier,2015,regular_unleaded,152.0,4.0,automatic,rear_wheel_drive,4.0,,compact,extended_cab_pickup,23,17,2009,23020
volvo,xc70,2015,regular_unleaded,300.0,6.0,automatic,all_wheel_drive,4.0,"crossover,luxury",midsize,wagon,24,17,870,41800
nissan,stanza,1992,regular_unleaded,138.0,4.0,manual,front_wheel_drive,4.0,,compact,sedan,26,19,2009,2000
honda,pilot,2016,regular_unleaded,280.0,6.0,automatic,all_wheel_drive,4.0,crossover,midsize,4dr_suv,26,18,2202,39455
ford,f-150,2016,flex-fuel_(unleaded/e85),385.0,8.0,automatic,rear_wheel_drive,4.0,flex_fuel,large,crew_cab_pickup,21,15,5657,50050
land_rover,range_rover_sport,2015,flex-fuel_(premium_unleaded_required/e85),510.0,8.0,automatic,four_wheel_drive,4.0,"flex_fuel,luxury,high-performance",midsize,4dr_suv,19,14,258,92495
gmc,sierra_1500,2015,flex-fuel_(unleaded/e85),285.0,6.0,automatic,rear_wheel_drive,4.0,flex_fuel,large,crew_cab_pickup,24,18,549,38965
cadillac,xlr,2007,regular_unleaded,320.0,8.0,automatic,rear_wheel_drive,2.0,luxury,compact,convertible,24,15,1624,80655
suzuki,equator,2012,regular_unleaded,261.0,6.0,automatic,four_wheel_drive,4.0,,compact,crew_cab_pickup,19,15,481,29550
chevrolet,cruze_limited,2016,regular_unleaded,138.0,4.0,automatic,front_wheel_drive,4.0,,midsize,sedan,38,26,1385,20195
suzuki,sx4,2012,regular_unleaded,150.0,4.0,manual,front_wheel_drive,4.0,"crossover,hatchback",compact,4dr_hatchback,30,22,481,16799
suzuki,xl-7,2005,regular_unleaded,185.0,6.0,automatic,rear_wheel_drive,4.0,,midsize,4dr_suv,21,16,481,24099
chevrolet,silverado_1500_classic,2007,regular_unleaded,195.0,6.0,manual,four_wheel_drive,2.0,flex_fuel,large,regular_cab_pickup,19,14,1385,19865
toyota,tacoma,2016,regular_unleaded,278.0,6.0,manual,four_wheel_drive,4.0,,compact,crew_cab_pickup,20,17,2031,32460
lamborghini,gallardo,2014,premium_unleaded_(required),570.0,10.0,automated_manual,all_wheel_drive,2.0,"exotic,factory_tuner,high-performance",compact,convertible,20,14,1158,251600
cadillac,sts-v,2009,premium_unleaded_(required),469.0,8.0,automatic,rear_wheel_drive,4.0,"factory_tuner,luxury,high-performance",large,sedan,19,13,1624,81795
chevrolet,s-10,2002,flex-fuel_(unleaded/e85),120.0,4.0,automatic,rear_wheel_drive,3.0,flex_fuel,compact,extended_cab_pickup,23,17,1385,21474
land_rover,discovery_series_ii,2002,premium_unleaded_(required),188.0,8.0,automatic,four_wheel_drive,4.0,luxury,midsize,4dr_suv,16,12,258,33350
land_rover,defender,1997,regular_unleaded,182.0,8.0,automatic,four_wheel_drive,2.0,luxury,compact,convertible_suv,14,12,258,36931
volkswagen,phaeton,2006,premium_unleaded_(required),444.0,12.0,automatic,all_wheel_drive,4.0,"luxury,performance",large,sedan,17,11,873,101300
dodge,ram_van,1998,regular_unleaded,230.0,8.0,automatic,rear_wheel_drive,3.0,,midsize,cargo_van,17,12,1851,2239
chevrolet,traverse,2016,regular_unleaded,281.0,6.0,automatic,all_wheel_drive,4.0,crossover,midsize,4dr_suv,22,15,1385,33205
nissan,350z,2009,regular_unleaded,306.0,6.0,automatic,rear_wheel_drive,2.0,high-performance,compact,convertible,23,17,2009,42570
hyundai,elantra,2016,regular_unleaded,145.0,4.0,automatic,front_wheel_drive,4.0,,compact,sedan,37,27,1439,21700
acura,tl,2014,premium_unleaded_(recommended),305.0,6.0,automatic,all_wheel_drive,4.0,"luxury,performance",midsize,sedan,26,18,204,39580
pontiac,firebird,2000,regular_unleaded,305.0,8.0,unknown,rear_wheel_drive,2.0,"factory_tuner,performance",midsize,convertible,23,15,210,9567
honda,civic,2015,regular_unleaded,143.0,4.0,automatic,front_wheel_drive,2.0,,compact,coupe,38,29,2202,21190
volvo,940,1994,regular_unleaded,162.0,4.0,automatic,rear_wheel_drive,4.0,luxury,midsize,wagon,22,17,870,2000
nissan,murano,2016,regular_unleaded,260.0,6.0,automatic,all_wheel_drive,4.0,crossover,midsize,4dr_suv,28,21,2009,31340
gmc,sierra_1500,2016,regular_unleaded,355.0,8.0,automatic,rear_wheel_drive,4.0,,large,crew_cab_pickup,23,16,549,51390
dodge,shadow,1992,regular_unleaded,152.0,4.0,manual,front_wheel_drive,2.0,performance,compact,convertible,24,18,1851,2000
mazda,3,2016,regular_unleaded,155.0,4.0,manual,front_wheel_drive,4.0,hatchback,compact,4dr_hatchback,40,29,586,23245
volkswagen,beetle_convertible,2015,diesel,150.0,4.0,manual,front_wheel_drive,2.0,diesel,compact,convertible,40,30,873,29675
scion,tc,2016,regular_unleaded,179.0,4.0,manual,front_wheel_drive,2.0,hatchback,compact,2dr_hatchback,31,23,105,19385
subaru,forester,2016,premium_unleaded_(required),250.0,4.0,automatic,all_wheel_drive,4.0,crossover,midsize,4dr_suv,28,23,640,29195
buick,encore,2017,regular_unleaded,138.0,4.0,automatic,all_wheel_drive,4.0,crossover,compact,4dr_suv,30,24,155,25865
chevrolet,camaro,2015,regular_unleaded,323.0,6.0,manual,rear_wheel_drive,2.0,performance,midsize,convertible,28,17,1385,31205
hyundai,sonata,2015,regular_unleaded,177.0,4.0,automated_manual,front_wheel_drive,4.0,,midsize,sedan,38,28,1439,23275
nissan,200sx,1996,regular_unleaded,115.0,4.0,manual,front_wheel_drive,2.0,,compact,coupe,36,26,2009,2000
gmc,envoy,2007,regular_unleaded,291.0,6.0,automatic,four_wheel_drive,4.0,,midsize,4dr_suv,20,14,549,32960
aston_martin,db7,2003,premium_unleaded_(required),420.0,12.0,automatic,rear_wheel_drive,2.0,"exotic,factory_tuner,high-performance",compact,coupe,18,11,259,156300
chevrolet,lumina_minivan,1995,regular_unleaded,120.0,6.0,automatic,front_wheel_drive,3.0,,compact,cargo_minivan,21,17,1385,2000
ford,contour_svt,1998,regular_unleaded,195.0,6.0,manual,front_wheel_drive,4.0,"factory_tuner,performance",midsize,sedan,26,17,5657,2655
buick,terraza,2007,regular_unleaded,240.0,6.0,automatic,front_wheel_drive,4.0,flex_fuel,midsize,passenger_minivan,23,16,155,30780
ford,ranger,2010,regular_unleaded,143.0,4.0,manual,rear_wheel_drive,2.0,,compact,extended_cab_pickup,27,22,5657,20580
toyota,rav4,2016,regular_unleaded,176.0,4.0,automatic,all_wheel_drive,4.0,crossover,midsize,4dr_suv,29,22,2031,32910
dodge,ram_250,1991,regular_unleaded,170.0,8.0,manual,four_wheel_drive,2.0,,large,extended_cab_pickup,13,10,1851,2000
nissan,350z,2007,regular_unleaded,306.0,6.0,automatic,rear_wheel_drive,2.0,high-performance,compact,convertible,23,17,2009,41250
ferrari,575m,2002,premium_unleaded_(required),515.0,12.0,automated_manual,rear_wheel_drive,2.0,"exotic,high-performance",compact,coupe,16,9,2774,224670
suzuki,sx4,2012,regular_unleaded,150.0,4.0,manual,all_wheel_drive,4.0,"crossover,hatchback",compact,4dr_hatchback,30,22,481,16999
chevrolet,corvette,2015,premium_unleaded_(required),650.0,8.0,manual,rear_wheel_drive,2.0,"factory_tuner,high-performance",compact,coupe,22,15,1385,82270
ford,f-250,1997,regular_unleaded,220.0,8.0,manual,four_wheel_drive,2.0,,large,regular_cab_pickup,17,12,5657,3394
infiniti,i30,2001,premium_unleaded_(required),227.0,6.0,automatic,front_wheel_drive,4.0,"luxury,performance",midsize,sedan,24,17,190,29715
nissan,juke,2015,premium_unleaded_(recommended),188.0,4.0,automatic,all_wheel_drive,4.0,"crossover,hatchback",compact,4dr_hatchback,31,26,2009,22100
gmc,sierra_1500,2015,flex-fuel_(unleaded/e85),285.0,6.0,automatic,rear_wheel_drive,2.0,flex_fuel,large,regular_cab_pickup,24,18,549,33720
volkswagen,cabrio,2000,regular_unleaded,115.0,4.0,manual,front_wheel_drive,2.0,,compact,convertible,28,21,873,2473
scion,tc,2015,regular_unleaded,179.0,4.0,manual,front_wheel_drive,2.0,hatchback,compact,2dr_hatchback,31,23,105,23190
gmc,yukon,2016,premium_unleaded_(recommended),420.0,8.0,automatic,four_wheel_drive,4.0,performance,large,4dr_suv,21,15,549,68325
toyota,sienna,2015,regular_unleaded,266.0,6.0,automatic,all_wheel_drive,4.0,,large,passenger_minivan,23,16,2031,40655
lexus,gs_450h,2016,premium_unleaded_(required),338.0,6.0,automatic,rear_wheel_drive,4.0,"luxury,performance,hybrid",midsize,sedan,34,29,454,63080
acura,tl,2014,premium_unleaded_(recommended),280.0,6.0,automatic,front_wheel_drive,4.0,"luxury,performance",midsize,sedan,29,20,204,37530
subaru,loyale,1993,regular_unleaded,90.0,4.0,manual,four_wheel_drive,4.0,,compact,sedan,26,21,640,2000
porsche,911,2016,premium_unleaded_(required),520.0,6.0,automated_manual,all_wheel_drive,2.0,"luxury,high-performance",compact,coupe,24,17,1715,151100
hyundai,tucson,2015,regular_unleaded,182.0,4.0,automatic,all_wheel_drive,4.0,crossover,compact,4dr_suv,25,20,1439,25200
hyundai,scoupe,1994,regular_unleaded,92.0,4.0,manual,front_wheel_drive,2.0,,compact,coupe,30,23,1439,2000
hyundai,veloster,2014,regular_unleaded,201.0,4.0,manual,front_wheel_drive,3.0,"hatchback,performance",compact,2dr_hatchback,33,24,1439,22300
porsche,panamera,2016,premium_unleaded_(required),420.0,6.0,automated_manual,rear_wheel_drive,4.0,"luxury,high-performance",large,sedan,27,17,1715,93200
land_rover,range_rover_sport,2015,flex-fuel_(premium_unleaded_required/e85),340.0,6.0,automatic,four_wheel_drive,4.0,"flex_fuel,luxury,performance",midsize,4dr_suv,23,17,258,68295
hyundai,xg350,2005,regular_unleaded,194.0,6.0,automatic,front_wheel_drive,4.0,,midsize,sedan,24,16,1439,26499
bmw,alpina_b7,2015,premium_unleaded_(required),540.0,8.0,automatic,all_wheel_drive,4.0,"factory_tuner,luxury,high-performance",large,sedan,24,16,3916,135200
volkswagen,phaeton,2006,premium_unleaded_(required),335.0,8.0,automatic,all_wheel_drive,4.0,luxury,large,sedan,21,14,873,74350
acura,rl,2010,premium_unleaded_(required),300.0,6.0,automatic,all_wheel_drive,4.0,"luxury,performance",midsize,sedan,22,16,204,50450
chevrolet,c/k_1500_series,1998,regular_unleaded,200.0,6.0,manual,four_wheel_drive,2.0,,large,regular_cab_pickup,19,14,1385,3282
acura,integra,2001,premium_unleaded_(required),170.0,4.0,manual,front_wheel_drive,2.0,"hatchback,luxury,performance",compact,2dr_hatchback,28,22,204,22300
gmc,sierra_1500,2015,flex-fuel_(unleaded/e85),285.0,6.0,automatic,four_wheel_drive,4.0,flex_fuel,large,crew_cab_pickup,22,17,549,38540
gmc,yukon,2017,premium_unleaded_(recommended),420.0,8.0,automatic,rear_wheel_drive,4.0,performance,large,4dr_suv,22,15,549,65965
volvo,850,1995,regular_unleaded,240.0,5.0,automatic,front_wheel_drive,4.0,"factory_tuner,luxury,performance",midsize,sedan,24,17,870,2000
maserati,levante,2017,premium_unleaded_(required),345.0,6.0,automatic,all_wheel_drive,4.0,"crossover,exotic,luxury,performance",large,4dr_suv,20,14,238,72000
gmc,acadia,2015,regular_unleaded,288.0,6.0,automatic,front_wheel_drive,4.0,crossover,midsize,4dr_suv,24,17,549,47690
volkswagen,jetta,2016,premium_unleaded_(recommended),210.0,4.0,automatic,front_wheel_drive,4.0,"factory_tuner,performance",midsize,sedan,33,24,873,28020
mazda,navajo,1993,regular_unleaded,160.0,6.0,manual,rear_wheel_drive,2.0,,compact,2dr_suv,21,16,586,2000
volkswagen,golf_gti,2017,premium_unleaded_(recommended),220.0,4.0,automated_manual,front_wheel_drive,4.0,"hatchback,performance",compact,4dr_hatchback,32,24,873,35195
hyundai,santa_fe,2017,regular_unleaded,290.0,6.0,automatic,all_wheel_drive,4.0,crossover,midsize,4dr_suv,22,17,1439,40450
mitsubishi,outlander_sport,2016,regular_unleaded,168.0,4.0,automatic,front_wheel_drive,4.0,crossover,compact,4dr_suv,28,23,436,23995
honda,pilot,2015,regular_unleaded,250.0,6.0,automatic,four_wheel_drive,4.0,crossover,midsize,4dr_suv,24,17,2202,33720
pontiac,bonneville,2005,regular_unleaded,205.0,6.0,automatic,front_wheel_drive,4.0,,large,sedan,27,18,210,27965
volkswagen,golf_gti,2016,premium_unleaded_(recommended),220.0,4.0,automated_manual,front_wheel_drive,2.0,"hatchback,performance",compact,2dr_hatchback,33,25,873,27590
aston_martin,dbs,2012,premium_unleaded_(required),510.0,12.0,manual,rear_wheel_drive,2.0,"exotic,high-performance",midsize,coupe,17,11,259,275461
toyota,cressida,1991,regular_unleaded,190.0,6.0,automatic,rear_wheel_drive,4.0,,midsize,sedan,22,17,2031,2000
infiniti,ex35,2009,premium_unleaded_(recommended),297.0,6.0,automatic,rear_wheel_drive,4.0,"crossover,luxury",midsize,4dr_suv,24,17,190,36000
tesla,model_s,2015,electric,,0.0,direct_drive,all_wheel_drive,4.0,"exotic,high-performance",large,sedan,98,89,1391,105000
cadillac,allante,1992,regular_unleaded,200.0,8.0,automatic,front_wheel_drive,2.0,"luxury,performance",compact,convertible,20,14,1624,2234
chevrolet,trax,2015,regular_unleaded,138.0,4.0,automatic,front_wheel_drive,4.0,crossover,compact,4dr_suv,34,26,1385,25030
mazda,b-series_pickup,2000,flex-fuel_(unleaded/e85),143.0,6.0,manual,rear_wheel_drive,2.0,flex_fuel,compact,regular_cab_pickup,21,16,586,2413
fiat,500,2016,premium_unleaded_(recommended),101.0,4.0,manual,front_wheel_drive,2.0,hatchback,compact,2dr_hatchback,40,31,819,16995
chrysler,300,2015,regular_unleaded,292.0,6.0,automatic,all_wheel_drive,4.0,,large,sedan,27,18,1013,40570
chevrolet,tracker,2003,regular_unleaded,165.0,6.0,automatic,rear_wheel_drive,4.0,,compact,4dr_suv,19,17,1385,21430
audi,a6,2015,premium_unleaded_(recommended),220.0,4.0,automatic,front_wheel_drive,4.0,luxury,midsize,sedan,33,25,3105,44800
mitsubishi,lancer,2016,regular_unleaded,168.0,4.0,automatic,front_wheel_drive,4.0,,compact,sedan,31,24,436,23495
dodge,ram_150,1993,regular_unleaded,180.0,6.0,manual,rear_wheel_drive,2.0,,large,regular_cab_pickup,17,14,1851,2000
bmw,x1,2017,premium_unleaded_(required),228.0,4.0,automatic,all_wheel_drive,4.0,"crossover,luxury",compact,4dr_suv,31,22,3916,35100
mercedes-benz,350-class,1990,diesel,134.0,6.0,automatic,rear_wheel_drive,4.0,"diesel,luxury",large,sedan,23,19,617,2144
porsche,macan,2017,premium_unleaded_(required),252.0,4.0,automated_manual,all_wheel_drive,4.0,"crossover,luxury",midsize,4dr_suv,25,20,1715,47500
mercedes-benz,glk-class,2014,premium_unleaded_(required),302.0,6.0,automatic,rear_wheel_drive,4.0,"crossover,luxury,performance",midsize,4dr_suv,25,19,617,37480
acura,ilx,2016,premium_unleaded_(recommended),201.0,4.0,automated_manual,front_wheel_drive,4.0,luxury,compact,sedan,36,25,204,31890
dodge,ram_pickup_1500,2008,flex-fuel_(unleaded/e85),310.0,8.0,automatic,four_wheel_drive,4.0,flex_fuel,large,crew_cab_pickup,17,13,1851,34865
lincoln,continental,2002,premium_unleaded_(required),275.0,8.0,automatic,front_wheel_drive,4.0,luxury,large,sedan,23,15,61,38185
toyota,previa,1995,regular_unleaded,161.0,4.0,automatic,rear_wheel_drive,3.0,,compact,passenger_minivan,20,16,2031,2000
suzuki,aerio,2006,regular_unleaded,155.0,4.0,manual,front_wheel_drive,4.0,,compact,wagon,28,22,481,15299
volkswagen,jetta_gli,2013,premium_unleaded_(recommended),200.0,4.0,automated_manual,front_wheel_drive,4.0,performance,midsize,sedan,32,24,873,25045
plymouth,colt,1993,regular_unleaded,113.0,4.0,manual,front_wheel_drive,4.0,,compact,wagon,26,21,535,2000
ford,transit_wagon,2015,flex-fuel_(unleaded/e85),275.0,6.0,automatic,rear_wheel_drive,3.0,"flex_fuel,diesel",midsize,passenger_van,19,14,5657,35920
ford,explorer_sport_trac,2008,regular_unleaded,292.0,8.0,automatic,rear_wheel_drive,4.0,,compact,crew_cab_pickup,20,13,5657,26710
hyundai,veracruz,2012,regular_unleaded,260.0,6.0,automatic,all_wheel_drive,4.0,crossover,midsize,4dr_suv,21,16,1439,36195
mercedes-benz,e-class,2015,premium_unleaded_(required),302.0,6.0,automatic,all_wheel_drive,4.0,"luxury,performance",midsize,wagon,27,20,617,59000
volkswagen,jetta_hybrid,2013,premium_unleaded_(required),170.0,4.0,automated_manual,front_wheel_drive,4.0,hybrid,midsize,sedan,48,42,873,26990
saab,9-4x,2011,premium_unleaded_(required),265.0,6.0,automatic,all_wheel_drive,4.0,"crossover,luxury",midsize,4dr_suv,23,17,376,40245
nissan,murano,2016,regular_unleaded,260.0,6.0,automatic,all_wheel_drive,4.0,crossover,midsize,4dr_suv,28,21,2009,38730
dodge,ram_50_pickup,1991,regular_unleaded,116.0,4.0,manual,rear_wheel_drive,2.0,,compact,regular_cab_pickup,22,17,1851,2000
ford,flex,2017,regular_unleaded,287.0,6.0,automatic,front_wheel_drive,4.0,"crossover,performance",large,wagon,23,16,5657,32730
audi,s5,2016,premium_unleaded_(required),333.0,6.0,automated_manual,all_wheel_drive,2.0,"factory_tuner,luxury,performance",midsize,coupe,28,18,3105,54100
lexus,sc_400,1998,regular_unleaded,290.0,8.0,automatic,rear_wheel_drive,2.0,"luxury,performance",midsize,coupe,23,17,454,3442
pontiac,grand_prix,2007,regular_unleaded,200.0,6.0,automatic,front_wheel_drive,4.0,,midsize,sedan,28,18,210,21815
acura,rdx,2017,premium_unleaded_(recommended),279.0,6.0,automatic,all_wheel_drive,4.0,"crossover,luxury",midsize,4dr_suv,27,19,204,37070
gmc,terrain,2017,regular_unleaded,182.0,4.0,automatic,all_wheel_drive,4.0,crossover,compact,4dr_suv,28,20,549,36025
volvo,s70,1998,regular_unleaded,168.0,5.0,manual,front_wheel_drive,4.0,luxury,midsize,sedan,27,17,870,2000
nissan,frontier,2015,regular_unleaded,261.0,6.0,manual,four_wheel_drive,4.0,,compact,crew_cab_pickup,21,16,2009,25400
nissan,altima,2015,regular_unleaded,182.0,4.0,automatic,front_wheel_drive,4.0,,midsize,sedan,38,27,2009,22560
audi,q5,2016,diesel,240.0,6.0,automatic,all_wheel_drive,4.0,"crossover,luxury,diesel",midsize,4dr_suv,31,24,3105,50200
gmc,s-15_jimmy,1991,regular_unleaded,150.0,6.0,manual,four_wheel_drive,4.0,,midsize,4dr_suv,18,14,549,2000
mercedes-benz,300-class,1992,diesel,148.0,6.0,automatic,rear_wheel_drive,4.0,"diesel,luxury",large,sedan,22,18,617,2547
toyota,tundra,2015,flex-fuel_(unleaded/e85),381.0,8.0,automatic,four_wheel_drive,2.0,flex_fuel,large,regular_cab_pickup,17,13,2031,32170
volkswagen,beetle,2017,regular_unleaded,170.0,4.0,automatic,front_wheel_drive,2.0,hatchback,compact,2dr_hatchback,33,24,873,19995
plymouth,voyager,1998,regular_unleaded,150.0,6.0,automatic,front_wheel_drive,4.0,,midsize,passenger_minivan,24,17,535,2000
volkswagen,cc,2016,premium_unleaded_(recommended),200.0,4.0,automated_manual,front_wheel_drive,4.0,performance,midsize,sedan,31,22,873,35755
honda,accord,2016,regular_unleaded,278.0,6.0,manual,front_wheel_drive,2.0,performance,midsize,coupe,28,18,2202,31025
toyota,pickup,1993,regular_unleaded,150.0,6.0,manual,rear_wheel_drive,2.0,,compact,extended_cab_pickup,20,15,2031,2000
pontiac,montana,2003,regular_unleaded,185.0,6.0,automatic,front_wheel_drive,4.0,,midsize,passenger_minivan,24,17,210,29740
oldsmobile,aurora,2003,premium_unleaded_(required),250.0,8.0,automatic,front_wheel_drive,4.0,performance,large,sedan,24,15,26,34725
lexus,sc_430,2009,premium_unleaded_(required),288.0,8.0,automatic,rear_wheel_drive,2.0,"luxury,performance",compact,convertible,23,16,454,66805
ford,transit_wagon,2017,flex-fuel_(unleaded/e85),275.0,6.0,automatic,rear_wheel_drive,3.0,flex_fuel,midsize,passenger_van,19,14,5657,35660
maserati,granturismo,2016,premium_unleaded_(required),454.0,8.0,automatic,rear_wheel_drive,2.0,"exotic,luxury,high-performance",large,coupe,21,13,238,132825
chrysler,town_and_country,2015,flex-fuel_(unleaded/e85),283.0,6.0,automatic,front_wheel_drive,4.0,flex_fuel,midsize,passenger_minivan,25,17,1013,37945
nissan,murano,2017,regular_unleaded,260.0,6.0,automatic,front_wheel_drive,4.0,crossover,midsize,4dr_suv,28,21,2009,39180
chevrolet,spark,2016,regular_unleaded,98.0,4.0,manual,front_wheel_drive,4.0,hatchback,compact,4dr_hatchback,41,30,1385,16185
subaru,wrx,2016,premium_unleaded_(recommended),268.0,4.0,manual,all_wheel_drive,4.0,performance,compact,sedan,27,20,640,28895
ford,freestyle,2006,regular_unleaded,203.0,6.0,automatic,front_wheel_drive,4.0,crossover,large,wagon,25,18,5657,28530
bmw,z4_m,2008,premium_unleaded_(required),330.0,6.0,manual,rear_wheel_drive,2.0,"factory_tuner,luxury,high-performance",compact,coupe,23,15,3916,50400
volkswagen,golf_gti,2015,premium_unleaded_(recommended),210.0,4.0,automated_manual,front_wheel_drive,4.0,"hatchback,performance",compact,4dr_hatchback,33,25,873,26485
ferrari,456m,2001,premium_unleaded_(required),442.0,12.0,manual,rear_wheel_drive,2.0,"exotic,high-performance",compact,coupe,15,9,2774,219775
ford,freestyle,2005,regular_unleaded,203.0,6.0,automatic,front_wheel_drive,4.0,crossover,large,wagon,25,18,5657,25040
pontiac,solstice,2008,regular_unleaded,173.0,4.0,manual,rear_wheel_drive,2.0,performance,compact,convertible,25,19,210,22455
mercedes-benz,slr_mclaren,2007,premium_unleaded_(required),641.0,8.0,automatic,rear_wheel_drive,2.0,"exotic,factory_tuner,luxury,high-performance",compact,coupe,16,11,617,480000
honda,pilot,2015,regular_unleaded,250.0,6.0,automatic,front_wheel_drive,4.0,crossover,midsize,4dr_suv,25,18,2202,33120
honda,cr-z,2014,regular_unleaded,130.0,4.0,automatic,front_wheel_drive,2.0,"hatchback,hybrid",compact,2dr_hatchback,39,36,2202,22490
honda,civic,2016,regular_unleaded,158.0,4.0,automatic,front_wheel_drive,4.0,,midsize,sedan,41,31,2202,20440
dodge,stealth,1994,regular_unleaded,222.0,6.0,manual,front_wheel_drive,2.0,performance,compact,coupe,23,17,1851,2350
toyota,venza,2015,regular_unleaded,181.0,4.0,automatic,all_wheel_drive,4.0,crossover,midsize,wagon,26,20,2031,30515
mazda,tribute,2009,regular_unleaded,240.0,6.0,automatic,front_wheel_drive,4.0,crossover,compact,4dr_suv,26,18,586,25885
buick,encore,2015,regular_unleaded,138.0,4.0,automatic,front_wheel_drive,4.0,crossover,compact,4dr_suv,33,25,155,26155
volvo,c30,2013,regular_unleaded,227.0,5.0,manual,front_wheel_drive,2.0,"hatchback,luxury",compact,2dr_hatchback,29,21,870,25500
subaru,svx,1997,regular_unleaded,230.0,6.0,automatic,all_wheel_drive,2.0,performance,compact,coupe,22,15,640,2749
hyundai,excel,1992,regular_unleaded,81.0,4.0,manual,front_wheel_drive,4.0,,compact,sedan,30,25,1439,2000
chrysler,town_and_country,2015,flex-fuel_(unleaded/e85),283.0,6.0,automatic,front_wheel_drive,4.0,flex_fuel,midsize,passenger_minivan,25,17,1013,31465
gmc,yukon,2015,flex-fuel_(unleaded/e85),355.0,8.0,automatic,four_wheel_drive,4.0,flex_fuel,large,4dr_suv,22,16,549,50740
audi,a4,2015,premium_unleaded_(required),220.0,4.0,automatic,all_wheel_drive,4.0,luxury,midsize,sedan,31,22,3105,45000
ford,f-150,2017,regular_unleaded,325.0,6.0,automatic,rear_wheel_drive,4.0,flex_fuel,large,crew_cab_pickup,26,19,5657,34165
kia,spectra,2009,regular_unleaded,138.0,4.0,manual,front_wheel_drive,4.0,,compact,sedan,30,23,1720,16450
bentley,continental_gt,2014,flex-fuel_(premium_unleaded_required/e85),567.0,12.0,automatic,all_wheel_drive,2.0,"exotic,flex_fuel,luxury,high-performance",midsize,coupe,21,12,520,198600
gmc,savana,2016,flex-fuel_(unleaded/e85),285.0,8.0,automatic,rear_wheel_drive,3.0,flex_fuel,midsize,passenger_van,16,11,549,32990
saab,9-3_griffin,2012,flex-fuel_(premium_unleaded_recommended/e85),220.0,4.0,automatic,front_wheel_drive,2.0,"flex_fuel,luxury",compact,convertible,28,18,376,46080
hyundai,elantra_gt,2017,regular_unleaded,173.0,4.0,automatic,front_wheel_drive,4.0,"hatchback,performance",compact,4dr_hatchback,32,24,1439,19800
lexus,gs_350,2016,premium_unleaded_(required),311.0,6.0,automatic,rear_wheel_drive,4.0,"luxury,high-performance",midsize,sedan,28,19,454,54115
mazda,cx-7,2012,premium_unleaded_(recommended),244.0,4.0,automatic,front_wheel_drive,4.0,crossover,midsize,4dr_suv,24,18,586,31840
ford,aerostar,1996,regular_unleaded,155.0,6.0,automatic,all_wheel_drive,3.0,,large,passenger_minivan,19,13,5657,2000
ford,transit_connect,2015,regular_unleaded,169.0,4.0,automatic,front_wheel_drive,4.0,,compact,cargo_minivan,29,21,5657,23855
nissan,gt-r,2017,premium_unleaded_(required),565.0,6.0,automated_manual,all_wheel_drive,2.0,high-performance,midsize,coupe,22,16,2009,109990
mercedes-benz,s-class,2016,premium_unleaded_(required),577.0,8.0,automatic,all_wheel_drive,4.0,"factory_tuner,luxury,high-performance",large,sedan,23,15,617,143250
lincoln,mark_viii,1997,regular_unleaded,280.0,8.0,automatic,rear_wheel_drive,2.0,luxury,large,coupe,24,16,61,2263
subaru,impreza,2017,regular_unleaded,152.0,4.0,automatic,all_wheel_drive,4.0,,midsize,sedan,38,28,640,24095
volvo,s90,1998,regular_unleaded,181.0,6.0,automatic,rear_wheel_drive,4.0,luxury,midsize,sedan,23,16,870,2269
dodge,dynasty,1992,regular_unleaded,100.0,4.0,automatic,front_wheel_drive,4.0,,midsize,sedan,26,19,1851,2000
saab,9-5,2009,premium_unleaded_(recommended),260.0,4.0,automatic,front_wheel_drive,4.0,"luxury,performance",midsize,sedan,27,17,376,42000
infiniti,g_sedan,2013,premium_unleaded_(required),328.0,6.0,automatic,rear_wheel_drive,4.0,"luxury,performance",midsize,sedan,27,19,190,32950
dodge,ram_pickup_1500,2009,regular_unleaded,390.0,8.0,automatic,four_wheel_drive,4.0,,large,crew_cab_pickup,18,13,1851,41340
subaru,impreza,2015,regular_unleaded,148.0,4.0,automatic,all_wheel_drive,4.0,,compact,sedan,37,28,640,20995
chevrolet,s-10,2002,flex-fuel_(unleaded/e85),120.0,4.0,manual,rear_wheel_drive,3.0,flex_fuel,compact,extended_cab_pickup,25,19,1385,15943
chevrolet,corvette,2017,premium_unleaded_(required),650.0,8.0,manual,rear_wheel_drive,2.0,"factory_tuner,high-performance",compact,coupe,22,15,1385,79450
infiniti,q70,2016,premium_unleaded_(required),420.0,8.0,automatic,rear_wheel_drive,4.0,"luxury,performance",large,sedan,24,16,190,64550
honda,accord,2015,regular_unleaded,185.0,4.0,manual,front_wheel_drive,2.0,,midsize,coupe,34,24,2202,25450
mercedes-benz,cls-class,2016,premium_unleaded_(required),329.0,6.0,automatic,all_wheel_drive,4.0,"luxury,performance",midsize,sedan,26,19,617,69400
chevrolet,malibu_hybrid,2009,regular_unleaded,164.0,4.0,automatic,front_wheel_drive,4.0,hybrid,midsize,sedan,34,26,1385,25555
volvo,s60,2015,regular_unleaded,325.0,6.0,automatic,all_wheel_drive,4.0,"factory_tuner,luxury,high-performance",midsize,sedan,28,19,870,42700
volvo,s60_cross_country,2017,regular_unleaded,240.0,4.0,automatic,all_wheel_drive,4.0,luxury,midsize,sedan,30,22,870,44200
ford,flex,2016,regular_unleaded,287.0,6.0,automatic,front_wheel_drive,4.0,"crossover,performance",large,wagon,23,16,5657,37800
cadillac,ats,2015,flex-fuel_(unleaded/e85),321.0,6.0,automatic,all_wheel_drive,4.0,"flex_fuel,luxury,high-performance",compact,sedan,26,18,1624,46660
nissan,titan,2017,regular_unleaded,390.0,8.0,automatic,four_wheel_drive,4.0,,large,crew_cab_pickup,20,15,2009,45020
bmw,5_series,2015,premium_unleaded_(required),241.0,4.0,automatic,rear_wheel_drive,4.0,luxury,large,sedan,34,23,3916,49950
chevrolet,beretta,1994,regular_unleaded,120.0,4.0,manual,front_wheel_drive,2.0,,compact,coupe,31,22,1385,2000
ford,fiesta,2016,regular_unleaded,120.0,4.0,manual,front_wheel_drive,4.0,hatchback,compact,4dr_hatchback,35,27,5657,14880
infiniti,fx35,2009,premium_unleaded_(required),303.0,6.0,automatic,rear_wheel_drive,4.0,"crossover,luxury",midsize,4dr_suv,23,16,190,42150
acura,tlx,2016,premium_unleaded_(recommended),290.0,6.0,automatic,all_wheel_drive,4.0,luxury,midsize,sedan,31,21,204,41575
volkswagen,tiguan,2017,premium_unleaded_(recommended),200.0,4.0,automatic,front_wheel_drive,4.0,crossover,compact,4dr_suv,24,20,873,30095
acura,ilx,2015,premium_unleaded_(recommended),150.0,4.0,automatic,front_wheel_drive,4.0,luxury,compact,sedan,35,24,204,31750
oldsmobile,lss,1998,regular_unleaded,195.0,6.0,automatic,front_wheel_drive,4.0,,large,sedan,27,17,26,2283
acura,rlx,2016,premium_unleaded_(recommended),310.0,6.0,automatic,front_wheel_drive,4.0,"luxury,performance",midsize,sedan,31,20,204,54450
buick,encore,2016,regular_unleaded,153.0,4.0,automatic,front_wheel_drive,4.0,crossover,compact,4dr_suv,34,28,155,27350
lexus,is_350_c,2015,premium_unleaded_(required),306.0,6.0,automatic,rear_wheel_drive,2.0,"luxury,performance",compact,convertible,27,19,454,47640
volkswagen,cabriolet,1993,regular_unleaded,94.0,4.0,manual,front_wheel_drive,2.0,,compact,convertible,27,21,873,2000
lexus,ls_460,2017,premium_unleaded_(required),386.0,8.0,automatic,rear_wheel_drive,4.0,"luxury,performance",large,sedan,24,16,454,78820
scion,xb,2013,regular_unleaded,158.0,4.0,manual,front_wheel_drive,4.0,,compact,wagon,28,22,105,16970
hyundai,tucson,2017,regular_unleaded,175.0,4.0,automated_manual,front_wheel_drive,4.0,crossover,compact,4dr_suv,30,25,1439,25900
toyota,tundra,2016,regular_unleaded,381.0,8.0,automatic,four_wheel_drive,4.0,,large,crew_cab_pickup,17,13,2031,38020
acura,mdx,2016,premium_unleaded_(recommended),290.0,6.0,automatic,all_wheel_drive,4.0,"crossover,luxury",midsize,4dr_suv,26,18,204,45015
infiniti,g_convertible,2013,premium_unleaded_(recommended),325.0,6.0,manual,rear_wheel_drive,2.0,"luxury,performance",midsize,convertible,24,16,190,52750
lamborghini,gallardo,2013,premium_unleaded_(required),560.0,10.0,automated_manual,all_wheel_drive,2.0,"exotic,high-performance",compact,convertible,20,13,1158,225400
volkswagen,cabrio,2000,regular_unleaded,115.0,4.0,manual,front_wheel_drive,2.0,,compact,convertible,28,21,873,2568
chevrolet,cobalt,2010,regular_unleaded,155.0,4.0,manual,front_wheel_drive,2.0,,compact,coupe,37,25,1385,16470
chevrolet,avalanche,2011,flex-fuel_(unleaded/e85),320.0,8.0,automatic,rear_wheel_drive,4.0,"crossover,flex_fuel",large,crew_cab_pickup,21,15,1385,46195
volkswagen,beetle_convertible,2015,regular_unleaded,170.0,4.0,automatic,front_wheel_drive,2.0,,compact,convertible,32,24,873,25595
saab,900,1998,regular_unleaded,185.0,4.0,manual,front_wheel_drive,2.0,"luxury,performance",compact,convertible,25,18,376,2268
lincoln,navigator,2016,regular_unleaded,380.0,6.0,automatic,rear_wheel_drive,4.0,luxury,large,4dr_suv,22,16,61,71260
ford,f-250,1999,regular_unleaded,220.0,8.0,manual,four_wheel_drive,2.0,,large,regular_cab_pickup,16,12,5657,3583
honda,fit,2016,regular_unleaded,130.0,4.0,automatic,front_wheel_drive,4.0,hatchback,compact,4dr_hatchback,41,33,2202,16690
pontiac,solstice,2008,regular_unleaded,173.0,4.0,manual,rear_wheel_drive,2.0,performance,compact,convertible,25,19,210,28400
land_rover,range_rover_sport,2016,premium_unleaded_(recommended),340.0,6.0,automatic,four_wheel_drive,4.0,"luxury,performance",midsize,4dr_suv,23,17,258,69950
audi,q5,2017,flex-fuel_(premium_unleaded_recommended/e85),220.0,4.0,automatic,all_wheel_drive,4.0,"crossover,flex_fuel,luxury",midsize,4dr_suv,27,20,3105,43150
volkswagen,beetle_convertible,2014,premium_unleaded_(recommended),210.0,4.0,manual,front_wheel_drive,2.0,performance,compact,convertible,31,23,873,29395
toyota,corolla,2017,regular_unleaded,132.0,4.0,manual,front_wheel_drive,4.0,,compact,sedan,35,27,2031,21665
cadillac,escalade,2015,flex-fuel_(unleaded/e85),420.0,8.0,automatic,four_wheel_drive,4.0,"flex_fuel,luxury,performance",large,4dr_suv,21,15,1624,84070
suzuki,xl7,2007,regular_unleaded,252.0,6.0,automatic,all_wheel_drive,4.0,crossover,midsize,4dr_suv,21,16,481,26999
ford,contour,1998,regular_unleaded,125.0,4.0,manual,front_wheel_drive,4.0,,midsize,sedan,32,21,5657,2000
audi,rs_7,2016,premium_unleaded_(required),560.0,8.0,automatic,all_wheel_drive,4.0,"factory_tuner,luxury,high-performance",large,sedan,25,15,3105,108900
buick,regal,2016,premium_unleaded_(recommended),259.0,4.0,automatic,all_wheel_drive,4.0,performance,midsize,sedan,27,19,155,33990
chevrolet,silverado_1500_hybrid,2011,regular_unleaded,332.0,8.0,automatic,four_wheel_drive,4.0,hybrid,large,crew_cab_pickup,23,20,1385,48205
mercedes-benz,gle-class,2017,premium_unleaded_(required),302.0,6.0,automatic,all_wheel_drive,4.0,"crossover,luxury",midsize,4dr_suv,22,18,617,54500
honda,element,2010,regular_unleaded,166.0,4.0,automatic,all_wheel_drive,4.0,crossover,compact,4dr_suv,24,19,2202,25585
fiat,500,2016,premium_unleaded_(recommended),101.0,4.0,manual,front_wheel_drive,2.0,,compact,convertible,40,31,819,21395
ford,f-150,2017,flex-fuel_(unleaded/e85),282.0,6.0,automatic,four_wheel_drive,4.0,flex_fuel,large,extended_cab_pickup,23,17,5657,38215
acura,mdx,2017,premium_unleaded_(recommended),290.0,6.0,automatic,front_wheel_drive,4.0,"crossover,luxury",midsize,4dr_suv,27,19,204,43950
chevrolet,captiva_sport,2015,flex-fuel_(unleaded/e85),180.0,4.0,automatic,front_wheel_drive,4.0,"crossover,flex_fuel",midsize,4dr_suv,28,20,1385,29505
nissan,truck,1996,regular_unleaded,134.0,4.0,manual,rear_wheel_drive,2.0,,compact,extended_cab_pickup,24,19,2009,2326
lincoln,mkx,2016,regular_unleaded,303.0,6.0,automatic,all_wheel_drive,4.0,"crossover,luxury",midsize,4dr_suv,26,17,61,47810
saab,9-7x,2009,regular_unleaded,390.0,8.0,automatic,all_wheel_drive,4.0,luxury,midsize,4dr_suv,16,12,376,49105
ford,freestar,2007,regular_unleaded,201.0,6.0,automatic,front_wheel_drive,4.0,,midsize,cargo_minivan,21,15,5657,19700
land_rover,range_rover,2016,premium_unleaded_(recommended),510.0,8.0,automatic,four_wheel_drive,4.0,"luxury,high-performance",large,4dr_suv,19,14,258,139995
honda,cr-v,2016,regular_unleaded,185.0,4.0,automatic,front_wheel_drive,4.0,crossover,compact,4dr_suv,33,26,2202,25995
cadillac,xts,2016,regular_unleaded,304.0,6.0,automatic,front_wheel_drive,4.0,"luxury,performance",large,sedan,28,18,1624,45295
ford,five_hundred,2005,regular_unleaded,203.0,6.0,automatic,front_wheel_drive,4.0,,large,sedan,26,19,5657,26290
subaru,b9_tribeca,2006,premium_unleaded_(required),250.0,6.0,automatic,all_wheel_drive,4.0,crossover,midsize,4dr_suv,21,16,640,35895
subaru,legacy,2017,regular_unleaded,175.0,4.0,automatic,all_wheel_drive,4.0,,midsize,sedan,34,25,640,25995
cadillac,catera,1999,regular_unleaded,200.0,6.0,automatic,rear_wheel_drive,4.0,luxury,midsize,sedan,23,16,1624,2066
ferrari,360,2004,premium_unleaded_(required),400.0,8.0,manual,rear_wheel_drive,2.0,"exotic,high-performance",compact,convertible,15,10,2774,169900
volkswagen,rabbit,2009,regular_unleaded,170.0,5.0,manual,front_wheel_drive,2.0,hatchback,compact,2dr_hatchback,30,21,873,16300
bentley,mulsanne,2015,premium_unleaded_(required),505.0,8.0,automatic,rear_wheel_drive,4.0,"exotic,luxury,high-performance",large,sedan,18,11,520,303700
gmc,safari,2005,regular_unleaded,190.0,6.0,automatic,rear_wheel_drive,3.0,,large,passenger_minivan,20,14,549,24430
chrysler,200,2015,flex-fuel_(unleaded/e85),184.0,4.0,automatic,front_wheel_drive,4.0,"flex_fuel,performance",midsize,sedan,36,23,1013,26625
ferrari,458_italia,2015,premium_unleaded_(required),562.0,8.0,automated_manual,rear_wheel_drive,2.0,"exotic,high-performance",compact,convertible,17,13,2774,263553
toyota,rav4,2015,regular_unleaded,176.0,4.0,automatic,all_wheel_drive,4.0,crossover,midsize,4dr_suv,29,22,2031,26640
buick,encore,2016,regular_unleaded,138.0,4.0,automatic,front_wheel_drive,4.0,crossover,compact,4dr_suv,33,25,155,28300
lincoln,mark_viii,1998,regular_unleaded,280.0,8.0,automatic,rear_wheel_drive,2.0,luxury,large,coupe,24,15,61,2411
nissan,murano,2016,regular_unleaded,260.0,6.0,automatic,front_wheel_drive,4.0,crossover,midsize,4dr_suv,28,21,2009,29740
volkswagen,gti,2012,premium_unleaded_(recommended),200.0,4.0,manual,front_wheel_drive,2.0,"hatchback,performance",compact,2dr_hatchback,31,21,873,27845
volvo,xc60,2015,regular_unleaded,250.0,5.0,automatic,all_wheel_drive,4.0,"crossover,luxury",midsize,4dr_suv,25,18,870,45400
toyota,prius_c,2016,regular_unleaded,99.0,4.0,automatic,front_wheel_drive,4.0,"hatchback,hybrid",compact,4dr_hatchback,46,53,2031,24495
chevrolet,cruze,2016,regular_unleaded,153.0,4.0,manual,front_wheel_drive,4.0,,midsize,sedan,41,29,1385,16620
honda,cr-v,2014,regular_unleaded,185.0,4.0,automatic,front_wheel_drive,4.0,crossover,compact,4dr_suv,31,23,2202,29370
mazda,3,2015,regular_unleaded,155.0,4.0,manual,front_wheel_drive,4.0,,compact,sedan,41,29,586,16945
oldsmobile,intrigue,2000,regular_unleaded,215.0,6.0,automatic,front_wheel_drive,4.0,,midsize,sedan,26,17,26,2290
bmw,4_series,2015,premium_unleaded_(required),240.0,4.0,automatic,rear_wheel_drive,2.0,luxury,midsize,convertible,34,23,3916,48750
porsche,cayenne,2017,premium_unleaded_(required),570.0,8.0,automatic,all_wheel_drive,4.0,"crossover,luxury,high-performance",midsize,4dr_suv,21,14,1715,159600
ford,transit_connect,2016,regular_unleaded,169.0,4.0,automatic,front_wheel_drive,4.0,,compact,cargo_minivan,29,21,5657,24200
audi,200,1991,regular_unleaded,217.0,5.0,manual,all_wheel_drive,4.0,"luxury,performance",midsize,sedan,22,16,3105,2000
toyota,camry,2017,regular_unleaded,178.0,4.0,automatic,front_wheel_drive,4.0,,midsize,sedan,33,24,2031,23840
hyundai,accent,2014,regular_unleaded,138.0,4.0,automatic,front_wheel_drive,4.0,hatchback,compact,4dr_hatchback,37,27,1439,17395
ford,five_hundred,2006,regular_unleaded,203.0,6.0,automatic,all_wheel_drive,4.0,,large,sedan,23,17,5657,26080
mazda,rx-7,1994,regular_unleaded,255.0,,manual,rear_wheel_drive,2.0,"factory_tuner,performance",compact,coupe,23,15,586,8147
kia,sportage,2015,regular_unleaded,182.0,4.0,automatic,all_wheel_drive,4.0,crossover,compact,4dr_suv,26,19,1720,26800
chevrolet,tracker,2003,regular_unleaded,127.0,4.0,manual,rear_wheel_drive,4.0,,compact,4dr_suv,24,20,1385,17330
chevrolet,avalanche,2012,flex-fuel_(unleaded/e85),320.0,8.0,automatic,four_wheel_drive,4.0,"crossover,flex_fuel",large,crew_cab_pickup,21,15,1385,39850
fiat,500,2017,premium_unleaded_(recommended),101.0,4.0,automatic,front_wheel_drive,2.0,,compact,convertible,33,27,819,20885
audi,a3,2017,premium_unleaded_(recommended),186.0,4.0,automated_manual,front_wheel_drive,2.0,luxury,compact,convertible,34,25,3105,40850
honda,passport,2000,regular_unleaded,205.0,6.0,automatic,rear_wheel_drive,4.0,,midsize,4dr_suv,19,15,2202,2715
nissan,370z,2017,premium_unleaded_(required),332.0,6.0,automatic,rear_wheel_drive,2.0,high-performance,compact,coupe,26,19,2009,31290
volkswagen,jetta_sportwagen,2013,diesel,140.0,4.0,manual,front_wheel_drive,4.0,diesel,compact,wagon,42,30,873,27595
land_rover,range_rover,2014,flex-fuel_(premium_unleaded_required/e85),510.0,8.0,automatic,four_wheel_drive,4.0,"flex_fuel,luxury,high-performance",large,4dr_suv,19,13,258,105300
honda,cr-v,2016,regular_unleaded,185.0,4.0,automatic,front_wheel_drive,4.0,crossover,compact,4dr_suv,33,26,2202,28445
mazda,3,2015,regular_unleaded,155.0,4.0,manual,front_wheel_drive,4.0,,compact,sedan,41,29,586,19595
honda,accord,2015,regular_unleaded,185.0,4.0,manual,front_wheel_drive,4.0,,midsize,sedan,34,24,2202,25030
toyota,corolla,2016,regular_unleaded,132.0,4.0,automatic,front_wheel_drive,4.0,,compact,sedan,37,29,2031,19365
kia,soul_ev,2015,electric,,0.0,direct_drive,front_wheel_drive,4.0,,compact,wagon,92,120,1720,35700
volkswagen,tiguan,2015,premium_unleaded_(recommended),200.0,4.0,automatic,front_wheel_drive,4.0,crossover,compact,4dr_suv,26,21,873,31260
volkswagen,gti,2013,premium_unleaded_(recommended),200.0,4.0,manual,front_wheel_drive,2.0,"hatchback,performance",compact,2dr_hatchback,31,21,873,24200
dodge,ram_pickup_1500,2009,flex-fuel_(unleaded/e85),310.0,8.0,automatic,rear_wheel_drive,4.0,flex_fuel,large,crew_cab_pickup,19,14,1851,29725
nissan,gt-r,2015,premium_unleaded_(recommended),545.0,6.0,automated_manual,all_wheel_drive,2.0,high-performance,midsize,coupe,23,16,2009,101770
infiniti,q50,2017,premium_unleaded_(required),208.0,4.0,automatic,rear_wheel_drive,4.0,luxury,midsize,sedan,31,23,190,33950
bmw,x1,2015,premium_unleaded_(required),240.0,4.0,automatic,rear_wheel_drive,4.0,"crossover,luxury,performance",midsize,4dr_suv,34,23,3916,31200
volkswagen,jetta_gli,2013,premium_unleaded_(recommended),210.0,4.0,manual,front_wheel_drive,4.0,performance,midsize,sedan,33,22,873,28425
ford,tempo,1992,regular_unleaded,96.0,4.0,manual,front_wheel_drive,4.0,,compact,sedan,30,21,5657,2000
mercedes-benz,clk-class,2007,premium_unleaded_(required),268.0,6.0,automatic,rear_wheel_drive,2.0,"luxury,performance",compact,coupe,25,17,617,46200
dodge,charger,2015,premium_unleaded_(recommended),707.0,8.0,automatic,rear_wheel_drive,4.0,"factory_tuner,high-performance",large,sedan,22,13,1851,62295
land_rover,lr4,2014,premium_unleaded_(required),340.0,6.0,automatic,four_wheel_drive,4.0,luxury,midsize,4dr_suv,19,14,258,59900
porsche,cayman,2015,premium_unleaded_(required),275.0,6.0,manual,rear_wheel_drive,2.0,"luxury,high-performance",compact,coupe,30,20,1715,52600
ford,transit_wagon,2016,flex-fuel_(unleaded/e85),275.0,6.0,automatic,rear_wheel_drive,3.0,flex_fuel,large,passenger_van,19,14,5657,34635
pontiac,g8,2008,regular_unleaded,256.0,6.0,automatic,rear_wheel_drive,4.0,performance,large,sedan,25,17,210,26910
suzuki,xl7,2008,regular_unleaded,252.0,6.0,automatic,front_wheel_drive,4.0,crossover,midsize,4dr_suv,22,16,481,26599
mazda,5,2013,regular_unleaded,157.0,4.0,automatic,front_wheel_drive,4.0,,compact,passenger_minivan,28,22,586,22070
dodge,stratus,2004,regular_unleaded,200.0,6.0,automatic,front_wheel_drive,4.0,,midsize,sedan,26,19,1851,19690
dodge,dakota,2010,regular_unleaded,210.0,6.0,automatic,four_wheel_drive,4.0,flex_fuel,compact,crew_cab_pickup,18,14,1851,29275
bmw,7_series,2015,diesel,255.0,6.0,automatic,all_wheel_drive,4.0,"diesel,luxury",large,sedan,31,23,3916,82500
nissan,350z,2008,regular_unleaded,306.0,6.0,automatic,rear_wheel_drive,2.0,high-performance,compact,convertible,23,17,2009,37280
ford,explorer_sport,2002,regular_unleaded,203.0,6.0,manual,rear_wheel_drive,2.0,,midsize,2dr_suv,20,16,5657,21220
honda,cr-z,2014,regular_unleaded,130.0,4.0,manual,front_wheel_drive,2.0,"hatchback,hybrid",compact,2dr_hatchback,38,31,2202,21840
ford,f-250,1997,regular_unleaded,220.0,8.0,manual,four_wheel_drive,3.0,,large,extended_cab_pickup,17,12,5657,3059
chevrolet,beretta,1995,regular_unleaded,120.0,4.0,manual,front_wheel_drive,2.0,,midsize,coupe,33,21,1385,2000
audi,cabriolet,1997,regular_unleaded,172.0,6.0,automatic,front_wheel_drive,2.0,luxury,compact,convertible,22,17,3105,2837
volkswagen,beetle_convertible,2014,premium_unleaded_(recommended),210.0,4.0,automated_manual,front_wheel_drive,2.0,performance,compact,convertible,29,23,873,34895
subaru,impreza,2017,regular_unleaded,152.0,4.0,automatic,all_wheel_drive,4.0,hatchback,compact,4dr_hatchback,35,27,640,23295
aston_martin,v8_vantage,2014,premium_unleaded_(required),430.0,8.0,automated_manual,rear_wheel_drive,2.0,"exotic,high-performance",compact,coupe,21,14,259,136400
gmc,sierra_1500,2016,flex-fuel_(unleaded/e85),285.0,6.0,automatic,rear_wheel_drive,4.0,flex_fuel,large,crew_cab_pickup,24,18,549,36230
nissan,nv200,2017,regular_unleaded,131.0,4.0,automatic,front_wheel_drive,4.0,,compact,cargo_minivan,26,24,2009,21330
ford,flex,2015,regular_unleaded,287.0,6.0,automatic,front_wheel_drive,4.0,crossover,large,wagon,25,18,5657,37700
volkswagen,cabriolet,1993,regular_unleaded,94.0,4.0,manual,front_wheel_drive,2.0,,compact,convertible,27,21,873,2000
mitsubishi,raider,2007,regular_unleaded,210.0,6.0,automatic,rear_wheel_drive,4.0,,compact,extended_cab_pickup,20,15,436,23020
cadillac,ats-v,2017,premium_unleaded_(recommended),464.0,6.0,manual,rear_wheel_drive,4.0,"factory_tuner,luxury,high-performance",compact,sedan,23,16,1624,60695
hyundai,genesis_coupe,2016,premium_unleaded_(recommended),348.0,6.0,automatic,rear_wheel_drive,2.0,high-performance,midsize,coupe,25,16,1439,28150
hyundai,genesis_coupe,2014,premium_unleaded_(recommended),348.0,6.0,automatic,rear_wheel_drive,2.0,high-performance,midsize,coupe,25,16,1439,32150
oldsmobile,cutlass_ciera,1993,regular_unleaded,160.0,4.0,automatic,front_wheel_drive,4.0,,midsize,sedan,28,21,26,2000
nissan,frontier,2017,regular_unleaded,152.0,4.0,manual,rear_wheel_drive,4.0,,compact,extended_cab_pickup,23,19,2009,22860
chrysler,300,2016,regular_unleaded,292.0,6.0,automatic,rear_wheel_drive,4.0,,large,sedan,31,19,1013,32260
mazda,3,2016,regular_unleaded,184.0,4.0,manual,front_wheel_drive,4.0,"hatchback,performance",compact,4dr_hatchback,35,26,586,25445
cadillac,srx,2015,regular_unleaded,308.0,6.0,automatic,all_wheel_drive,4.0,"crossover,luxury",midsize,4dr_suv,23,16,1624,46135
gmc,savana_cargo,2015,flex-fuel_(unleaded/e85),285.0,8.0,automatic,rear_wheel_drive,3.0,flex_fuel,large,cargo_van,17,11,549,31415
volvo,xc60,2015,regular_unleaded,325.0,6.0,automatic,all_wheel_drive,4.0,"crossover,luxury,performance",midsize,4dr_suv,24,17,870,45800
mazda,b-series_pickup,1998,regular_unleaded,160.0,6.0,manual,rear_wheel_drive,2.0,,compact,extended_cab_pickup,20,15,586,2915
mazda,truck,2003,regular_unleaded,207.0,6.0,manual,four_wheel_drive,2.0,,compact,extended_cab_pickup,17,14,586,21410
suzuki,x-90,1996,regular_unleaded,95.0,4.0,manual,rear_wheel_drive,2.0,,compact,2dr_suv,26,22,481,2000
chevrolet,aveo,2011,regular_unleaded,108.0,4.0,manual,front_wheel_drive,4.0,,compact,sedan,35,27,1385,15365
scion,im,2016,regular_unleaded,137.0,4.0,automatic,front_wheel_drive,4.0,hatchback,compact,4dr_hatchback,37,28,105,19200
lamborghini,gallardo,2013,premium_unleaded_(required),570.0,10.0,automated_manual,all_wheel_drive,2.0,"exotic,factory_tuner,high-performance",compact,convertible,20,13,1158,248000
bmw,8_series,1996,regular_unleaded,322.0,12.0,automatic,rear_wheel_drive,2.0,"luxury,performance",midsize,coupe,19,12,3916,6954
mazda,tribute_hybrid,2008,regular_unleaded,133.0,4.0,automatic,all_wheel_drive,4.0,"crossover,hybrid",compact,4dr_suv,27,29,586,29745
volkswagen,passat,2017,regular_unleaded,170.0,4.0,automatic,front_wheel_drive,4.0,,midsize,sedan,34,23,873,25495
audi,rs_4,2008,premium_unleaded_(required),420.0,8.0,manual,all_wheel_drive,4.0,"factory_tuner,luxury,high-performance",compact,sedan,20,13,3105,66910
infiniti,g_coupe,2011,premium_unleaded_(recommended),348.0,6.0,automatic,rear_wheel_drive,2.0,"factory_tuner,luxury,high-performance",midsize,coupe,27,19,190,50800
kia,sedona,2016,regular_unleaded,276.0,6.0,automatic,front_wheel_drive,4.0,,midsize,passenger_minivan,24,18,1720,28500
infiniti,g37,2009,premium_unleaded_(required),330.0,6.0,manual,rear_wheel_drive,2.0,"luxury,high-performance",midsize,coupe,25,17,190,37000
toyota,tacoma,2015,regular_unleaded,236.0,6.0,automatic,four_wheel_drive,4.0,,compact,extended_cab_pickup,21,16,2031,27235
gmc,savana,2016,flex-fuel_(unleaded/e85),285.0,8.0,automatic,rear_wheel_drive,3.0,flex_fuel,midsize,passenger_van,16,11,549,36715
buick,lucerne,2009,flex-fuel_(unleaded/e85),227.0,6.0,automatic,front_wheel_drive,4.0,flex_fuel,large,sedan,26,17,155,33120
mazda,cx-5,2014,regular_unleaded,184.0,4.0,automatic,front_wheel_drive,4.0,crossover,midsize,4dr_suv,32,25,586,27820
cadillac,cts_wagon,2012,regular_unleaded,270.0,6.0,automatic,all_wheel_drive,4.0,luxury,midsize,wagon,26,18,1624,40915
oldsmobile,silhouette,2002,regular_unleaded,185.0,6.0,automatic,front_wheel_drive,4.0,,midsize,passenger_minivan,24,17,26,26995
nissan,370z,2017,premium_unleaded_(required),332.0,6.0,manual,rear_wheel_drive,2.0,high-performance,compact,coupe,26,18,2009,33570
volkswagen,passat,2015,regular_unleaded,170.0,4.0,automatic,front_wheel_drive,4.0,,midsize,sedan,36,24,873,28105
subaru,outback,2015,regular_unleaded,175.0,4.0,automatic,all_wheel_drive,4.0,crossover,midsize,4dr_suv,33,25,640,25195
subaru,impreza_wrx,2014,premium_unleaded_(required),265.0,4.0,manual,all_wheel_drive,4.0,"hatchback,performance",compact,4dr_hatchback,25,19,640,29495
ford,f-150,2016,flex-fuel_(unleaded/e85),282.0,6.0,automatic,four_wheel_drive,4.0,flex_fuel,large,crew_cab_pickup,23,17,5657,40635
kia,rio,2017,regular_unleaded,138.0,4.0,automatic,front_wheel_drive,4.0,hatchback,compact,4dr_hatchback,36,27,1720,15495
mazda,323,1993,regular_unleaded,82.0,4.0,manual,front_wheel_drive,2.0,hatchback,compact,2dr_hatchback,32,24,586,2000
chevrolet,trax,2015,regular_unleaded,138.0,4.0,automatic,all_wheel_drive,4.0,crossover,compact,4dr_suv,31,24,1385,26530
volvo,xc60,2016,regular_unleaded,302.0,4.0,automatic,all_wheel_drive,4.0,"crossover,luxury,performance",midsize,4dr_suv,28,20,870,47750
acura,rlx,2015,premium_unleaded_(recommended),310.0,6.0,automatic,front_wheel_drive,4.0,"luxury,performance",midsize,sedan,31,20,204,60450
toyota,tacoma,2016,regular_unleaded,278.0,6.0,automatic,rear_wheel_drive,4.0,,compact,crew_cab_pickup,24,19,2031,31125
infiniti,q50,2017,premium_unleaded_(required),208.0,4.0,automatic,rear_wheel_drive,4.0,luxury,midsize,sedan,31,23,190,38400
chevrolet,cruze,2017,regular_unleaded,153.0,4.0,manual,front_wheel_drive,4.0,hatchback,compact,4dr_hatchback,37,28,1385,21240
chevrolet,equinox,2015,regular_unleaded,182.0,4.0,automatic,all_wheel_drive,4.0,"crossover,flex_fuel",compact,4dr_suv,29,20,1385,26270
mazda,b-series_pickup,1999,regular_unleaded,160.0,6.0,manual,four_wheel_drive,4.0,,compact,extended_cab_pickup,19,15,586,3538
scion,xb,2015,regular_unleaded,158.0,4.0,automatic,front_wheel_drive,4.0,,compact,wagon,28,22,105,19685
hyundai,genesis_coupe,2015,premium_unleaded_(recommended),348.0,6.0,manual,rear_wheel_drive,2.0,high-performance,midsize,coupe,24,16,1439,29500
pontiac,vibe,2010,regular_unleaded,158.0,4.0,manual,front_wheel_drive,4.0,hatchback,compact,4dr_hatchback,28,21,210,20875
honda,civic_del_sol,1997,regular_unleaded,106.0,4.0,manual,front_wheel_drive,2.0,,compact,coupe,35,28,2202,2142
ford,contour,2000,regular_unleaded,170.0,6.0,manual,front_wheel_drive,4.0,,midsize,sedan,27,18,5657,2000
subaru,loyale,1992,regular_unleaded,90.0,4.0,manual,four_wheel_drive,4.0,,compact,wagon,26,21,640,2000
ford,transit_connect,2017,flex-fuel_(unleaded/e85),169.0,4.0,automatic,front_wheel_drive,4.0,,compact,cargo_minivan,27,20,5657,24425
mercedes-benz,cls-class,2016,premium_unleaded_(required),402.0,8.0,automatic,rear_wheel_drive,4.0,"luxury,high-performance",midsize,sedan,26,17,617,74100
chrysler,200,2016,flex-fuel_(unleaded/e85),184.0,4.0,automatic,front_wheel_drive,4.0,flex_fuel,midsize,sedan,36,23,1013,21995
maserati,quattroporte,2017,premium_unleaded_(required),404.0,6.0,automatic,rear_wheel_drive,4.0,"exotic,luxury,high-performance",large,sedan,23,16,238,103400
suzuki,esteem,2001,regular_unleaded,122.0,4.0,manual,front_wheel_drive,4.0,,compact,wagon,32,24,481,13699
ford,transit_wagon,2016,flex-fuel_(unleaded/e85),275.0,6.0,automatic,rear_wheel_drive,3.0,"flex_fuel,diesel",midsize,passenger_van,19,14,5657,36825
toyota,tercel,1996,regular_unleaded,93.0,4.0,manual,front_wheel_drive,2.0,,compact,coupe,35,27,2031,2000
volkswagen,new_beetle,2008,regular_unleaded,150.0,5.0,automatic,front_wheel_drive,2.0,hatchback,compact,2dr_hatchback,29,20,873,20990
mazda,tribute,2010,flex-fuel_(unleaded/e85),240.0,6.0,automatic,all_wheel_drive,4.0,"crossover,flex_fuel",compact,4dr_suv,23,18,586,28915
mitsubishi,montero_sport,2002,regular_unleaded,165.0,6.0,automatic,four_wheel_drive,4.0,,midsize,4dr_suv,19,15,436,27777
nissan,juke,2017,premium_unleaded_(recommended),188.0,4.0,automatic,front_wheel_drive,4.0,"crossover,hatchback",compact,4dr_hatchback,32,28,2009,22550
honda,accord,2017,regular_unleaded,278.0,6.0,automatic,front_wheel_drive,2.0,performance,midsize,coupe,32,21,2202,33175
nissan,frontier,2016,regular_unleaded,261.0,6.0,automatic,four_wheel_drive,4.0,,compact,crew_cab_pickup,21,15,2009,34360
chevrolet,silverado_1500,2015,regular_unleaded,355.0,8.0,automatic,four_wheel_drive,4.0,,large,crew_cab_pickup,22,16,1385,51150
nissan,370z,2016,premium_unleaded_(required),332.0,6.0,automatic,rear_wheel_drive,2.0,high-performance,compact,convertible,25,18,2009,41820
dodge,dakota,2008,regular_unleaded,210.0,6.0,manual,rear_wheel_drive,4.0,,compact,crew_cab_pickup,20,16,1851,22505
buick,enclave,2017,regular_unleaded,288.0,6.0,automatic,front_wheel_drive,4.0,crossover,midsize,4dr_suv,22,15,155,39065
infiniti,qx80,2016,premium_unleaded_(recommended),400.0,8.0,automatic,four_wheel_drive,4.0,luxury,large,4dr_suv,19,13,190,66350
suzuki,sx4,2011,regular_unleaded,150.0,4.0,manual,front_wheel_drive,4.0,"crossover,hatchback",compact,4dr_hatchback,30,22,481,17099
nissan,versa,2015,regular_unleaded,109.0,4.0,automatic,front_wheel_drive,4.0,,compact,sedan,40,31,2009,16890
fiat,500l,2015,premium_unleaded_(recommended),160.0,4.0,manual,front_wheel_drive,4.0,,compact,wagon,33,25,819,23095
audi,tts,2016,premium_unleaded_(required),292.0,4.0,automated_manual,all_wheel_drive,2.0,"factory_tuner,luxury,performance",compact,coupe,27,23,3105,51900
toyota,prius,2017,regular_unleaded,121.0,4.0,automatic,front_wheel_drive,4.0,"hatchback,hybrid",compact,4dr_hatchback,50,54,2031,26735
buick,park_avenue,2005,regular_unleaded,205.0,6.0,automatic,front_wheel_drive,4.0,,large,sedan,27,18,155,35555
mazda,5,2013,regular_unleaded,157.0,4.0,automatic,front_wheel_drive,4.0,,compact,passenger_minivan,28,22,586,24470
nissan,titan,2014,regular_unleaded,317.0,8.0,automatic,rear_wheel_drive,4.0,flex_fuel,large,crew_cab_pickup,18,13,2009,34440
ford,f-250,1999,regular_unleaded,220.0,8.0,manual,rear_wheel_drive,2.0,,large,regular_cab_pickup,17,13,5657,2923
ferrari,612_scaglietti,2009,premium_unleaded_(required),532.0,12.0,automated_manual,rear_wheel_drive,2.0,"exotic,high-performance",large,coupe,16,9,2774,313088
dodge,ramcharger,1992,regular_unleaded,230.0,8.0,manual,four_wheel_drive,2.0,,midsize,2dr_suv,14,11,1851,2000
subaru,legacy,2016,regular_unleaded,256.0,6.0,automatic,all_wheel_drive,4.0,performance,midsize,sedan,29,20,640,29945
nissan,titan,2017,regular_unleaded,390.0,8.0,automatic,four_wheel_drive,4.0,,large,crew_cab_pickup,21,15,2009,55400
chevrolet,traverse,2016,regular_unleaded,281.0,6.0,automatic,front_wheel_drive,4.0,crossover,midsize,4dr_suv,22,15,1385,34005
mitsubishi,montero_sport,2004,regular_unleaded,197.0,6.0,automatic,rear_wheel_drive,4.0,,midsize,4dr_suv,19,15,436,23999
bmw,8_series,1997,regular_unleaded,322.0,12.0,automatic,rear_wheel_drive,2.0,"luxury,performance",midsize,coupe,19,12,3916,7624
land_rover,range_rover,2014,flex-fuel_(premium_unleaded_required/e85),340.0,6.0,automatic,four_wheel_drive,4.0,"flex_fuel,luxury",large,4dr_suv,23,17,258,83300
ferrari,612_scaglietti,2010,premium_unleaded_(required),532.0,12.0,automated_manual,rear_wheel_drive,2.0,"exotic,high-performance",large,coupe,16,9,2774,313088
maybach,62,2010,premium_unleaded_(required),604.0,12.0,automatic,rear_wheel_drive,4.0,"exotic,luxury,high-performance",large,sedan,16,10,67,456500
ford,f-250,1997,regular_unleaded,220.0,8.0,manual,four_wheel_drive,3.0,,large,extended_cab_pickup,17,12,5657,3215
toyota,pickup,1994,regular_unleaded,116.0,4.0,manual,rear_wheel_drive,2.0,,compact,extended_cab_pickup,25,19,2031,2000
acura,slx,1997,regular_unleaded,190.0,6.0,automatic,four_wheel_drive,4.0,luxury,midsize,4dr_suv,17,13,204,2488
volkswagen,beetle,2016,premium_unleaded_(recommended),210.0,4.0,manual,front_wheel_drive,2.0,"hatchback,performance",compact,2dr_hatchback,31,23,873,25995
chevrolet,venture,2005,regular_unleaded,185.0,6.0,automatic,front_wheel_drive,4.0,,midsize,passenger_minivan,24,17,1385,23365
volvo,v40,2002,premium_unleaded_(required),160.0,4.0,automatic,front_wheel_drive,4.0,luxury,compact,wagon,27,19,870,24900
mercedes-benz,e-class,2017,premium_unleaded_(required),241.0,4.0,automatic,all_wheel_drive,4.0,luxury,midsize,sedan,29,22,617,54650
audi,a3,2015,diesel,150.0,4.0,automated_manual,front_wheel_drive,4.0,"diesel,luxury",compact,sedan,43,31,3105,41050
dodge,caravan,2006,regular_unleaded,180.0,6.0,automatic,front_wheel_drive,4.0,flex_fuel,large,cargo_minivan,24,17,1851,20130
aston_martin,v8_vantage,2015,premium_unleaded_(required),430.0,8.0,automated_manual,rear_wheel_drive,2.0,"exotic,high-performance",compact,coupe,21,14,259,123695
nissan,pathfinder,2016,regular_unleaded,260.0,6.0,automatic,four_wheel_drive,4.0,crossover,large,4dr_suv,26,19,2009,34840
land_rover,range_rover,2015,flex-fuel_(premium_unleaded_required/e85),510.0,8.0,automatic,four_wheel_drive,4.0,"flex_fuel,luxury,high-performance",large,4dr_suv,19,13,258,186495
volvo,xc90,2017,premium_unleaded_(recommended),250.0,4.0,automatic,front_wheel_drive,4.0,"crossover,luxury",large,4dr_suv,26,22,870,51150
volkswagen,cc,2015,premium_unleaded_(recommended),200.0,4.0,automated_manual,front_wheel_drive,4.0,performance,midsize,sedan,31,22,873,35375
lexus,rx_350,2017,regular_unleaded,295.0,6.0,automatic,front_wheel_drive,4.0,"crossover,luxury",midsize,4dr_suv,27,20,454,43020
dodge,grand_caravan,2015,flex-fuel_(unleaded/e85),283.0,6.0,automatic,front_wheel_drive,4.0,flex_fuel,midsize,passenger_minivan,25,17,1851,28395
chevrolet,cobalt,2010,premium_unleaded_(recommended),260.0,4.0,manual,front_wheel_drive,2.0,"factory_tuner,high-performance",compact,coupe,30,22,1385,24535
nissan,altima,2017,regular_unleaded,179.0,4.0,automatic,front_wheel_drive,4.0,,midsize,sedan,39,27,2009,25460
ford,explorer_sport,2002,regular_unleaded,203.0,6.0,automatic,rear_wheel_drive,2.0,,midsize,2dr_suv,20,15,5657,23055
ford,windstar,2002,regular_unleaded,200.0,6.0,automatic,front_wheel_drive,4.0,,midsize,passenger_minivan,21,16,5657,22340
mitsubishi,outlander,2017,regular_unleaded,166.0,4.0,automatic,front_wheel_drive,4.0,crossover,midsize,4dr_suv,30,25,436,24495
chevrolet,tracker,2003,regular_unleaded,127.0,4.0,manual,rear_wheel_drive,2.0,,compact,convertible_suv,24,20,1385,16630
chevrolet,tracker,2002,regular_unleaded,127.0,4.0,manual,four_wheel_drive,4.0,,compact,4dr_suv,23,20,1385,17890
bmw,5_series,2015,premium_unleaded_(required),443.0,8.0,automatic,rear_wheel_drive,4.0,"luxury,high-performance",large,sedan,25,17,3916,64900
oldsmobile,achieva,1997,regular_unleaded,150.0,4.0,unknown,front_wheel_drive,4.0,,midsize,sedan,29,19,26,2000
toyota,4runner,2016,regular_unleaded,270.0,6.0,automatic,four_wheel_drive,4.0,,midsize,4dr_suv,21,17,2031,36915
volkswagen,passat,2015,regular_unleaded,170.0,4.0,automatic,front_wheel_drive,4.0,,midsize,sedan,36,24,873,26280
dodge,ram_cargo,2002,regular_unleaded,225.0,8.0,automatic,rear_wheel_drive,3.0,,large,cargo_van,14,12,1851,22885
infiniti,g_convertible,2011,premium_unleaded_(required),325.0,6.0,automatic,rear_wheel_drive,2.0,"luxury,performance",midsize,convertible,25,17,190,58000
dodge,neon,2003,premium_unleaded_(required),150.0,4.0,manual,front_wheel_drive,4.0,,compact,sedan,32,25,1851,17085
ford,e-150,1997,regular_unleaded,200.0,6.0,automatic,rear_wheel_drive,3.0,,midsize,passenger_van,17,12,5657,2123
toyota,camry_solara,2008,regular_unleaded,155.0,4.0,automatic,front_wheel_drive,2.0,,midsize,coupe,31,22,2031,24155
saab,9-3,2010,premium_unleaded_(recommended),207.0,4.0,manual,front_wheel_drive,4.0,luxury,midsize,sedan,31,21,376,28900
chevrolet,malibu,2015,regular_unleaded,196.0,4.0,automatic,front_wheel_drive,4.0,,midsize,sedan,36,25,1385,25470
gmc,s-15_jimmy,1991,regular_unleaded,150.0,6.0,manual,four_wheel_drive,2.0,,compact,2dr_suv,18,14,549,2000
ford,aspire,1997,regular_unleaded,63.0,4.0,manual,front_wheel_drive,4.0,hatchback,compact,4dr_hatchback,38,29,5657,2000
honda,civic,2015,regular_unleaded,143.0,4.0,automatic,front_wheel_drive,4.0,,compact,sedan,39,30,2202,19290
bmw,3_series,2015,premium_unleaded_(required),180.0,4.0,automatic,rear_wheel_drive,4.0,luxury,midsize,sedan,36,24,3916,32950
dodge,stealth,1995,regular_unleaded,222.0,6.0,manual,front_wheel_drive,2.0,performance,compact,coupe,23,17,1851,2575
honda,ridgeline,2014,regular_unleaded,250.0,6.0,automatic,four_wheel_drive,4.0,,large,crew_cab_pickup,21,15,2202,37505
dodge,nitro,2011,regular_unleaded,210.0,6.0,automatic,rear_wheel_drive,4.0,crossover,midsize,4dr_suv,22,16,1851,22245
infiniti,q50,2016,premium_unleaded_(required),300.0,6.0,automatic,rear_wheel_drive,4.0,"luxury,performance",midsize,sedan,29,19,190,39900
mercedes-benz,sl-class,2016,premium_unleaded_(required),621.0,12.0,automatic,rear_wheel_drive,2.0,"factory_tuner,luxury,high-performance",compact,convertible,21,14,617,217550
chevrolet,sonic,2015,regular_unleaded,138.0,4.0,automatic,front_wheel_drive,4.0,hatchback,compact,4dr_hatchback,33,25,1385,21945
audi,a3,2015,premium_unleaded_(recommended),170.0,4.0,automated_manual,front_wheel_drive,2.0,luxury,compact,convertible,35,24,3105,38150
dodge,durango,2016,regular_unleaded,295.0,6.0,automatic,all_wheel_drive,4.0,crossover,large,4dr_suv,25,18,1851,43895
hyundai,elantra_touring,2011,regular_unleaded,138.0,4.0,manual,front_wheel_drive,4.0,hatchback,compact,4dr_hatchback,31,23,1439,15995
lamborghini,murcielago,2008,premium_unleaded_(required),632.0,12.0,manual,all_wheel_drive,2.0,"exotic,high-performance",compact,coupe,13,8,1158,336400
chevrolet,cruze_limited,2016,regular_unleaded,138.0,4.0,automatic,front_wheel_drive,4.0,,midsize,sedan,38,26,1385,24370
mercedes-benz,slk-class,2016,premium_unleaded_(required),241.0,4.0,automatic,rear_wheel_drive,2.0,luxury,compact,convertible,32,25,617,47000
toyota,mr2,1995,regular_unleaded,200.0,4.0,manual,rear_wheel_drive,2.0,performance,compact,coupe,25,18,2031,2462
volkswagen,jetta,2017,regular_unleaded,150.0,4.0,manual,front_wheel_drive,4.0,,midsize,sedan,40,28,873,17895
suzuki,xl-7,2006,regular_unleaded,185.0,6.0,automatic,four_wheel_drive,4.0,,midsize,4dr_suv,20,15,481,23199
chrysler,concorde,2004,regular_unleaded,234.0,6.0,automatic,front_wheel_drive,4.0,,large,sedan,25,17,1013,26210
bmw,2_series,2017,premium_unleaded_(recommended),335.0,6.0,automatic,rear_wheel_drive,2.0,"factory_tuner,luxury,high-performance",compact,convertible,32,21,3916,49050
honda,crosstour,2013,regular_unleaded,192.0,4.0,automatic,front_wheel_drive,4.0,"crossover,hatchback",midsize,4dr_hatchback,31,22,2202,27230
toyota,corolla,2015,regular_unleaded,132.0,4.0,automatic,front_wheel_drive,4.0,,compact,sedan,36,27,2031,17550
ford,festiva,1993,regular_unleaded,63.0,4.0,manual,front_wheel_drive,2.0,hatchback,compact,2dr_hatchback,38,30,5657,2000
lexus,rx_350,2016,regular_unleaded,295.0,6.0,automatic,front_wheel_drive,4.0,"crossover,luxury",midsize,4dr_suv,28,20,454,41900
toyota,celica,2004,premium_unleaded_(required),180.0,4.0,manual,front_wheel_drive,2.0,"hatchback,performance",compact,2dr_hatchback,30,21,2031,22235
volvo,v60,2016,regular_unleaded,250.0,5.0,automatic,all_wheel_drive,4.0,luxury,midsize,wagon,29,20,870,43520
alfa_romeo,4c,2016,premium_unleaded_(required),237.0,4.0,automated_manual,rear_wheel_drive,2.0,"luxury,high-performance",compact,coupe,34,24,113,55900
oldsmobile,cutlass_calais,1990,regular_unleaded,110.0,4.0,manual,front_wheel_drive,2.0,,compact,coupe,30,19,26,2000
ford,escort,2003,regular_unleaded,130.0,4.0,manual,front_wheel_drive,2.0,,compact,coupe,30,23,5657,14355
suzuki,esteem,2002,regular_unleaded,122.0,4.0,manual,front_wheel_drive,4.0,,compact,sedan,32,24,481,13299
acura,tl,2013,premium_unleaded_(recommended),280.0,6.0,automatic,front_wheel_drive,4.0,luxury,midsize,sedan,29,20,204,35905
ford,f-150,2017,flex-fuel_(unleaded/e85),282.0,6.0,automatic,rear_wheel_drive,2.0,flex_fuel,large,regular_cab_pickup,25,18,5657,26840
mazda,mx-5_miata,2015,premium_unleaded_(recommended),167.0,4.0,manual,rear_wheel_drive,2.0,performance,compact,convertible,28,22,586,23970
gmc,acadia,2015,regular_unleaded,281.0,6.0,automatic,all_wheel_drive,4.0,crossover,midsize,4dr_suv,23,16,549,38555
buick,skylark,1998,regular_unleaded,150.0,4.0,automatic,front_wheel_drive,4.0,,midsize,sedan,30,19,155,2000
dodge,ram_van,1998,regular_unleaded,175.0,6.0,automatic,rear_wheel_drive,3.0,,compact,cargo_van,16,13,1851,2000
cadillac,escalade,2015,flex-fuel_(unleaded/e85),420.0,8.0,automatic,four_wheel_drive,4.0,"flex_fuel,luxury,performance",large,4dr_suv,21,15,1624,79570
mitsubishi,expo,1993,regular_unleaded,136.0,4.0,manual,four_wheel_drive,4.0,hatchback,compact,4dr_hatchback,22,17,436,2000
saab,9-3,2010,premium_unleaded_(recommended),207.0,4.0,automatic,front_wheel_drive,4.0,luxury,midsize,sedan,28,19,376,35340
chevrolet,impala,2016,flex-fuel_(unleaded/natural_gas),,6.0,automatic,front_wheel_drive,4.0,"flex_fuel,performance",large,sedan,25,17,1385,37570
chevrolet,corvette,2017,premium_unleaded_(required),650.0,8.0,manual,rear_wheel_drive,2.0,"factory_tuner,high-performance",compact,convertible,22,15,1385,83450
ford,bronco_ii,1990,regular_unleaded,140.0,6.0,manual,four_wheel_drive,2.0,,compact,2dr_suv,20,15,5657,2000
land_rover,lr3,2009,premium_unleaded_(required),300.0,8.0,automatic,four_wheel_drive,4.0,luxury,midsize,4dr_suv,17,12,258,45975
maserati,granturismo_convertible,2016,premium_unleaded_(required),454.0,8.0,automatic,rear_wheel_drive,2.0,"exotic,factory_tuner,luxury,high-performance",midsize,convertible,20,13,238,182009
volkswagen,cc,2016,premium_unleaded_(recommended),200.0,4.0,automated_manual,front_wheel_drive,4.0,performance,midsize,sedan,31,22,873,34475
chevrolet,c/k_1500_series,1997,regular_unleaded,200.0,6.0,manual,four_wheel_drive,2.0,,large,regular_cab_pickup,18,14,1385,2580
honda,civic,2015,regular_unleaded,143.0,4.0,automatic,front_wheel_drive,4.0,,compact,sedan,39,30,2202,22840
mercedes-benz,glc-class,2016,premium_unleaded_(required),241.0,4.0,automatic,all_wheel_drive,4.0,"crossover,luxury",midsize,4dr_suv,28,21,617,40950
infiniti,m56,2011,premium_unleaded_(required),420.0,8.0,automatic,rear_wheel_drive,4.0,"luxury,performance",large,sedan,25,16,190,58450
subaru,impreza_wrx,2013,premium_unleaded_(required),305.0,4.0,manual,all_wheel_drive,4.0,"hatchback,factory_tuner,high-performance",compact,4dr_hatchback,23,17,640,36295
mercedes-benz,600-class,1993,regular_unleaded,389.0,12.0,automatic,rear_wheel_drive,2.0,"luxury,performance",compact,convertible,16,12,617,4623
honda,pilot,2016,regular_unleaded,280.0,6.0,automatic,front_wheel_drive,4.0,crossover,midsize,4dr_suv,27,19,2202,37055
dodge,challenger,2016,premium_unleaded_(recommended),707.0,8.0,automatic,rear_wheel_drive,2.0,"factory_tuner,high-performance",large,coupe,21,13,1851,65945
aston_martin,v8_vantage,2015,premium_unleaded_(required),430.0,8.0,automated_manual,rear_wheel_drive,2.0,"exotic,high-performance",compact,convertible,21,14,259,138195
ford,festiva,1992,regular_unleaded,63.0,4.0,manual,front_wheel_drive,2.0,hatchback,compact,2dr_hatchback,37,30,5657,2000
ford,f-150_heritage,2004,regular_unleaded,202.0,6.0,manual,rear_wheel_drive,2.0,,large,regular_cab_pickup,19,15,5657,22615
subaru,impreza,2015,regular_unleaded,148.0,4.0,automatic,all_wheel_drive,4.0,,compact,sedan,37,28,640,19195
chevrolet,caprice,1994,regular_unleaded,260.0,8.0,automatic,rear_wheel_drive,4.0,,large,wagon,23,15,1385,2000
bmw,3_series_gran_turismo,2017,premium_unleaded_(required),320.0,6.0,automatic,all_wheel_drive,4.0,"hatchback,luxury,performance",midsize,4dr_hatchback,30,20,3916,49650
volkswagen,jetta_sportwagen,2012,regular_unleaded,170.0,5.0,automatic,front_wheel_drive,4.0,,compact,wagon,31,24,873,24210
land_rover,discovery_sport,2017,premium_unleaded_(recommended),240.0,4.0,automatic,all_wheel_drive,4.0,"crossover,luxury",midsize,4dr_suv,25,20,258,42195
volkswagen,jetta,2016,premium_unleaded_(recommended),210.0,4.0,automatic,front_wheel_drive,4.0,"factory_tuner,performance",midsize,sedan,33,24,873,30380
gmc,yukon,2016,flex-fuel_(unleaded/e85),355.0,8.0,automatic,rear_wheel_drive,4.0,"flex_fuel,performance",large,4dr_suv,23,16,549,57000
toyota,yaris_ia,2017,regular_unleaded,106.0,4.0,automatic,front_wheel_drive,4.0,,compact,sedan,40,32,2031,17050
mazda,3,2015,regular_unleaded,184.0,4.0,manual,front_wheel_drive,4.0,"hatchback,performance",compact,4dr_hatchback,35,26,586,24345
chrysler,new_yorker,1995,regular_unleaded,214.0,6.0,automatic,front_wheel_drive,4.0,,large,sedan,24,16,1013,2000
ford,escape_hybrid,2009,regular_unleaded,177.0,4.0,automatic,all_wheel_drive,4.0,"crossover,hybrid",compact,4dr_suv,27,29,5657,33725
toyota,prius_c,2015,regular_unleaded,99.0,4.0,automatic,front_wheel_drive,4.0,"hatchback,hybrid",compact,4dr_hatchback,46,53,2031,21765
dodge,ram_van,1999,regular_unleaded,175.0,6.0,automatic,rear_wheel_drive,3.0,,compact,cargo_van,16,14,1851,2041
chevrolet,silverado_1500,2017,flex-fuel_(unleaded/e85),285.0,6.0,automatic,four_wheel_drive,4.0,flex_fuel,large,crew_cab_pickup,22,17,1385,42555
toyota,paseo,1996,regular_unleaded,93.0,4.0,manual,front_wheel_drive,2.0,,compact,coupe,32,26,2031,2000
lexus,is_350,2014,premium_unleaded_(required),306.0,6.0,automatic,all_wheel_drive,4.0,"luxury,performance",midsize,sedan,26,19,454,41850
nissan,xterra,2013,regular_unleaded,261.0,6.0,automatic,rear_wheel_drive,4.0,,midsize,4dr_suv,22,16,2009,22940
pontiac,firebird,2001,premium_unleaded_(required),310.0,8.0,automatic,rear_wheel_drive,2.0,"hatchback,performance",midsize,2dr_hatchback,23,16,210,24035
cadillac,ats,2015,premium_unleaded_(recommended),272.0,4.0,automatic,rear_wheel_drive,4.0,"luxury,performance",compact,sedan,30,21,1624,39340
toyota,tacoma,2017,regular_unleaded,278.0,6.0,automatic,four_wheel_drive,4.0,,compact,crew_cab_pickup,23,18,2031,38795
volkswagen,jetta,2015,regular_unleaded,170.0,4.0,manual,front_wheel_drive,4.0,,midsize,sedan,37,25,873,20895
cadillac,ats_coupe,2017,regular_unleaded,335.0,6.0,automatic,rear_wheel_drive,2.0,"luxury,high-performance",compact,coupe,30,20,1624,46995
cadillac,cts_coupe,2012,regular_unleaded,318.0,6.0,automatic,all_wheel_drive,2.0,"luxury,performance",midsize,coupe,27,18,1624,45850
nissan,sentra,2015,regular_unleaded,130.0,4.0,automatic,front_wheel_drive,4.0,,midsize,sedan,39,30,2009,17380
nissan,sentra,2016,regular_unleaded,130.0,4.0,automatic,front_wheel_drive,4.0,,midsize,sedan,38,29,2009,22170
lincoln,continental,2017,regular_unleaded,305.0,6.0,automatic,front_wheel_drive,4.0,luxury,large,sedan,26,17,61,47515
chevrolet,silverado_1500,2017,regular_unleaded,355.0,8.0,automatic,rear_wheel_drive,4.0,,large,extended_cab_pickup,22,16,1385,41590
toyota,tacoma,2017,regular_unleaded,159.0,4.0,automatic,rear_wheel_drive,4.0,,compact,extended_cab_pickup,23,19,2031,26205
volkswagen,golf_gti,2015,premium_unleaded_(recommended),220.0,4.0,manual,front_wheel_drive,2.0,"hatchback,performance",compact,2dr_hatchback,34,25,873,26280
bmw,m3,2016,premium_unleaded_(required),425.0,6.0,manual,rear_wheel_drive,4.0,"factory_tuner,luxury,high-performance",midsize,sedan,26,17,3916,63500
volkswagen,gti,2013,premium_unleaded_(recommended),200.0,4.0,manual,front_wheel_drive,4.0,"hatchback,performance",compact,4dr_hatchback,31,21,873,27295
ford,e-150,1997,regular_unleaded,200.0,6.0,automatic,rear_wheel_drive,3.0,,midsize,cargo_van,18,14,5657,2000
nissan,frontier,2016,regular_unleaded,261.0,6.0,manual,four_wheel_drive,4.0,,compact,crew_cab_pickup,21,16,2009,28890
toyota,previa,1995,regular_unleaded,138.0,4.0,automatic,rear_wheel_drive,3.0,,compact,passenger_minivan,20,15,2031,2000
chevrolet,tracker,2002,regular_unleaded,155.0,6.0,automatic,four_wheel_drive,4.0,,compact,4dr_suv,19,16,1385,21935
mazda,rx-7,1995,regular_unleaded,255.0,,manual,rear_wheel_drive,2.0,"factory_tuner,performance",compact,coupe,23,15,586,8839
bmw,2_series,2016,premium_unleaded_(required),320.0,6.0,automatic,all_wheel_drive,2.0,"factory_tuner,luxury,high-performance",compact,coupe,30,20,3916,46150
tesla,model_s,2016,electric,,0.0,direct_drive,rear_wheel_drive,,"exotic,performance",large,sedan,100,97,1391,74500
buick,envision,2017,flex-fuel_(unleaded/e85),197.0,4.0,automatic,front_wheel_drive,4.0,"crossover,flex_fuel",midsize,4dr_suv,29,22,155,37720
audi,r8,2015,premium_unleaded_(required),430.0,8.0,manual,all_wheel_drive,2.0,"luxury,high-performance",compact,convertible,20,11,3105,129400
lexus,lx_570,2015,premium_unleaded_(recommended),383.0,8.0,automatic,four_wheel_drive,4.0,luxury,midsize,4dr_suv,17,12,454,83180
subaru,outback,2015,regular_unleaded,175.0,4.0,automatic,all_wheel_drive,4.0,crossover,midsize,4dr_suv,33,25,640,27295
chevrolet,spark_ev,2015,electric,140.0,0.0,direct_drive,front_wheel_drive,4.0,hatchback,compact,4dr_hatchback,109,128,1385,25560
chrysler,pacifica,2007,regular_unleaded,200.0,6.0,automatic,front_wheel_drive,4.0,crossover,large,wagon,23,16,1013,24460
nissan,versa_note,2016,regular_unleaded,109.0,4.0,automatic,front_wheel_drive,4.0,hatchback,compact,4dr_hatchback,40,31,2009,17980
volkswagen,jetta,2015,regular_unleaded,115.0,4.0,manual,front_wheel_drive,4.0,,midsize,sedan,34,25,873,16215
audi,q7,2017,premium_unleaded_(required),333.0,6.0,automatic,all_wheel_drive,4.0,"crossover,luxury,performance",large,4dr_suv,25,19,3105,54800
honda,civic,2015,regular_unleaded,143.0,4.0,manual,front_wheel_drive,2.0,,compact,coupe,36,28,2202,18290
mercedes-benz,sl-class,2017,premium_unleaded_(required),362.0,6.0,automatic,rear_wheel_drive,2.0,"luxury,high-performance",compact,convertible,28,20,617,86950
audi,q7,2015,diesel,240.0,6.0,automatic,all_wheel_drive,4.0,"crossover,luxury,diesel",large,4dr_suv,28,19,3105,65400
chevrolet,silverado_1500,2016,regular_unleaded,355.0,8.0,automatic,four_wheel_drive,4.0,flex_fuel,large,crew_cab_pickup,22,16,1385,40090
dodge,grand_caravan,2017,regular_unleaded,283.0,6.0,automatic,front_wheel_drive,4.0,,midsize,passenger_minivan,25,17,1851,29395
chrysler,le_baron,1993,regular_unleaded,141.0,6.0,automatic,front_wheel_drive,4.0,,compact,sedan,26,18,1013,2000
rolls-royce,ghost,2013,premium_unleaded_(required),563.0,12.0,automatic,rear_wheel_drive,4.0,"exotic,luxury,performance",large,sedan,21,13,86,296000
gmc,sierra_1500_classic,2007,regular_unleaded,285.0,8.0,automatic,four_wheel_drive,4.0,,large,crew_cab_pickup,18,14,549,30340
subaru,b9_tribeca,2006,premium_unleaded_(required),250.0,6.0,automatic,all_wheel_drive,4.0,crossover,midsize,4dr_suv,21,16,640,35695
volkswagen,cc,2016,premium_unleaded_(recommended),280.0,6.0,automated_manual,all_wheel_drive,4.0,performance,midsize,sedan,25,17,873,44355
acura,vigor,1993,regular_unleaded,176.0,5.0,manual,front_wheel_drive,4.0,luxury,midsize,sedan,24,18,204,2000
chevrolet,trax,2015,regular_unleaded,138.0,4.0,automatic,all_wheel_drive,4.0,crossover,compact,4dr_suv,31,24,1385,21620
toyota,tacoma,2017,regular_unleaded,278.0,6.0,manual,four_wheel_drive,4.0,,compact,extended_cab_pickup,21,17,2031,32390
kia,sportage,2017,regular_unleaded,181.0,4.0,automatic,all_wheel_drive,4.0,crossover,compact,4dr_suv,25,21,1720,27000
dodge,challenger,2015,regular_unleaded,305.0,6.0,automatic,rear_wheel_drive,2.0,performance,large,coupe,30,19,1851,29995
oldsmobile,aurora,2001,premium_unleaded_(required),250.0,8.0,automatic,front_wheel_drive,4.0,performance,large,sedan,23,15,26,34794
bmw,6_series,2016,premium_unleaded_(required),445.0,8.0,automatic,rear_wheel_drive,2.0,"luxury,high-performance",midsize,coupe,25,17,3916,88700
lexus,lx_470,2005,regular_unleaded,235.0,8.0,automatic,four_wheel_drive,4.0,luxury,midsize,4dr_suv,16,12,454,65225
oldsmobile,eighty-eight_royale,1995,regular_unleaded,205.0,6.0,automatic,front_wheel_drive,4.0,,large,sedan,26,17,26,2000
gmc,jimmy,1999,regular_unleaded,190.0,6.0,automatic,rear_wheel_drive,4.0,,midsize,4dr_suv,19,14,549,2554
hyundai,elantra_touring,2010,regular_unleaded,138.0,4.0,automatic,front_wheel_drive,4.0,hatchback,compact,4dr_hatchback,30,23,1439,19795
chevrolet,silverado_1500_classic,2007,regular_unleaded,295.0,8.0,automatic,rear_wheel_drive,4.0,,large,extended_cab_pickup,19,14,1385,28555
cadillac,srx,2015,regular_unleaded,308.0,6.0,automatic,all_wheel_drive,4.0,"crossover,luxury",midsize,4dr_suv,23,16,1624,51730
saab,9-3,2009,premium_unleaded_(recommended),280.0,6.0,automatic,front_wheel_drive,2.0,"luxury,performance",compact,convertible,24,15,376,51330
lexus,rc_300,2017,premium_unleaded_(required),255.0,6.0,automatic,all_wheel_drive,2.0,luxury,midsize,coupe,26,19,454,42770
hyundai,sonata,2017,regular_unleaded,185.0,4.0,automatic,front_wheel_drive,4.0,,midsize,sedan,36,25,1439,21950
hyundai,tucson,2017,regular_unleaded,164.0,4.0,automatic,all_wheel_drive,4.0,crossover,compact,4dr_suv,26,21,1439,24100
oldsmobile,cutlass_ciera,1994,regular_unleaded,120.0,4.0,automatic,front_wheel_drive,4.0,,midsize,sedan,28,22,26,2000
chevrolet,corvette,2017,premium_unleaded_(recommended),455.0,8.0,manual,rear_wheel_drive,2.0,high-performance,compact,coupe,25,16,1385,59905
volkswagen,passat,2016,regular_unleaded,170.0,4.0,automatic,front_wheel_drive,4.0,,midsize,sedan,38,25,873,34270
bmw,4_series_gran_coupe,2017,premium_unleaded_(recommended),248.0,4.0,automatic,all_wheel_drive,4.0,luxury,midsize,sedan,33,23,3916,43950
lamborghini,gallardo,2014,premium_unleaded_(required),570.0,10.0,automated_manual,all_wheel_drive,2.0,"exotic,factory_tuner,high-performance",compact,coupe,20,13,1158,241200
ford,transit_connect,2015,regular_unleaded,169.0,4.0,automatic,front_wheel_drive,4.0,,compact,passenger_minivan,28,20,5657,24710
mercedes-benz,c-class,2016,premium_unleaded_(required),241.0,4.0,automatic,rear_wheel_drive,4.0,luxury,midsize,sedan,34,25,617,41125
spyker,c8,2009,premium_unleaded_(required),400.0,8.0,manual,rear_wheel_drive,2.0,"exotic,high-performance",compact,coupe,18,13,2,209990
toyota,sienna,2016,regular_unleaded,266.0,6.0,automatic,front_wheel_drive,4.0,,large,passenger_minivan,25,18,2031,37655
volvo,xc60,2015,regular_unleaded,300.0,6.0,automatic,all_wheel_drive,4.0,"crossover,luxury,performance",midsize,4dr_suv,24,17,870,42950
volkswagen,vanagon,1991,regular_unleaded,90.0,4.0,manual,rear_wheel_drive,3.0,,large,passenger_minivan,18,16,873,2000
buick,skylark,1996,regular_unleaded,150.0,4.0,automatic,front_wheel_drive,2.0,,midsize,coupe,29,19,155,2000
nissan,juke,2017,premium_unleaded_(required),215.0,4.0,manual,front_wheel_drive,4.0,"crossover,hatchback,factory_tuner,performance",compact,4dr_hatchback,31,26,2009,28020
chevrolet,uplander,2006,regular_unleaded,196.0,6.0,automatic,all_wheel_drive,4.0,,midsize,passenger_minivan,21,15,1385,33250
mitsubishi,eclipse_spyder,2012,regular_unleaded,162.0,4.0,automatic,front_wheel_drive,2.0,,compact,convertible,27,20,436,28299
audi,r8,2015,premium_unleaded_(required),430.0,8.0,manual,all_wheel_drive,2.0,"luxury,high-performance",compact,coupe,20,11,3105,115900
ford,transit_connect,2016,regular_unleaded,169.0,4.0,automatic,front_wheel_drive,4.0,,compact,passenger_minivan,28,20,5657,26825
hyundai,equus,2016,premium_unleaded_(recommended),429.0,8.0,automatic,rear_wheel_drive,4.0,"luxury,high-performance",large,sedan,23,15,1439,68750
toyota,venza,2015,regular_unleaded,181.0,4.0,automatic,all_wheel_drive,4.0,crossover,midsize,wagon,26,20,2031,33560
infiniti,qx50,2015,premium_unleaded_(recommended),325.0,6.0,automatic,all_wheel_drive,4.0,"crossover,luxury,performance",midsize,4dr_suv,24,17,190,38600
nissan,350z,2008,regular_unleaded,306.0,6.0,automatic,rear_wheel_drive,2.0,high-performance,compact,coupe,24,17,2009,31210
toyota,previa,1995,regular_unleaded,161.0,4.0,automatic,all_wheel_drive,3.0,,compact,passenger_minivan,20,15,2031,2000
suzuki,kizashi,2012,regular_unleaded,180.0,4.0,automatic,front_wheel_drive,4.0,,midsize,sedan,30,23,481,26199
ford,f-150,2015,flex-fuel_(unleaded/e85),385.0,8.0,automatic,four_wheel_drive,4.0,flex_fuel,large,crew_cab_pickup,21,15,5657,46140
mazda,3,2017,regular_unleaded,184.0,4.0,automatic,front_wheel_drive,4.0,"hatchback,performance",compact,4dr_hatchback,35,26,586,24945
suzuki,equator,2012,regular_unleaded,152.0,4.0,manual,rear_wheel_drive,4.0,,compact,extended_cab_pickup,23,19,481,19299
lincoln,town_car,2011,flex-fuel_(unleaded/e85),239.0,8.0,automatic,rear_wheel_drive,4.0,"flex_fuel,luxury",large,sedan,24,16,61,47225
volkswagen,passat,2015,regular_unleaded,170.0,4.0,automatic,front_wheel_drive,4.0,,midsize,sedan,36,24,873,28115
bmw,6_series,2015,premium_unleaded_(required),445.0,8.0,automatic,rear_wheel_drive,2.0,"luxury,high-performance",midsize,coupe,25,17,3916,87400
toyota,fj_cruiser,2014,regular_unleaded,260.0,6.0,automatic,four_wheel_drive,4.0,,midsize,4dr_suv,20,17,2031,29270
hyundai,excel,1992,regular_unleaded,81.0,4.0,manual,front_wheel_drive,2.0,hatchback,compact,2dr_hatchback,33,25,1439,2000
mercedes-benz,e-class,2017,premium_unleaded_(required),329.0,6.0,automatic,rear_wheel_drive,2.0,"luxury,performance",midsize,convertible,29,20,617,62600
infiniti,g37_sedan,2010,premium_unleaded_(recommended),328.0,6.0,automatic,rear_wheel_drive,4.0,luxury,midsize,sedan,27,19,190,33250
lotus,exige,2009,premium_unleaded_(recommended),257.0,4.0,manual,rear_wheel_drive,2.0,"exotic,high-performance",compact,coupe,26,20,613,74995
acura,ilx,2017,premium_unleaded_(recommended),201.0,4.0,automated_manual,front_wheel_drive,4.0,luxury,compact,sedan,35,25,204,29990
toyota,t100,1996,regular_unleaded,190.0,6.0,manual,four_wheel_drive,2.0,,large,extended_cab_pickup,18,15,2031,2922
lincoln,mkc,2016,regular_unleaded,240.0,4.0,automatic,front_wheel_drive,4.0,"crossover,luxury",compact,4dr_suv,29,20,61,33260
subaru,wrx,2016,premium_unleaded_(required),305.0,4.0,manual,all_wheel_drive,4.0,"factory_tuner,high-performance",compact,sedan,23,17,640,34695
toyota,t100,1998,regular_unleaded,190.0,6.0,manual,four_wheel_drive,2.0,,large,extended_cab_pickup,18,15,2031,3480
volkswagen,eos,2015,premium_unleaded_(recommended),200.0,4.0,automated_manual,front_wheel_drive,2.0,,compact,convertible,30,22,873,42745
dodge,viper,2016,premium_unleaded_(required),645.0,10.0,manual,rear_wheel_drive,2.0,"exotic,high-performance",compact,coupe,21,12,1851,118795
infiniti,i30,1999,regular_unleaded,190.0,6.0,manual,front_wheel_drive,4.0,"luxury,performance",midsize,sedan,24,19,190,2433
cadillac,cts,2017,premium_unleaded_(required),420.0,6.0,automatic,rear_wheel_drive,4.0,"factory_tuner,luxury,high-performance",large,sedan,24,16,1624,70795
toyota,tacoma,2015,regular_unleaded,236.0,6.0,automatic,rear_wheel_drive,4.0,,compact,extended_cab_pickup,21,17,2031,23960
bmw,8_series,1995,regular_unleaded,372.0,12.0,manual,rear_wheel_drive,2.0,"factory_tuner,luxury,performance",midsize,coupe,18,10,3916,8488
saab,900,1997,regular_unleaded,170.0,6.0,automatic,front_wheel_drive,4.0,"hatchback,luxury",compact,4dr_hatchback,23,17,376,2000
acura,tlx,2017,premium_unleaded_(recommended),206.0,4.0,automated_manual,front_wheel_drive,4.0,luxury,midsize,sedan,35,24,204,31900
suzuki,sidekick,1998,regular_unleaded,120.0,4.0,manual,four_wheel_drive,4.0,,compact,4dr_suv,23,20,481,2078
volkswagen,gti,2013,premium_unleaded_(recommended),200.0,4.0,manual,front_wheel_drive,4.0,"hatchback,performance",compact,4dr_hatchback,31,21,873,25095
ford,transit_wagon,2017,regular_unleaded,275.0,6.0,automatic,rear_wheel_drive,3.0,diesel,midsize,passenger_van,19,14,5657,39460
lexus,es_300h,2015,regular_unleaded,200.0,4.0,automatic,front_wheel_drive,4.0,"luxury,hybrid",midsize,sedan,39,40,454,40580
volkswagen,gli,2012,premium_unleaded_(recommended),200.0,4.0,automated_manual,front_wheel_drive,4.0,performance,midsize,sedan,32,24,873,26895
oldsmobile,alero,2004,regular_unleaded,170.0,6.0,automatic,front_wheel_drive,4.0,,midsize,sedan,27,18,26,23085
mazda,b-series_pickup,1998,regular_unleaded,160.0,6.0,manual,four_wheel_drive,2.0,,compact,extended_cab_pickup,19,14,586,3323
subaru,b9_tribeca,2006,premium_unleaded_(required),250.0,6.0,automatic,all_wheel_drive,4.0,crossover,midsize,4dr_suv,21,16,640,32395
buick,lacrosse,2015,flex-fuel_(unleaded/e85),304.0,6.0,automatic,all_wheel_drive,4.0,"flex_fuel,performance",large,sedan,26,17,155,38730
mercedes-benz,gl-class,2016,diesel,240.0,6.0,automatic,all_wheel_drive,4.0,"crossover,luxury,diesel",large,4dr_suv,26,19,617,63600
gmc,canyon,2012,regular_unleaded,185.0,4.0,automatic,four_wheel_drive,2.0,,compact,regular_cab_pickup,23,17,549,22385
infiniti,qx4,2002,premium_unleaded_(required),240.0,6.0,automatic,rear_wheel_drive,4.0,luxury,midsize,4dr_suv,18,14,190,34150
rolls-royce,park_ward,2002,premium_unleaded_(required),322.0,12.0,automatic,rear_wheel_drive,4.0,"exotic,luxury",large,sedan,15,11,86,262990
chrysler,sebring,2009,regular_unleaded,173.0,4.0,automatic,front_wheel_drive,4.0,flex_fuel,midsize,sedan,30,21,1013,21810
volvo,xc90,2016,premium_unleaded_(recommended),250.0,4.0,automatic,all_wheel_drive,4.0,"crossover,luxury",large,4dr_suv,25,22,870,53250
ford,ranger,2009,regular_unleaded,143.0,4.0,manual,rear_wheel_drive,2.0,,compact,extended_cab_pickup,26,21,5657,19080
bmw,5_series,2016,diesel,255.0,6.0,automatic,all_wheel_drive,4.0,"diesel,luxury",large,sedan,37,26,3916,59650
chevrolet,equinox,2017,regular_unleaded,182.0,4.0,automatic,all_wheel_drive,4.0,crossover,compact,4dr_suv,28,20,1385,27260
gmc,yukon_hybrid,2013,regular_unleaded,332.0,8.0,automatic,four_wheel_drive,4.0,"luxury,hybrid",large,4dr_suv,23,20,549,64805
bmw,3_series_gran_turismo,2015,premium_unleaded_(required),300.0,6.0,automatic,all_wheel_drive,4.0,"hatchback,luxury,performance",midsize,4dr_hatchback,30,20,3916,47250
volkswagen,jetta_sportwagen,2014,regular_unleaded,170.0,5.0,automatic,front_wheel_drive,4.0,,compact,wagon,30,23,873,26685
ford,bronco_ii,1990,regular_unleaded,140.0,6.0,manual,four_wheel_drive,2.0,,compact,2dr_suv,20,15,5657,2000
volkswagen,gti,2012,premium_unleaded_(recommended),200.0,4.0,manual,front_wheel_drive,2.0,"hatchback,performance",compact,2dr_hatchback,31,21,873,29995
mazda,2,2013,regular_unleaded,100.0,4.0,automatic,front_wheel_drive,4.0,hatchback,compact,4dr_hatchback,34,28,586,15560
volkswagen,beetle_convertible,2014,premium_unleaded_(recommended),210.0,4.0,manual,front_wheel_drive,2.0,performance,compact,convertible,31,23,873,30695
chevrolet,caprice,1994,regular_unleaded,200.0,8.0,automatic,rear_wheel_drive,4.0,,large,sedan,24,16,1385,2000
volvo,s80,2016,regular_unleaded,240.0,4.0,automatic,front_wheel_drive,4.0,luxury,midsize,sedan,37,25,870,48375
infiniti,fx45,2007,premium_unleaded_(required),320.0,8.0,automatic,all_wheel_drive,4.0,"crossover,luxury",midsize,4dr_suv,17,13,190,49850
chevrolet,ssr,2006,regular_unleaded,395.0,8.0,automatic,rear_wheel_drive,2.0,high-performance,compact,regular_cab_pickup,18,14,1385,39240
mazda,b-series,2001,regular_unleaded,207.0,6.0,manual,rear_wheel_drive,4.0,,compact,extended_cab_pickup,20,16,586,19340
suzuki,forenza,2006,regular_unleaded,126.0,4.0,automatic,front_wheel_drive,4.0,,compact,wagon,27,19,481,15399
toyota,highlander,2016,regular_unleaded,270.0,6.0,automatic,front_wheel_drive,4.0,crossover,midsize,4dr_suv,25,19,2031,40915
infiniti,q50,2016,premium_unleaded_(required),400.0,6.0,automatic,rear_wheel_drive,4.0,"factory_tuner,luxury,high-performance",midsize,sedan,26,20,190,47950
ford,e-series_van,2012,flex-fuel_(unleaded/e85),255.0,8.0,automatic,rear_wheel_drive,3.0,flex_fuel,large,cargo_van,16,12,5657,31460
chevrolet,c/k_1500_series,1998,regular_unleaded,200.0,6.0,manual,rear_wheel_drive,2.0,,large,extended_cab_pickup,21,16,1385,3094
mercedes-benz,300-class,1992,diesel,121.0,5.0,automatic,rear_wheel_drive,4.0,"diesel,luxury",midsize,sedan,29,23,617,2000
dodge,dakota,2010,regular_unleaded,210.0,6.0,automatic,four_wheel_drive,4.0,flex_fuel,compact,extended_cab_pickup,18,14,1851,27880
nissan,370z,2016,premium_unleaded_(required),332.0,6.0,manual,rear_wheel_drive,2.0,high-performance,compact,coupe,26,18,2009,33570
mitsubishi,montero_sport,2002,regular_unleaded,165.0,6.0,automatic,rear_wheel_drive,4.0,,midsize,4dr_suv,21,16,436,25637
chevrolet,astro,2004,regular_unleaded,190.0,6.0,automatic,rear_wheel_drive,3.0,,large,passenger_minivan,19,14,1385,24195
volkswagen,jetta_gli,2013,premium_unleaded_(recommended),210.0,4.0,automated_manual,front_wheel_drive,4.0,performance,midsize,sedan,32,24,873,29525
toyota,camry,2015,regular_unleaded,178.0,4.0,automatic,front_wheel_drive,4.0,,midsize,sedan,35,25,2031,26150
volvo,s70,1999,regular_unleaded,190.0,5.0,automatic,all_wheel_drive,4.0,luxury,midsize,sedan,23,16,870,2384
gmc,sierra_1500,2015,flex-fuel_(unleaded/e85),285.0,6.0,automatic,rear_wheel_drive,4.0,flex_fuel,large,crew_cab_pickup,24,18,549,35390
dodge,challenger,2016,regular_unleaded,375.0,8.0,manual,rear_wheel_drive,2.0,high-performance,large,coupe,23,15,1851,34995
infiniti,g20,2001,regular_unleaded,145.0,4.0,automatic,front_wheel_drive,4.0,luxury,compact,sedan,28,20,190,22195
nissan,frontier,2016,regular_unleaded,261.0,6.0,automatic,rear_wheel_drive,4.0,,compact,crew_cab_pickup,22,16,2009,31690
volkswagen,rabbit,2008,regular_unleaded,170.0,5.0,manual,front_wheel_drive,2.0,hatchback,compact,2dr_hatchback,29,22,873,15600
suzuki,forenza,2007,regular_unleaded,127.0,4.0,manual,front_wheel_drive,4.0,,compact,sedan,28,20,481,14349
cadillac,escalade_esv,2015,flex-fuel_(unleaded/e85),420.0,8.0,automatic,rear_wheel_drive,4.0,"flex_fuel,luxury,performance",large,4dr_suv,21,15,1624,83195
volvo,c70,2011,premium_unleaded_(recommended),227.0,5.0,automatic,front_wheel_drive,2.0,luxury,compact,convertible,28,19,870,39950
ferrari,360,2002,premium_unleaded_(required),400.0,8.0,manual,rear_wheel_drive,2.0,"exotic,high-performance",compact,coupe,15,10,2774,140615
ford,freestyle,2005,regular_unleaded,203.0,6.0,automatic,all_wheel_drive,4.0,crossover,large,wagon,22,17,5657,30440
chevrolet,silverado_1500,2017,flex-fuel_(unleaded/e85),285.0,6.0,automatic,four_wheel_drive,4.0,flex_fuel,large,extended_cab_pickup,22,17,1385,39965
bmw,x1,2015,premium_unleaded_(required),240.0,4.0,automatic,all_wheel_drive,4.0,"crossover,luxury",midsize,4dr_suv,32,22,3916,33000
subaru,impreza_wrx,2014,premium_unleaded_(required),265.0,4.0,manual,all_wheel_drive,4.0,performance,compact,sedan,25,19,640,29495
aston_martin,db9,2015,premium_unleaded_(required),510.0,12.0,automatic,rear_wheel_drive,2.0,"exotic,high-performance",midsize,convertible,19,13,259,203295
dodge,dakota,2008,regular_unleaded,210.0,6.0,automatic,four_wheel_drive,4.0,,compact,crew_cab_pickup,18,14,1851,30155
gmc,yukon,2016,flex-fuel_(unleaded/e85),355.0,8.0,automatic,rear_wheel_drive,4.0,"flex_fuel,performance",large,4dr_suv,23,16,549,48315
toyota,tacoma,2017,regular_unleaded,278.0,6.0,manual,four_wheel_drive,4.0,,compact,crew_cab_pickup,20,17,2031,33075
aston_martin,v8_vantage,2016,premium_unleaded_(required),430.0,8.0,manual,rear_wheel_drive,2.0,"exotic,high-performance",compact,convertible,19,13,259,135795
toyota,prius_v,2017,regular_unleaded,134.0,4.0,automatic,front_wheel_drive,4.0,hybrid,midsize,wagon,39,43,2031,26675
volkswagen,beetle,2016,regular_unleaded,170.0,4.0,automatic,front_wheel_drive,2.0,hatchback,compact,2dr_hatchback,34,25,873,25975
mercedes-benz,c-class,2015,premium_unleaded_(required),241.0,4.0,automatic,all_wheel_drive,4.0,luxury,midsize,sedan,31,24,617,40400
pontiac,g8,2008,regular_unleaded,361.0,8.0,automatic,rear_wheel_drive,4.0,high-performance,large,sedan,24,15,210,29310
volvo,c30,2011,premium_unleaded_(recommended),227.0,5.0,manual,front_wheel_drive,2.0,"hatchback,luxury",compact,2dr_hatchback,29,21,870,24700
chevrolet,silverado_1500_classic,2007,flex-fuel_(unleaded/e85),295.0,8.0,automatic,four_wheel_drive,4.0,flex_fuel,large,crew_cab_pickup,17,13,1385,31465
gmc,sierra_1500_classic,2007,flex-fuel_(unleaded/e85),295.0,8.0,automatic,rear_wheel_drive,4.0,flex_fuel,large,crew_cab_pickup,19,14,549,30930
land_rover,discovery,2004,premium_unleaded_(required),217.0,8.0,automatic,four_wheel_drive,4.0,luxury,midsize,4dr_suv,14,11,258,38685
buick,rendezvous,2007,regular_unleaded,196.0,6.0,automatic,front_wheel_drive,4.0,crossover,midsize,4dr_suv,23,17,155,25190
bmw,5_series,2016,premium_unleaded_(required),302.0,6.0,automatic,all_wheel_drive,4.0,"luxury,performance",large,sedan,29,20,3916,58150
cadillac,xts,2017,regular_unleaded,304.0,6.0,automatic,front_wheel_drive,4.0,"luxury,performance",large,sedan,28,18,1624,45295
mazda,b-series_pickup,1999,flex-fuel_(unleaded/e85),150.0,6.0,manual,rear_wheel_drive,4.0,flex_fuel,compact,extended_cab_pickup,21,16,586,2946
cadillac,xts,2016,regular_unleaded,304.0,6.0,automatic,all_wheel_drive,4.0,"luxury,performance",large,sedan,26,17,1624,51250
ford,transit_wagon,2016,flex-fuel_(unleaded/e85),275.0,6.0,automatic,rear_wheel_drive,3.0,"flex_fuel,diesel",large,passenger_van,19,14,5657,38285
mercedes-benz,500-class,1993,regular_unleaded,315.0,8.0,automatic,rear_wheel_drive,2.0,"luxury,performance",compact,convertible,19,14,617,5140
pontiac,grand_am,2005,regular_unleaded,175.0,6.0,automatic,front_wheel_drive,2.0,,midsize,coupe,27,18,210,22500
mercedes-benz,300-class,1991,regular_unleaded,177.0,6.0,automatic,all_wheel_drive,4.0,luxury,midsize,wagon,18,15,617,2199
ford,e-250,1997,regular_unleaded,200.0,6.0,automatic,rear_wheel_drive,3.0,,midsize,cargo_van,17,12,5657,2000
chevrolet,uplander,2006,regular_unleaded,201.0,6.0,automatic,front_wheel_drive,4.0,,midsize,cargo_minivan,23,16,1385,21150
kia,forte,2016,regular_unleaded,201.0,4.0,automatic,front_wheel_drive,4.0,"hatchback,performance",compact,4dr_hatchback,29,21,1720,21990
nissan,armada,2015,regular_unleaded,317.0,8.0,automatic,four_wheel_drive,4.0,,large,4dr_suv,18,12,2009,52780
land_rover,lr3,2008,premium_unleaded_(required),300.0,8.0,automatic,four_wheel_drive,4.0,luxury,midsize,4dr_suv,17,12,258,54025
ford,shelby_gt350,2015,premium_unleaded_(recommended),526.0,8.0,manual,rear_wheel_drive,2.0,"factory_tuner,high-performance",midsize,coupe,21,14,5657,61295
aston_martin,v8_vantage,2014,premium_unleaded_(required),430.0,8.0,automated_manual,rear_wheel_drive,2.0,"exotic,high-performance",compact,convertible,21,14,259,150900
saab,9-3,2010,premium_unleaded_(recommended),207.0,4.0,automatic,front_wheel_drive,4.0,luxury,compact,wagon,27,19,376,37020
toyota,tacoma,2015,regular_unleaded,236.0,6.0,manual,four_wheel_drive,4.0,,compact,crew_cab_pickup,19,15,2031,27355
acura,vigor,1992,regular_unleaded,176.0,5.0,manual,front_wheel_drive,4.0,luxury,midsize,sedan,24,18,204,2000
kia,spectra,2008,regular_unleaded,138.0,4.0,automatic,front_wheel_drive,4.0,,compact,sedan,32,24,1720,16995
chevrolet,silverado_1500,2015,flex-fuel_(unleaded/e85),285.0,6.0,automatic,rear_wheel_drive,4.0,flex_fuel,large,extended_cab_pickup,24,18,1385,34280
lincoln,continental,2017,regular_unleaded,305.0,6.0,automatic,all_wheel_drive,4.0,luxury,large,sedan,24,16,61,49515
gmc,sierra_1500,2016,regular_unleaded,355.0,8.0,automatic,four_wheel_drive,4.0,,large,extended_cab_pickup,22,16,549,44910
toyota,venza,2015,regular_unleaded,268.0,6.0,automatic,front_wheel_drive,4.0,"crossover,performance",midsize,wagon,26,19,2031,34150
volkswagen,cc,2015,premium_unleaded_(recommended),200.0,4.0,manual,front_wheel_drive,4.0,performance,midsize,sedan,32,21,873,34275
honda,pilot,2016,regular_unleaded,280.0,6.0,automatic,front_wheel_drive,4.0,crossover,midsize,4dr_suv,27,19,2202,32580
pontiac,6000,1990,regular_unleaded,140.0,6.0,automatic,front_wheel_drive,4.0,,midsize,wagon,27,17,210,2000
lincoln,mks,2014,regular_unleaded,304.0,6.0,automatic,all_wheel_drive,4.0,"luxury,performance",large,sedan,26,18,61,40845
toyota,tacoma,2016,regular_unleaded,278.0,6.0,automatic,rear_wheel_drive,4.0,,compact,crew_cab_pickup,24,19,2031,35105
gmc,terrain,2015,regular_unleaded,182.0,4.0,automatic,all_wheel_drive,4.0,crossover,compact,4dr_suv,29,20,549,31570
gmc,jimmy,2001,regular_unleaded,190.0,6.0,manual,rear_wheel_drive,2.0,,compact,2dr_suv,20,14,549,19270
ford,probe,1995,regular_unleaded,118.0,4.0,manual,front_wheel_drive,2.0,hatchback,compact,2dr_hatchback,30,23,5657,2000
volkswagen,new_beetle,2008,regular_unleaded,150.0,5.0,automatic,front_wheel_drive,2.0,,compact,convertible,28,20,873,24315
chevrolet,sonic,2016,regular_unleaded,138.0,4.0,automatic,front_wheel_drive,4.0,,compact,sedan,35,24,1385,15595
aston_martin,db9,2013,premium_unleaded_(required),510.0,12.0,automatic,rear_wheel_drive,2.0,"exotic,high-performance",midsize,convertible,19,13,259,198700
lincoln,mark_lt,2008,regular_unleaded,300.0,8.0,automatic,four_wheel_drive,4.0,luxury,large,crew_cab_pickup,17,13,61,41715
cadillac,fleetwood,1995,regular_unleaded,260.0,8.0,automatic,rear_wheel_drive,4.0,luxury,large,sedan,23,15,1624,2000
mitsubishi,outlander,2017,regular_unleaded,166.0,4.0,automatic,all_wheel_drive,4.0,crossover,midsize,4dr_suv,29,24,436,27495
acura,integra,2001,premium_unleaded_(required),170.0,4.0,manual,front_wheel_drive,4.0,"luxury,performance",compact,sedan,28,22,204,22600
volkswagen,jetta_gli,2014,premium_unleaded_(recommended),210.0,4.0,manual,front_wheel_drive,4.0,performance,midsize,sedan,33,23,873,27455
ford,five_hundred,2005,regular_unleaded,203.0,6.0,automatic,front_wheel_drive,4.0,,large,sedan,26,19,5657,22165
acura,rl,2010,premium_unleaded_(required),300.0,6.0,automatic,all_wheel_drive,4.0,"luxury,performance",midsize,sedan,22,16,204,50450
mercedes-benz,m-class,2013,premium_unleaded_(required),402.0,8.0,automatic,all_wheel_drive,4.0,"crossover,luxury,performance",midsize,4dr_suv,20,14,617,58800
dodge,ramcharger,1991,regular_unleaded,170.0,8.0,manual,four_wheel_drive,2.0,,midsize,2dr_suv,13,10,1851,2000
nissan,350z,2009,regular_unleaded,306.0,6.0,manual,rear_wheel_drive,2.0,high-performance,compact,convertible,24,17,2009,41570
aston_martin,dbs,2010,premium_unleaded_(required),510.0,12.0,manual,rear_wheel_drive,2.0,"exotic,high-performance",midsize,convertible,17,11,259,279500
plymouth,prowler,2000,regular_unleaded,253.0,6.0,automatic,rear_wheel_drive,2.0,performance,compact,convertible,21,15,535,20901
gmc,sierra_1500,2017,regular_unleaded,355.0,8.0,automatic,four_wheel_drive,4.0,,large,crew_cab_pickup,22,16,549,45390
mazda,626,2002,regular_unleaded,125.0,4.0,manual,front_wheel_drive,4.0,,midsize,sedan,29,23,586,18785
acura,tl,2014,premium_unleaded_(recommended),305.0,6.0,automatic,all_wheel_drive,4.0,"luxury,performance",midsize,sedan,26,18,204,45510
dodge,viper,2017,premium_unleaded_(required),645.0,10.0,manual,rear_wheel_drive,2.0,"exotic,high-performance",compact,coupe,19,12,1851,95895
volkswagen,golf,2016,regular_unleaded,170.0,4.0,automatic,front_wheel_drive,4.0,hatchback,compact,4dr_hatchback,36,25,873,22625
hyundai,tucson,2017,regular_unleaded,164.0,4.0,automatic,front_wheel_drive,4.0,crossover,compact,4dr_suv,30,23,1439,22700
gmc,yukon,2017,premium_unleaded_(recommended),420.0,8.0,automatic,four_wheel_drive,4.0,performance,large,4dr_suv,20,15,549,68965
volkswagen,gti,2013,premium_unleaded_(recommended),200.0,4.0,automated_manual,front_wheel_drive,4.0,"hatchback,performance",compact,4dr_hatchback,33,24,873,30795
volkswagen,jetta,2016,premium_unleaded_(recommended),210.0,4.0,manual,front_wheel_drive,4.0,"factory_tuner,performance",midsize,sedan,33,23,873,29280
buick,encore,2016,regular_unleaded,138.0,4.0,automatic,front_wheel_drive,4.0,crossover,compact,4dr_suv,33,25,155,29785
dodge,daytona,1992,regular_unleaded,100.0,4.0,manual,front_wheel_drive,2.0,hatchback,compact,2dr_hatchback,29,20,1851,2000
ford,freestyle,2007,regular_unleaded,203.0,6.0,automatic,front_wheel_drive,4.0,crossover,large,wagon,25,18,5657,29205
cadillac,escalade,2016,premium_unleaded_(recommended),420.0,8.0,automatic,rear_wheel_drive,4.0,"luxury,performance",large,4dr_suv,22,15,1624,77045
land_rover,range_rover,2014,flex-fuel_(premium_unleaded_required/e85),510.0,8.0,automatic,four_wheel_drive,4.0,"flex_fuel,luxury,high-performance",large,4dr_suv,19,13,258,142100
maybach,62,2010,premium_unleaded_(required),631.0,12.0,automatic,rear_wheel_drive,4.0,"exotic,luxury,high-performance",large,sedan,16,10,67,506500
maybach,57,2011,premium_unleaded_(required),620.0,12.0,automatic,rear_wheel_drive,4.0,"exotic,luxury,high-performance",large,sedan,16,10,67,412000
toyota,venza,2013,regular_unleaded,268.0,6.0,automatic,all_wheel_drive,4.0,"crossover,performance",midsize,wagon,25,18,2031,39020
ford,explorer,2016,flex-fuel_(unleaded/e85),290.0,6.0,automatic,front_wheel_drive,4.0,"crossover,flex_fuel",midsize,4dr_suv,24,17,5657,31050
porsche,911,2017,premium_unleaded_(required),370.0,6.0,manual,rear_wheel_drive,2.0,"luxury,high-performance",compact,coupe,29,20,1715,89400
volkswagen,new_beetle,2009,regular_unleaded,150.0,5.0,automatic,front_wheel_drive,2.0,,compact,convertible,28,20,873,26990
acura,mdx,2017,premium_unleaded_(recommended),290.0,6.0,automatic,front_wheel_drive,4.0,"crossover,luxury",midsize,4dr_suv,27,19,204,50360
mazda,cx-5,2016,regular_unleaded,184.0,4.0,automatic,front_wheel_drive,4.0,crossover,midsize,4dr_suv,33,26,586,25215
subaru,legacy,2016,regular_unleaded,175.0,4.0,automatic,all_wheel_drive,4.0,,midsize,sedan,36,26,640,21745
ford,edge,2015,regular_unleaded,315.0,6.0,automatic,front_wheel_drive,4.0,crossover,midsize,4dr_suv,27,18,5657,38100
volkswagen,jetta,2015,regular_unleaded,170.0,4.0,automatic,front_wheel_drive,4.0,,midsize,sedan,37,25,873,21995
subaru,outback,2016,regular_unleaded,256.0,6.0,automatic,all_wheel_drive,4.0,crossover,midsize,4dr_suv,27,20,640,33395
toyota,pickup,1995,regular_unleaded,150.0,6.0,manual,rear_wheel_drive,2.0,,compact,extended_cab_pickup,22,16,2031,2498
oldsmobile,cutlass_calais,1991,regular_unleaded,180.0,4.0,manual,front_wheel_drive,2.0,,compact,coupe,30,21,26,2000
subaru,legacy,2015,regular_unleaded,175.0,4.0,automatic,all_wheel_drive,4.0,,midsize,sedan,36,26,640,26795
toyota,tundra,2017,regular_unleaded,381.0,8.0,automatic,four_wheel_drive,4.0,,large,crew_cab_pickup,17,13,2031,44195
honda,accord,2015,regular_unleaded,278.0,6.0,automatic,front_wheel_drive,2.0,performance,midsize,coupe,32,21,2202,32550
cadillac,ats,2016,premium_unleaded_(recommended),272.0,4.0,automatic,all_wheel_drive,4.0,"luxury,performance",midsize,sedan,30,22,1624,41340
porsche,macan,2015,premium_unleaded_(required),400.0,6.0,automated_manual,all_wheel_drive,4.0,"crossover,luxury,performance",midsize,4dr_suv,23,17,1715,72300
volkswagen,jetta,2016,regular_unleaded,150.0,4.0,manual,front_wheel_drive,4.0,,midsize,sedan,39,28,873,18995
hyundai,tucson,2015,regular_unleaded,164.0,4.0,automatic,all_wheel_drive,4.0,crossover,compact,4dr_suv,25,21,1439,23150
bmw,x3,2017,premium_unleaded_(required),300.0,6.0,automatic,all_wheel_drive,4.0,"crossover,luxury,performance",midsize,4dr_suv,26,19,3916,47950
cadillac,ct6,2016,regular_unleaded,335.0,6.0,automatic,all_wheel_drive,4.0,"luxury,performance",large,sedan,27,18,1624,63570
infiniti,q60_coupe,2017,premium_unleaded_(recommended),208.0,4.0,automatic,all_wheel_drive,2.0,luxury,midsize,coupe,28,21,190,40950
bmw,z3,2002,premium_unleaded_(required),225.0,6.0,manual,rear_wheel_drive,2.0,"luxury,performance",compact,convertible,26,19,3916,37900
mitsubishi,outlander_sport,2015,regular_unleaded,148.0,4.0,automatic,four_wheel_drive,4.0,crossover,compact,4dr_suv,30,24,436,22195
suzuki,sidekick,1997,regular_unleaded,95.0,4.0,manual,four_wheel_drive,2.0,,compact,convertible_suv,24,21,481,2000
pontiac,trans_sport,1997,regular_unleaded,180.0,6.0,automatic,front_wheel_drive,3.0,,midsize,passenger_minivan,23,16,210,2000
toyota,highlander,2016,regular_unleaded,270.0,6.0,automatic,front_wheel_drive,4.0,crossover,midsize,4dr_suv,25,19,2031,37315
chevrolet,c/k_1500_series,1998,regular_unleaded,200.0,6.0,manual,rear_wheel_drive,2.0,,large,regular_cab_pickup,21,16,1385,2817
bmw,m6_gran_coupe,2017,premium_unleaded_(required),560.0,8.0,automated_manual,rear_wheel_drive,4.0,"factory_tuner,luxury,high-performance",large,sedan,20,14,3916,117500
buick,encore,2015,regular_unleaded,138.0,4.0,automatic,all_wheel_drive,4.0,crossover,compact,4dr_suv,30,23,155,29450
chevrolet,impala_limited,2014,flex-fuel_(unleaded/e85),300.0,6.0,automatic,front_wheel_drive,4.0,flex_fuel,large,sedan,30,18,1385,26840
cadillac,ats_coupe,2016,regular_unleaded,335.0,6.0,automatic,rear_wheel_drive,2.0,"luxury,high-performance",compact,coupe,30,20,1624,45150
volvo,850,1996,regular_unleaded,240.0,5.0,automatic,front_wheel_drive,4.0,"factory_tuner,luxury,performance",midsize,sedan,24,17,870,2000
audi,90,1994,regular_unleaded,172.0,6.0,manual,front_wheel_drive,4.0,luxury,compact,sedan,24,18,3105,2000
lexus,is_f,2014,premium_unleaded_(required),416.0,8.0,automatic,rear_wheel_drive,4.0,"factory_tuner,luxury,high-performance",midsize,sedan,23,16,454,63600
dodge,ram_150,1993,regular_unleaded,180.0,6.0,manual,rear_wheel_drive,2.0,,large,regular_cab_pickup,17,14,1851,2000
buick,lucerne,2009,flex-fuel_(unleaded/e85),227.0,6.0,automatic,front_wheel_drive,4.0,flex_fuel,large,sedan,26,17,155,30770
pontiac,g6,2009,flex-fuel_(unleaded/e85),219.0,6.0,automatic,front_wheel_drive,2.0,flex_fuel,midsize,coupe,26,17,210,24610
chevrolet,silverado_1500,2015,flex-fuel_(unleaded/e85),285.0,6.0,automatic,rear_wheel_drive,2.0,flex_fuel,large,regular_cab_pickup,24,18,1385,26105
nissan,rogue,2015,regular_unleaded,170.0,4.0,automatic,all_wheel_drive,4.0,crossover,midsize,4dr_suv,32,25,2009,25840
mazda,b-series_pickup,1998,regular_unleaded,150.0,6.0,manual,four_wheel_drive,2.0,,compact,regular_cab_pickup,20,15,586,2713
chevrolet,s-10,2003,flex-fuel_(unleaded/e85),120.0,4.0,manual,rear_wheel_drive,3.0,flex_fuel,compact,extended_cab_pickup,25,19,1385,18905
chevrolet,lumina,2000,regular_unleaded,175.0,6.0,automatic,front_wheel_drive,4.0,,midsize,sedan,27,18,1385,2100
chevrolet,blazer,2003,regular_unleaded,190.0,6.0,manual,rear_wheel_drive,2.0,,compact,2dr_suv,20,14,1385,20745
nissan,stanza,1991,regular_unleaded,138.0,4.0,manual,front_wheel_drive,4.0,,compact,sedan,26,19,2009,2000
subaru,loyale,1992,regular_unleaded,90.0,4.0,manual,four_wheel_drive,4.0,,compact,sedan,26,21,640,2000
ford,f-150,2016,flex-fuel_(unleaded/e85),282.0,6.0,automatic,four_wheel_drive,4.0,flex_fuel,large,extended_cab_pickup,23,17,5657,34025
oldsmobile,eighty-eight_royale,1994,regular_unleaded,170.0,6.0,automatic,front_wheel_drive,4.0,,large,sedan,26,17,26,2000
toyota,highlander_hybrid,2014,regular_unleaded,280.0,6.0,automatic,all_wheel_drive,4.0,"crossover,hybrid",midsize,4dr_suv,28,27,2031,49790
nissan,xterra,2015,regular_unleaded,261.0,6.0,manual,four_wheel_drive,4.0,,midsize,4dr_suv,20,15,2009,26670
subaru,xt,1991,regular_unleaded,97.0,4.0,manual,front_wheel_drive,2.0,,compact,coupe,29,22,640,2000
volkswagen,jetta_gli,2013,premium_unleaded_(recommended),210.0,4.0,automated_manual,front_wheel_drive,4.0,performance,midsize,sedan,32,24,873,27520
ford,taurus_x,2009,regular_unleaded,263.0,6.0,automatic,front_wheel_drive,4.0,crossover,large,wagon,24,17,5657,28270
volvo,v50,2011,regular_unleaded,227.0,5.0,automatic,front_wheel_drive,4.0,luxury,compact,wagon,30,21,870,29000
toyota,t100,1998,regular_unleaded,190.0,6.0,manual,four_wheel_drive,2.0,,large,extended_cab_pickup,18,15,2031,3586
chevrolet,express,2014,flex-fuel_(unleaded/e85),285.0,8.0,automatic,rear_wheel_drive,3.0,flex_fuel,midsize,passenger_van,17,11,1385,31865
saab,900,1996,regular_unleaded,170.0,6.0,automatic,front_wheel_drive,2.0,luxury,compact,convertible,23,17,376,2000
volvo,s80,2015,regular_unleaded,300.0,6.0,automatic,all_wheel_drive,4.0,"luxury,performance",midsize,sedan,28,19,870,45100
mazda,b-series_pickup,1999,regular_unleaded,119.0,4.0,manual,rear_wheel_drive,2.0,,compact,regular_cab_pickup,24,19,586,2211
mercedes-benz,r-class,2012,premium_unleaded_(required),302.0,6.0,automatic,all_wheel_drive,4.0,"crossover,luxury",large,wagon,21,16,617,52690
honda,fit,2017,regular_unleaded,130.0,4.0,manual,front_wheel_drive,4.0,hatchback,compact,4dr_hatchback,36,29,2202,15990
toyota,tundra,2017,regular_unleaded,381.0,8.0,automatic,rear_wheel_drive,4.0,,large,extended_cab_pickup,18,13,2031,31620
dodge,intrepid,2002,regular_unleaded,200.0,6.0,automatic,front_wheel_drive,4.0,,large,sedan,26,18,1851,20810
nissan,350z,2007,regular_unleaded,306.0,6.0,manual,rear_wheel_drive,2.0,high-performance,compact,coupe,25,18,2009,32700
mazda,cx-9,2016,regular_unleaded,227.0,4.0,automatic,front_wheel_drive,4.0,crossover,large,4dr_suv,28,22,586,31520
toyota,yaris,2017,regular_unleaded,106.0,4.0,automatic,front_wheel_drive,4.0,hatchback,compact,4dr_hatchback,35,30,2031,18000
buick,enclave,2016,regular_unleaded,288.0,6.0,automatic,front_wheel_drive,4.0,crossover,midsize,4dr_suv,22,15,155,43660
infiniti,g_sedan,2011,premium_unleaded_(recommended),328.0,6.0,automatic,all_wheel_drive,4.0,luxury,midsize,sedan,25,18,190,41550
nissan,pathfinder,2015,regular_unleaded,260.0,6.0,automatic,front_wheel_drive,4.0,crossover,large,4dr_suv,27,20,2009,32810
acura,rsx,2004,regular_unleaded,160.0,4.0,automatic,front_wheel_drive,2.0,"hatchback,luxury,performance",compact,2dr_hatchback,31,22,204,20925
infiniti,m35,2010,premium_unleaded_(recommended),303.0,6.0,automatic,all_wheel_drive,4.0,"luxury,performance",large,sedan,22,16,190,47950
volkswagen,beetle,2015,regular_unleaded,170.0,4.0,automatic,front_wheel_drive,2.0,hatchback,compact,2dr_hatchback,33,25,873,26985
chevrolet,silverado_1500,2016,regular_unleaded,355.0,8.0,automatic,rear_wheel_drive,4.0,,large,crew_cab_pickup,23,16,1385,49740
mercedes-benz,300-class,1993,regular_unleaded,177.0,6.0,automatic,all_wheel_drive,4.0,luxury,midsize,wagon,19,15,617,2544
toyota,4runner,2016,regular_unleaded,270.0,6.0,automatic,rear_wheel_drive,4.0,,midsize,4dr_suv,22,17,2031,42325
land_rover,discovery,2003,premium_unleaded_(required),217.0,8.0,automatic,four_wheel_drive,4.0,luxury,midsize,4dr_suv,14,11,258,38350
chevrolet,silverado_1500,2017,regular_unleaded,355.0,8.0,automatic,four_wheel_drive,4.0,flex_fuel,large,crew_cab_pickup,22,16,1385,40580
chevrolet,trax,2015,regular_unleaded,138.0,4.0,automatic,all_wheel_drive,4.0,crossover,compact,4dr_suv,31,24,1385,23945
buick,lucerne,2010,flex-fuel_(unleaded/e85),227.0,6.0,automatic,front_wheel_drive,4.0,flex_fuel,large,sedan,26,17,155,29230
audi,r8,2014,premium_unleaded_(required),550.0,10.0,automated_manual,all_wheel_drive,2.0,"luxury,high-performance",compact,coupe,22,13,3105,179645
volkswagen,beetle_convertible,2015,premium_unleaded_(recommended),210.0,4.0,manual,front_wheel_drive,2.0,performance,compact,convertible,31,23,873,30895
audi,a6,2017,premium_unleaded_(required),340.0,6.0,automatic,all_wheel_drive,4.0,"luxury,performance",midsize,sedan,31,22,3105,67600
suzuki,sx4,2012,regular_unleaded,150.0,4.0,manual,all_wheel_drive,4.0,"crossover,hatchback",compact,4dr_hatchback,30,22,481,18549
volkswagen,new_beetle,2008,regular_unleaded,150.0,5.0,manual,front_wheel_drive,2.0,,compact,convertible,28,20,873,23240
gmc,envoy_xl,2004,regular_unleaded,275.0,6.0,automatic,rear_wheel_drive,4.0,,large,4dr_suv,18,13,549,31320
mercedes-benz,300-class,1992,regular_unleaded,177.0,6.0,automatic,rear_wheel_drive,4.0,luxury,midsize,wagon,20,15,617,2000
honda,pilot,2016,regular_unleaded,280.0,6.0,automatic,all_wheel_drive,4.0,crossover,midsize,4dr_suv,26,18,2202,35380
audi,100,1992,regular_unleaded,172.0,6.0,manual,front_wheel_drive,4.0,luxury,midsize,sedan,24,17,3105,2000
audi,r8,2017,premium_unleaded_(required),540.0,10.0,automated_manual,all_wheel_drive,2.0,"luxury,high-performance",compact,coupe,22,14,3105,162900
mercedes-benz,e-class,2016,diesel,195.0,4.0,automatic,rear_wheel_drive,4.0,"diesel,luxury",midsize,sedan,42,28,617,52650
ford,taurus_x,2009,regular_unleaded,263.0,6.0,automatic,front_wheel_drive,4.0,crossover,large,wagon,24,17,5657,32325
audi,q5,2016,diesel,240.0,6.0,automatic,all_wheel_drive,4.0,"crossover,luxury,diesel",midsize,4dr_suv,31,24,3105,55600
suzuki,xl-7,2005,regular_unleaded,185.0,6.0,manual,four_wheel_drive,4.0,,midsize,4dr_suv,20,15,481,22299
volkswagen,golf_gti,2017,premium_unleaded_(recommended),220.0,4.0,manual,front_wheel_drive,4.0,"hatchback,performance",compact,4dr_hatchback,34,24,873,30890
oldsmobile,ninety-eight,1995,regular_unleaded,225.0,6.0,automatic,front_wheel_drive,4.0,,large,sedan,26,17,26,2000
chevrolet,cobalt,2008,regular_unleaded,173.0,4.0,manual,front_wheel_drive,4.0,,compact,sedan,32,22,1385,19695
nissan,frontier,2016,regular_unleaded,261.0,6.0,automatic,rear_wheel_drive,4.0,,compact,crew_cab_pickup,22,16,2009,24050
honda,civic,2015,regular_unleaded,143.0,4.0,automatic,front_wheel_drive,2.0,,compact,coupe,39,30,2202,19090
mercedes-benz,m-class,2015,premium_unleaded_(required),302.0,6.0,automatic,rear_wheel_drive,4.0,"crossover,luxury",midsize,4dr_suv,24,18,617,48300
chevrolet,s-10,2003,flex-fuel_(unleaded/e85),120.0,4.0,manual,rear_wheel_drive,2.0,flex_fuel,compact,regular_cab_pickup,25,19,1385,16120
kia,forte,2016,regular_unleaded,173.0,4.0,automatic,front_wheel_drive,4.0,performance,compact,sedan,35,24,1720,19990
audi,a3,2015,premium_unleaded_(recommended),220.0,4.0,automated_manual,all_wheel_drive,4.0,luxury,compact,sedan,33,24,3105,41650
mercedes-benz,c-class,2015,premium_unleaded_(required),241.0,4.0,automatic,rear_wheel_drive,4.0,luxury,midsize,sedan,34,25,617,40575
mercedes-benz,gls-class,2017,premium_unleaded_(required),577.0,8.0,automatic,all_wheel_drive,4.0,"crossover,factory_tuner,luxury,high-performance",large,4dr_suv,17,13,617,124100
ferrari,599,2011,premium_unleaded_(required),611.0,12.0,automated_manual,rear_wheel_drive,2.0,"exotic,high-performance",midsize,coupe,15,11,2774,320580
toyota,celica,2005,premium_unleaded_(required),180.0,4.0,manual,front_wheel_drive,2.0,"hatchback,performance",compact,2dr_hatchback,30,21,2031,22335
pontiac,g3,2009,regular_unleaded,106.0,4.0,manual,front_wheel_drive,4.0,hatchback,compact,4dr_hatchback,34,27,210,14335
volkswagen,gti,2013,premium_unleaded_(recommended),200.0,4.0,manual,front_wheel_drive,4.0,"hatchback,performance",compact,4dr_hatchback,31,21,873,30995
mazda,b-series_pickup,1999,regular_unleaded,160.0,6.0,manual,four_wheel_drive,2.0,,compact,extended_cab_pickup,19,15,586,3514
acura,mdx,2016,premium_unleaded_(recommended),290.0,6.0,automatic,all_wheel_drive,4.0,"crossover,luxury",midsize,4dr_suv,26,18,204,49440
scion,tc,2014,regular_unleaded,179.0,4.0,manual,front_wheel_drive,2.0,hatchback,compact,2dr_hatchback,31,23,105,21440
lincoln,aviator,2003,premium_unleaded_(required),302.0,8.0,automatic,all_wheel_drive,4.0,luxury,midsize,4dr_suv,17,12,61,45125
nissan,frontier,2015,regular_unleaded,261.0,6.0,automatic,rear_wheel_drive,4.0,,compact,crew_cab_pickup,22,16,2009,23750
toyota,tundra,2016,flex-fuel_(unleaded/e85),381.0,8.0,automatic,rear_wheel_drive,4.0,flex_fuel,large,extended_cab_pickup,18,13,2031,30840
volkswagen,beetle_convertible,2014,regular_unleaded,170.0,5.0,automatic,front_wheel_drive,2.0,,compact,convertible,27,21,873,29395
ford,escape,2016,premium_unleaded_(recommended),178.0,4.0,automatic,front_wheel_drive,4.0,crossover,compact,4dr_suv,32,23,5657,25790
ford,escape_hybrid,2009,regular_unleaded,177.0,4.0,automatic,front_wheel_drive,4.0,"crossover,hybrid",compact,4dr_suv,31,34,5657,31975
chevrolet,lumina,1999,regular_unleaded,160.0,6.0,automatic,front_wheel_drive,4.0,,midsize,sedan,26,17,1385,2000
ford,focus,2015,flex-fuel_(unleaded/e85),160.0,4.0,manual,front_wheel_drive,4.0,flex_fuel,compact,sedan,36,26,5657,17170
fiat,500,2016,premium_unleaded_(recommended),101.0,4.0,manual,front_wheel_drive,2.0,hatchback,compact,2dr_hatchback,40,31,819,17900
dodge,ram_150,1991,regular_unleaded,125.0,6.0,unknown,rear_wheel_drive,2.0,,large,regular_cab_pickup,17,12,1851,2000
dodge,srt_viper,2013,premium_unleaded_(required),640.0,10.0,manual,rear_wheel_drive,2.0,"exotic,high-performance",compact,coupe,19,12,1851,97395
bmw,4_series,2015,premium_unleaded_(required),300.0,6.0,automatic,all_wheel_drive,2.0,"luxury,performance",midsize,convertible,29,20,3916,56900
hyundai,elantra,2017,regular_unleaded,201.0,4.0,manual,front_wheel_drive,4.0,,compact,sedan,30,22,1439,21650
hyundai,santa_fe,2015,regular_unleaded,290.0,6.0,automatic,all_wheel_drive,4.0,crossover,midsize,4dr_suv,24,18,1439,31900
chevrolet,colorado,2012,regular_unleaded,242.0,5.0,automatic,rear_wheel_drive,4.0,,compact,crew_cab_pickup,23,17,1385,27490
dodge,magnum,2008,regular_unleaded,340.0,8.0,automatic,all_wheel_drive,4.0,,large,wagon,22,15,1851,33880
mazda,b-series_pickup,1999,regular_unleaded,119.0,4.0,manual,rear_wheel_drive,2.0,,compact,extended_cab_pickup,24,19,586,2801
toyota,celica,2003,premium_unleaded_(required),180.0,4.0,manual,front_wheel_drive,2.0,"hatchback,performance",compact,2dr_hatchback,29,20,2031,22005
bmw,5_series,2015,diesel,255.0,6.0,automatic,all_wheel_drive,4.0,"diesel,luxury",large,sedan,37,26,3916,59400
volkswagen,gti,2013,premium_unleaded_(recommended),200.0,4.0,automated_manual,front_wheel_drive,2.0,"hatchback,performance",compact,2dr_hatchback,33,24,873,31495
pontiac,aztek,2005,regular_unleaded,185.0,6.0,automatic,all_wheel_drive,4.0,crossover,midsize,4dr_suv,22,16,210,24445
kia,borrego,2009,regular_unleaded,276.0,6.0,automatic,rear_wheel_drive,4.0,,midsize,4dr_suv,21,17,1720,26245
oldsmobile,cutlass,1998,regular_unleaded,155.0,6.0,automatic,front_wheel_drive,4.0,,midsize,sedan,27,17,26,2079
hyundai,xg350,2003,regular_unleaded,194.0,6.0,automatic,front_wheel_drive,4.0,,midsize,sedan,24,15,1439,23999
ford,e-series_wagon,2014,flex-fuel_(unleaded/e85),225.0,8.0,automatic,rear_wheel_drive,3.0,flex_fuel,midsize,passenger_van,16,13,5657,30230
volkswagen,jetta_sportwagen,2014,regular_unleaded,170.0,5.0,manual,front_wheel_drive,4.0,,compact,wagon,33,23,873,20995
honda,civic,2017,regular_unleaded,174.0,4.0,automatic,front_wheel_drive,4.0,performance,midsize,sedan,42,32,2202,23800
infiniti,m30,1991,regular_unleaded,162.0,6.0,automatic,rear_wheel_drive,2.0,luxury,midsize,coupe,23,17,190,2000
toyota,corolla,2016,regular_unleaded,140.0,4.0,automatic,front_wheel_drive,4.0,,compact,sedan,40,30,2031,22895
ford,transit_connect,2017,flex-fuel_(unleaded/e85),169.0,4.0,automatic,front_wheel_drive,4.0,,compact,passenger_minivan,27,19,5657,25590
chrysler,imperial,1992,regular_unleaded,150.0,6.0,automatic,front_wheel_drive,4.0,,large,sedan,23,16,1013,2000
kia,soul,2015,regular_unleaded,164.0,4.0,automatic,front_wheel_drive,4.0,,compact,wagon,31,23,1720,20790
ford,e-series_wagon,2013,flex-fuel_(unleaded/e85),255.0,8.0,automatic,rear_wheel_drive,3.0,flex_fuel,midsize,passenger_van,15,11,5657,32785
nissan,truck,1995,regular_unleaded,134.0,4.0,manual,rear_wheel_drive,2.0,,compact,regular_cab_pickup,24,19,2009,2000
dodge,shadow,1992,regular_unleaded,93.0,4.0,manual,front_wheel_drive,4.0,hatchback,compact,4dr_hatchback,29,23,1851,2000
mazda,rx-8,2009,premium_unleaded_(required),232.0,,manual,rear_wheel_drive,4.0,performance,compact,coupe,22,16,586,26435
bmw,7_series,2017,premium_unleaded_(required),445.0,8.0,automatic,all_wheel_drive,4.0,"luxury,high-performance",large,sedan,25,16,3916,97600
bmw,m,2006,premium_unleaded_(required),330.0,6.0,manual,rear_wheel_drive,2.0,"factory_tuner,luxury,high-performance",compact,coupe,22,14,3916,49300
suzuki,forenza,2007,regular_unleaded,127.0,4.0,manual,front_wheel_drive,4.0,,compact,wagon,27,19,481,15249
infiniti,qx80,2014,premium_unleaded_(recommended),400.0,8.0,automatic,rear_wheel_drive,4.0,luxury,large,4dr_suv,20,14,190,62700
buick,century,2004,regular_unleaded,175.0,6.0,automatic,front_wheel_drive,4.0,,midsize,sedan,27,18,155,21815
cadillac,escalade_hybrid,2012,regular_unleaded,332.0,8.0,automatic,rear_wheel_drive,4.0,"luxury,hybrid",large,4dr_suv,23,20,1624,83295
volkswagen,new_beetle,2010,regular_unleaded,150.0,5.0,manual,front_wheel_drive,2.0,hatchback,compact,2dr_hatchback,28,20,873,18690
cadillac,escalade,2017,premium_unleaded_(recommended),420.0,8.0,automatic,rear_wheel_drive,4.0,"luxury,performance",large,4dr_suv,22,15,1624,92195
gmc,yukon,2017,flex-fuel_(unleaded/e85),355.0,8.0,automatic,four_wheel_drive,4.0,"flex_fuel,performance",large,4dr_suv,22,16,549,60315
nissan,juke,2015,premium_unleaded_(recommended),188.0,4.0,automatic,all_wheel_drive,4.0,"crossover,hatchback",compact,4dr_hatchback,31,26,2009,26940
mercedes-benz,cls-class,2016,premium_unleaded_(required),402.0,8.0,automatic,all_wheel_drive,4.0,"luxury,high-performance",midsize,sedan,25,17,617,76600
lexus,sc_400,2000,regular_unleaded,290.0,8.0,automatic,rear_wheel_drive,2.0,"luxury,performance",midsize,coupe,23,16,454,4404
nissan,rogue_select,2014,regular_unleaded,170.0,4.0,automatic,all_wheel_drive,4.0,crossover,midsize,4dr_suv,27,22,2009,21500
toyota,venza,2014,regular_unleaded,181.0,4.0,automatic,all_wheel_drive,4.0,crossover,midsize,wagon,26,20,2031,33260
acura,rl,2012,premium_unleaded_(required),300.0,6.0,automatic,all_wheel_drive,4.0,"luxury,performance",midsize,sedan,24,17,204,56150
volkswagen,jetta,2015,regular_unleaded,170.0,4.0,automatic,front_wheel_drive,4.0,,midsize,sedan,37,25,873,22325
dodge,grand_caravan,2016,flex-fuel_(unleaded/e85),283.0,6.0,automatic,front_wheel_drive,4.0,flex_fuel,midsize,passenger_minivan,25,17,1851,25095
chevrolet,trailblazer,2008,premium_unleaded_(required),390.0,8.0,automatic,all_wheel_drive,4.0,"factory_tuner,performance",midsize,4dr_suv,16,12,1385,34290
mercedes-benz,350-class,1991,diesel,134.0,6.0,automatic,rear_wheel_drive,4.0,"diesel,luxury",large,sedan,23,19,617,2178
gmc,acadia,2016,regular_unleaded,281.0,6.0,automatic,front_wheel_drive,4.0,crossover,midsize,4dr_suv,22,15,549,41020
nissan,frontier,2017,regular_unleaded,261.0,6.0,manual,four_wheel_drive,4.0,,compact,crew_cab_pickup,21,16,2009,29700
toyota,sienna,2017,regular_unleaded,296.0,6.0,automatic,front_wheel_drive,4.0,,large,passenger_minivan,27,19,2031,38555
lexus,ls_460,2016,premium_unleaded_(required),360.0,8.0,automatic,all_wheel_drive,4.0,"luxury,performance",large,sedan,23,16,454,82305
land_rover,range_rover_evoque,2015,premium_unleaded_(recommended),240.0,4.0,automatic,all_wheel_drive,4.0,"crossover,luxury",compact,4dr_suv,30,21,258,41100
kia,sorento,2015,regular_unleaded,290.0,6.0,automatic,all_wheel_drive,4.0,crossover,midsize,4dr_suv,24,18,1720,41700
volkswagen,gti,2012,premium_unleaded_(recommended),200.0,4.0,automated_manual,front_wheel_drive,2.0,"hatchback,performance",compact,2dr_hatchback,33,24,873,31095
chevrolet,colorado,2012,regular_unleaded,185.0,4.0,manual,rear_wheel_drive,2.0,,compact,regular_cab_pickup,25,18,1385,17475
volkswagen,gti,2012,premium_unleaded_(recommended),200.0,4.0,manual,front_wheel_drive,4.0,"hatchback,performance",compact,4dr_hatchback,31,21,873,30595
ford,focus,2015,flex-fuel_(unleaded/e85),160.0,4.0,manual,front_wheel_drive,4.0,"hatchback,flex_fuel",compact,4dr_hatchback,36,26,5657,18960
dodge,avenger,2012,flex-fuel_(unleaded/e85),283.0,6.0,automatic,front_wheel_drive,4.0,"flex_fuel,performance",midsize,sedan,29,19,1851,25995
infiniti,g37_coupe,2010,premium_unleaded_(recommended),330.0,6.0,manual,rear_wheel_drive,2.0,"luxury,high-performance",midsize,coupe,25,17,190,40400
volvo,940,1995,regular_unleaded,162.0,4.0,automatic,rear_wheel_drive,4.0,luxury,midsize,wagon,24,17,870,2000
chevrolet,colorado,2016,regular_unleaded,200.0,4.0,automatic,rear_wheel_drive,4.0,diesel,compact,crew_cab_pickup,27,20,1385,24990
bmw,alpina_b7,2015,premium_unleaded_(required),540.0,8.0,automatic,all_wheel_drive,4.0,"factory_tuner,luxury,high-performance",large,sedan,24,16,3916,131300
kia,optima,2014,regular_unleaded,192.0,4.0,automatic,front_wheel_drive,4.0,,midsize,sedan,34,23,1720,23950
lexus,rx_400h,2008,premium_unleaded_(required),268.0,6.0,automatic,all_wheel_drive,4.0,"crossover,luxury,hybrid",midsize,4dr_suv,24,26,454,43480
chevrolet,silverado_1500,2016,flex-fuel_(unleaded/e85),285.0,6.0,automatic,rear_wheel_drive,2.0,flex_fuel,large,regular_cab_pickup,24,18,1385,27485
lamborghini,gallardo,2014,premium_unleaded_(required),570.0,10.0,manual,all_wheel_drive,2.0,"exotic,factory_tuner,high-performance",compact,coupe,20,13,1158,241200
ford,transit_wagon,2015,flex-fuel_(unleaded/e85),275.0,6.0,automatic,rear_wheel_drive,3.0,flex_fuel,midsize,passenger_van,19,14,5657,32420
chevrolet,spark,2016,regular_unleaded,98.0,4.0,automatic,front_wheel_drive,4.0,hatchback,compact,4dr_hatchback,41,31,1385,15785
mercedes-benz,c-class,2017,premium_unleaded_(required),241.0,4.0,automatic,all_wheel_drive,4.0,luxury,midsize,sedan,31,24,617,41500
infiniti,g37_coupe,2010,premium_unleaded_(recommended),330.0,6.0,automatic,rear_wheel_drive,2.0,"luxury,high-performance",midsize,coupe,27,19,190,50550
acura,ilx,2017,premium_unleaded_(recommended),201.0,4.0,automated_manual,front_wheel_drive,4.0,luxury,compact,sedan,35,25,204,27990
gmc,canyon,2012,regular_unleaded,242.0,5.0,automatic,four_wheel_drive,2.0,,compact,regular_cab_pickup,23,17,549,25305
audi,a3,2016,diesel,150.0,4.0,automated_manual,front_wheel_drive,4.0,"diesel,luxury",compact,sedan,43,31,3105,35900
toyota,corolla,2016,regular_unleaded,132.0,4.0,automatic,front_wheel_drive,4.0,,compact,sedan,37,29,2031,23125
volkswagen,gli,2008,premium_unleaded_(required),200.0,4.0,manual,front_wheel_drive,4.0,performance,compact,sedan,29,20,873,24300
mazda,cx-7,2011,premium_unleaded_(recommended),244.0,4.0,automatic,front_wheel_drive,4.0,crossover,midsize,4dr_suv,24,18,586,31640
dodge,nitro,2009,regular_unleaded,210.0,6.0,automatic,four_wheel_drive,4.0,crossover,midsize,4dr_suv,21,15,1851,23900
ferrari,458_italia,2015,premium_unleaded_(required),597.0,8.0,automated_manual,rear_wheel_drive,2.0,"exotic,high-performance",compact,coupe,17,13,2774,291744
honda,civic_crx,1990,regular_unleaded,108.0,4.0,manual,front_wheel_drive,2.0,hatchback,compact,2dr_hatchback,30,24,2202,2000
volkswagen,rabbit,2008,regular_unleaded,170.0,5.0,manual,front_wheel_drive,4.0,hatchback,compact,4dr_hatchback,29,22,873,17575
cadillac,escalade,2017,premium_unleaded_(recommended),420.0,8.0,automatic,four_wheel_drive,4.0,"luxury,performance",large,4dr_suv,20,15,1624,80995
chevrolet,beretta,1995,regular_unleaded,160.0,6.0,automatic,front_wheel_drive,2.0,performance,midsize,coupe,27,18,1385,2000
nissan,stanza,1990,regular_unleaded,138.0,4.0,manual,front_wheel_drive,4.0,,compact,sedan,26,19,2009,2000
toyota,sienna,2015,regular_unleaded,266.0,6.0,automatic,front_wheel_drive,4.0,,large,passenger_minivan,25,18,2031,41035
lincoln,mark_lt,2006,regular_unleaded,300.0,8.0,automatic,four_wheel_drive,4.0,luxury,large,crew_cab_pickup,16,12,61,42235
mercedes-benz,300-class,1993,regular_unleaded,217.0,6.0,automatic,rear_wheel_drive,2.0,luxury,midsize,coupe,22,17,617,2397
bmw,x4,2015,premium_unleaded_(required),300.0,6.0,automatic,all_wheel_drive,4.0,"crossover,luxury,performance",midsize,4dr_suv,27,19,3916,48000
cadillac,escalade,2016,premium_unleaded_(recommended),420.0,8.0,automatic,rear_wheel_drive,4.0,"luxury,performance",large,4dr_suv,22,15,1624,89350
suzuki,reno,2007,regular_unleaded,127.0,4.0,manual,front_wheel_drive,4.0,hatchback,compact,4dr_hatchback,28,20,481,13599
saab,900,1998,regular_unleaded,185.0,4.0,manual,front_wheel_drive,2.0,"hatchback,luxury",compact,2dr_hatchback,25,18,376,2000
volkswagen,golf,2015,regular_unleaded,170.0,4.0,automatic,front_wheel_drive,2.0,hatchback,compact,2dr_hatchback,36,25,873,20395
kia,sorento,2016,regular_unleaded,185.0,4.0,automatic,front_wheel_drive,4.0,crossover,midsize,4dr_suv,29,21,1720,25100
chevrolet,trailblazer,2009,regular_unleaded,285.0,6.0,automatic,rear_wheel_drive,4.0,,midsize,4dr_suv,20,14,1385,29155
mercedes-benz,c-class,2016,premium_unleaded_(required),241.0,4.0,automatic,rear_wheel_drive,4.0,luxury,midsize,sedan,34,25,617,38950
bmw,x5,2015,premium_unleaded_(required),445.0,8.0,automatic,all_wheel_drive,4.0,"crossover,luxury,performance",midsize,4dr_suv,22,15,3916,70100
ferrari,360,2002,premium_unleaded_(required),400.0,8.0,automated_manual,rear_wheel_drive,2.0,"exotic,high-performance",compact,convertible,15,10,2774,170829
ford,contour,2000,regular_unleaded,125.0,4.0,manual,front_wheel_drive,4.0,,midsize,sedan,31,21,5657,2079
volkswagen,passat,2016,regular_unleaded,170.0,4.0,automatic,front_wheel_drive,4.0,,midsize,sedan,38,25,873,22440
dodge,magnum,2008,premium_unleaded_(recommended),425.0,8.0,automatic,rear_wheel_drive,4.0,"factory_tuner,high-performance",large,wagon,18,13,1851,38105
chevrolet,astro,2003,regular_unleaded,190.0,6.0,automatic,all_wheel_drive,3.0,,large,passenger_minivan,16,12,1385,25690
kia,rondo,2009,regular_unleaded,175.0,4.0,automatic,front_wheel_drive,4.0,,compact,wagon,27,20,1720,17495
buick,terraza,2007,regular_unleaded,240.0,6.0,automatic,front_wheel_drive,4.0,flex_fuel,midsize,passenger_minivan,23,16,155,26660
mazda,millenia,2000,regular_unleaded,210.0,6.0,automatic,front_wheel_drive,4.0,performance,midsize,sedan,25,17,586,2337
toyota,tundra,2016,regular_unleaded,310.0,8.0,automatic,four_wheel_drive,4.0,,large,extended_cab_pickup,18,14,2031,34000
chevrolet,corsica,1994,regular_unleaded,120.0,4.0,automatic,front_wheel_drive,4.0,,compact,sedan,28,22,1385,2000
toyota,pickup,1995,regular_unleaded,150.0,6.0,manual,four_wheel_drive,2.0,,compact,regular_cab_pickup,17,14,2031,2539
cadillac,escalade,2016,premium_unleaded_(recommended),420.0,8.0,automatic,four_wheel_drive,4.0,luxury,large,4dr_suv,21,15,1624,75570
toyota,yaris,2017,regular_unleaded,106.0,4.0,automatic,front_wheel_drive,4.0,hatchback,compact,4dr_hatchback,35,30,2031,17285
toyota,previa,1995,regular_unleaded,161.0,4.0,automatic,all_wheel_drive,3.0,,compact,passenger_minivan,20,15,2031,2194
ford,ltd_crown_victoria,1991,regular_unleaded,150.0,8.0,automatic,rear_wheel_drive,4.0,,large,sedan,22,15,5657,2000
ford,ranger,2009,regular_unleaded,207.0,6.0,manual,four_wheel_drive,2.0,,compact,extended_cab_pickup,19,15,5657,22305
bmw,4_series,2015,premium_unleaded_(required),240.0,4.0,automatic,rear_wheel_drive,2.0,"luxury,performance",midsize,coupe,35,23,3916,40750
saab,9-3_griffin,2012,flex-fuel_(premium_unleaded_recommended/e85),220.0,4.0,automatic,front_wheel_drive,4.0,"flex_fuel,luxury",midsize,sedan,29,19,376,34340
dodge,ram_50_pickup,1991,regular_unleaded,116.0,4.0,manual,four_wheel_drive,2.0,,compact,regular_cab_pickup,20,17,1851,2000
nissan,murano,2017,regular_unleaded,260.0,6.0,automatic,all_wheel_drive,4.0,crossover,midsize,4dr_suv,28,21,2009,34400
chrysler,crossfire,2007,premium_unleaded_(required),215.0,6.0,manual,rear_wheel_drive,2.0,performance,compact,convertible,23,15,1013,34595
chevrolet,corvette,2015,premium_unleaded_(recommended),455.0,8.0,manual,rear_wheel_drive,2.0,high-performance,compact,convertible,29,17,1385,63160
toyota,highlander,2016,regular_unleaded,270.0,6.0,automatic,front_wheel_drive,4.0,crossover,midsize,4dr_suv,25,19,2031,43530
volkswagen,beetle_convertible,2016,regular_unleaded,170.0,4.0,automatic,front_wheel_drive,2.0,,compact,convertible,34,25,873,30500
ford,f-150,2017,regular_unleaded,325.0,6.0,automatic,rear_wheel_drive,4.0,flex_fuel,large,extended_cab_pickup,26,19,5657,40065
chevrolet,trailblazer,2008,regular_unleaded,285.0,6.0,automatic,rear_wheel_drive,4.0,,midsize,4dr_suv,20,14,1385,27400
porsche,911,2016,premium_unleaded_(required),350.0,6.0,manual,all_wheel_drive,2.0,"luxury,high-performance",compact,convertible,26,19,1715,104600
toyota,paseo,1997,regular_unleaded,93.0,4.0,manual,front_wheel_drive,2.0,,compact,convertible,32,25,2031,2178
kia,spectra,2007,regular_unleaded,138.0,4.0,manual,front_wheel_drive,4.0,,compact,sedan,30,23,1720,15995
lamborghini,murcielago,2008,premium_unleaded_(required),632.0,12.0,manual,all_wheel_drive,2.0,"exotic,high-performance",compact,convertible,13,8,1158,369200
honda,ridgeline,2017,regular_unleaded,280.0,6.0,automatic,all_wheel_drive,4.0,,large,crew_cab_pickup,25,18,2202,34815
infiniti,g37_coupe,2010,premium_unleaded_(recommended),330.0,6.0,automatic,all_wheel_drive,2.0,luxury,midsize,coupe,25,18,190,39150
honda,civic_del_sol,1996,regular_unleaded,106.0,4.0,manual,front_wheel_drive,2.0,,compact,coupe,35,29,2202,2000
bmw,3_series_gran_turismo,2015,premium_unleaded_(required),240.0,4.0,automatic,all_wheel_drive,4.0,"hatchback,luxury",midsize,4dr_hatchback,33,22,3916,41850
kia,optima_hybrid,2017,regular_unleaded,192.0,4.0,automatic,front_wheel_drive,4.0,hybrid,midsize,sedan,46,39,1720,30990
chevrolet,avalanche,2011,flex-fuel_(unleaded/e85),320.0,8.0,automatic,four_wheel_drive,4.0,"crossover,flex_fuel",large,crew_cab_pickup,21,15,1385,49500
gmc,acadia,2016,regular_unleaded,281.0,6.0,automatic,all_wheel_drive,4.0,crossover,midsize,4dr_suv,22,15,549,36175
ford,explorer_sport,2001,regular_unleaded,203.0,6.0,manual,four_wheel_drive,2.0,,midsize,2dr_suv,18,14,5657,24055
mitsubishi,raider,2008,regular_unleaded,210.0,6.0,automatic,rear_wheel_drive,4.0,,compact,extended_cab_pickup,20,15,436,23590
suzuki,sx4,2011,regular_unleaded,150.0,4.0,manual,front_wheel_drive,4.0,,compact,sedan,32,23,481,16479
saab,9-3_griffin,2012,premium_unleaded_(recommended),220.0,4.0,automatic,all_wheel_drive,4.0,luxury,midsize,sedan,29,18,376,32395
lincoln,continental,2017,regular_unleaded,305.0,6.0,automatic,front_wheel_drive,4.0,luxury,large,sedan,26,17,61,44560
acura,tl,2012,premium_unleaded_(required),305.0,6.0,manual,all_wheel_drive,4.0,"luxury,performance",midsize,sedan,25,17,204,42985
aston_martin,v12_vanquish,2004,premium_unleaded_(required),460.0,12.0,automatic,rear_wheel_drive,2.0,"exotic,high-performance",compact,coupe,18,11,259,234260
subaru,impreza,2015,regular_unleaded,148.0,4.0,automatic,all_wheel_drive,4.0,hatchback,compact,4dr_hatchback,37,28,640,19695
saab,9-3_griffin,2012,premium_unleaded_(recommended),220.0,4.0,manual,all_wheel_drive,4.0,luxury,midsize,sedan,30,20,376,37115
saab,9-7x,2008,regular_unleaded,390.0,8.0,automatic,all_wheel_drive,4.0,luxury,midsize,4dr_suv,16,12,376,46530
buick,enclave,2016,regular_unleaded,288.0,6.0,automatic,all_wheel_drive,4.0,crossover,midsize,4dr_suv,22,15,155,49515
audi,a7,2016,diesel,240.0,6.0,automatic,all_wheel_drive,4.0,"diesel,luxury",large,sedan,38,25,3105,70400
dodge,journey,2015,regular_unleaded,173.0,4.0,automatic,front_wheel_drive,4.0,crossover,midsize,4dr_suv,26,19,1851,25195
suzuki,esteem,2001,regular_unleaded,122.0,4.0,automatic,front_wheel_drive,4.0,,compact,wagon,30,26,481,15699
nissan,leaf,2015,electric,,0.0,direct_drive,front_wheel_drive,4.0,hatchback,compact,4dr_hatchback,101,126,2009,32000
volkswagen,beetle_convertible,2015,premium_unleaded_(recommended),210.0,4.0,manual,front_wheel_drive,2.0,performance,compact,convertible,31,23,873,34875
chevrolet,colorado,2016,regular_unleaded,200.0,4.0,automatic,rear_wheel_drive,4.0,,compact,extended_cab_pickup,27,20,1385,25980
cadillac,escalade_esv,2015,flex-fuel_(unleaded/e85),420.0,8.0,automatic,rear_wheel_drive,4.0,"flex_fuel,luxury,performance",large,4dr_suv,22,15,1624,79970
ford,fusion,2016,regular_unleaded,175.0,4.0,automatic,front_wheel_drive,4.0,,midsize,sedan,34,22,5657,22750
chevrolet,celebrity,1990,regular_unleaded,135.0,6.0,automatic,front_wheel_drive,4.0,,midsize,wagon,27,17,1385,2000
volkswagen,beetle_convertible,2015,regular_unleaded,170.0,4.0,automatic,front_wheel_drive,2.0,,compact,convertible,32,24,873,27475
chevrolet,c/k_1500_series,1997,regular_unleaded,200.0,6.0,manual,rear_wheel_drive,2.0,,large,regular_cab_pickup,20,15,1385,2486
lexus,rc_350,2015,premium_unleaded_(required),306.0,6.0,automatic,rear_wheel_drive,2.0,"luxury,performance",midsize,coupe,28,19,454,42790
dodge,stratus,2006,regular_unleaded,150.0,4.0,automatic,front_wheel_drive,4.0,flex_fuel,midsize,sedan,27,20,1851,20825
pontiac,vibe,2010,regular_unleaded,158.0,4.0,manual,front_wheel_drive,4.0,hatchback,compact,4dr_hatchback,28,21,210,17445
honda,insight,2014,regular_unleaded,98.0,4.0,automatic,front_wheel_drive,4.0,"hatchback,hybrid",compact,4dr_hatchback,44,41,2202,22190
dodge,ram_pickup_1500,2008,regular_unleaded,310.0,8.0,manual,four_wheel_drive,4.0,flex_fuel,large,crew_cab_pickup,16,12,1851,30655
ford,f-150,2015,flex-fuel_(unleaded/e85),282.0,6.0,automatic,rear_wheel_drive,4.0,flex_fuel,large,crew_cab_pickup,25,18,5657,36555
mercedes-benz,300-class,1991,regular_unleaded,177.0,6.0,automatic,rear_wheel_drive,4.0,luxury,large,sedan,19,15,617,2124
acura,zdx,2011,premium_unleaded_(required),300.0,6.0,automatic,all_wheel_drive,4.0,"crossover,hatchback,luxury",midsize,4dr_hatchback,23,16,204,46020
toyota,matrix,2011,regular_unleaded,158.0,4.0,automatic,front_wheel_drive,4.0,hatchback,compact,4dr_hatchback,29,21,2031,20755
ford,escape,2015,premium_unleaded_(recommended),178.0,4.0,automatic,all_wheel_drive,4.0,crossover,compact,4dr_suv,30,22,5657,31485
suzuki,xl7,2007,regular_unleaded,252.0,6.0,automatic,all_wheel_drive,4.0,crossover,midsize,4dr_suv,21,16,481,25949
subaru,wrx,2017,premium_unleaded_(recommended),268.0,4.0,manual,all_wheel_drive,4.0,performance,compact,sedan,27,20,640,26695
ford,focus,2017,flex-fuel_(unleaded/e85),160.0,4.0,automated_manual,front_wheel_drive,4.0,"hatchback,flex_fuel",compact,4dr_hatchback,40,27,5657,24075
cadillac,cts_coupe,2013,regular_unleaded,318.0,6.0,automatic,all_wheel_drive,2.0,"luxury,performance",midsize,coupe,27,18,1624,40805
cadillac,ats_coupe,2017,regular_unleaded,335.0,6.0,automatic,rear_wheel_drive,2.0,"luxury,high-performance",compact,coupe,30,20,1624,49495
ford,tempo,1994,regular_unleaded,96.0,4.0,manual,front_wheel_drive,4.0,,compact,sedan,30,21,5657,2000
gmc,sierra_1500_hybrid,2012,regular_unleaded,332.0,8.0,automatic,rear_wheel_drive,4.0,hybrid,large,crew_cab_pickup,23,20,549,46790
saab,9-3,2009,premium_unleaded_(recommended),210.0,4.0,manual,front_wheel_drive,4.0,luxury,compact,wagon,29,19,376,31790
lincoln,navigator,2015,regular_unleaded,365.0,6.0,automatic,four_wheel_drive,4.0,luxury,large,4dr_suv,19,15,61,67220
porsche,911,2016,premium_unleaded_(required),430.0,6.0,manual,rear_wheel_drive,2.0,"luxury,high-performance",compact,convertible,25,18,1715,126100
gmc,sierra_1500,2017,flex-fuel_(unleaded/e85),285.0,6.0,automatic,rear_wheel_drive,4.0,flex_fuel,large,extended_cab_pickup,24,18,549,37560
chrysler,pacifica,2017,regular_unleaded,287.0,6.0,automatic,front_wheel_drive,4.0,,midsize,passenger_minivan,28,18,1013,37895
chevrolet,trailblazer,2008,premium_unleaded_(required),390.0,8.0,automatic,rear_wheel_drive,4.0,"factory_tuner,performance",midsize,4dr_suv,16,12,1385,32155
dodge,dakota,2008,regular_unleaded,210.0,6.0,automatic,four_wheel_drive,4.0,,compact,extended_cab_pickup,18,14,1851,26280
pontiac,solstice,2009,premium_unleaded_(recommended),173.0,4.0,manual,rear_wheel_drive,2.0,performance,compact,coupe,25,19,210,26225
oldsmobile,silhouette,2002,regular_unleaded,185.0,6.0,automatic,front_wheel_drive,4.0,,midsize,passenger_minivan,24,17,26,31355
volkswagen,beetle_convertible,2014,premium_unleaded_(recommended),210.0,4.0,automated_manual,front_wheel_drive,2.0,performance,compact,convertible,29,23,873,34895
infiniti,g35,2008,premium_unleaded_(required),306.0,6.0,automatic,all_wheel_drive,4.0,"luxury,performance",midsize,sedan,23,17,190,34750
chevrolet,silverado_1500,2015,flex-fuel_(unleaded/e85),285.0,6.0,automatic,four_wheel_drive,4.0,flex_fuel,large,extended_cab_pickup,22,17,1385,34110
mazda,truck,2003,regular_unleaded,207.0,6.0,manual,four_wheel_drive,4.0,,compact,extended_cab_pickup,17,14,586,23150
suzuki,xl7,2007,regular_unleaded,252.0,6.0,automatic,all_wheel_drive,4.0,crossover,midsize,4dr_suv,21,16,481,31749
volvo,v60,2016,regular_unleaded,240.0,4.0,automatic,front_wheel_drive,4.0,luxury,midsize,wagon,29,25,870,38100
lexus,gs_200t,2017,premium_unleaded_(required),241.0,4.0,automatic,rear_wheel_drive,4.0,luxury,midsize,sedan,30,21,454,53980
land_rover,discovery,2004,premium_unleaded_(required),217.0,8.0,automatic,four_wheel_drive,4.0,luxury,midsize,4dr_suv,14,11,258,34330
mercedes-benz,e-class,2016,premium_unleaded_(required),302.0,6.0,automatic,all_wheel_drive,4.0,"luxury,performance",midsize,wagon,27,20,617,59900
ford,e-series_wagon,2014,flex-fuel_(unleaded/e85),225.0,8.0,automatic,rear_wheel_drive,3.0,flex_fuel,midsize,passenger_van,16,13,5657,32675
suzuki,xl-7,2006,regular_unleaded,185.0,6.0,automatic,rear_wheel_drive,4.0,,midsize,4dr_suv,21,16,481,23699
chevrolet,trax,2017,regular_unleaded,138.0,4.0,automatic,front_wheel_drive,4.0,crossover,compact,4dr_suv,33,25,1385,26100
chevrolet,trailblazer,2009,regular_unleaded,285.0,6.0,automatic,rear_wheel_drive,4.0,,midsize,4dr_suv,20,14,1385,33595
nissan,altima,2017,regular_unleaded,179.0,4.0,automatic,front_wheel_drive,4.0,,midsize,sedan,39,27,2009,22500
hyundai,genesis_coupe,2014,premium_unleaded_(recommended),348.0,6.0,automatic,rear_wheel_drive,2.0,high-performance,midsize,coupe,25,16,1439,32150
porsche,boxster,2014,premium_unleaded_(required),265.0,6.0,manual,rear_wheel_drive,2.0,"luxury,high-performance",compact,convertible,30,20,1715,50400
cadillac,cts_coupe,2012,regular_unleaded,318.0,6.0,automatic,rear_wheel_drive,2.0,"luxury,performance",midsize,coupe,27,18,1624,38715
chevrolet,s-10_blazer,1993,regular_unleaded,165.0,6.0,manual,rear_wheel_drive,2.0,,compact,2dr_suv,22,16,1385,2000
infiniti,g_convertible,2012,premium_unleaded_(recommended),325.0,6.0,automatic,rear_wheel_drive,2.0,"luxury,performance",midsize,convertible,25,17,190,46650
ford,f-250,1997,regular_unleaded,220.0,8.0,manual,rear_wheel_drive,2.0,,large,regular_cab_pickup,17,12,5657,2577
subaru,xt,1991,regular_unleaded,145.0,6.0,manual,all_wheel_drive,2.0,,compact,coupe,23,16,640,2000
hyundai,tiburon,2007,regular_unleaded,172.0,6.0,manual,front_wheel_drive,2.0,hatchback,compact,2dr_hatchback,24,16,1439,22095
chevrolet,s-10_blazer,1992,regular_unleaded,160.0,6.0,manual,four_wheel_drive,4.0,,midsize,4dr_suv,20,15,1385,2000
porsche,944,1991,regular_unleaded,208.0,4.0,manual,rear_wheel_drive,2.0,"hatchback,luxury,performance",compact,2dr_hatchback,24,15,1715,3047
chevrolet,sonic,2016,regular_unleaded,138.0,4.0,automatic,front_wheel_drive,4.0,hatchback,compact,4dr_hatchback,37,27,1385,20345
toyota,highlander,2015,regular_unleaded,270.0,6.0,automatic,all_wheel_drive,4.0,crossover,midsize,4dr_suv,24,18,2031,38050
toyota,previa,1996,regular_unleaded,161.0,4.0,automatic,rear_wheel_drive,3.0,,compact,passenger_minivan,20,16,2031,2064
nissan,200sx,1998,regular_unleaded,140.0,4.0,manual,front_wheel_drive,2.0,performance,compact,coupe,28,20,2009,2073
dodge,ram_wagon,2000,regular_unleaded,225.0,8.0,automatic,rear_wheel_drive,3.0,,midsize,passenger_van,14,11,1851,2332
cadillac,eldorado,2001,regular_unleaded,275.0,8.0,automatic,front_wheel_drive,2.0,luxury,large,coupe,25,15,1624,40436
lexus,rx_300,2001,premium_unleaded_(required),220.0,6.0,automatic,four_wheel_drive,4.0,"crossover,luxury",midsize,4dr_suv,21,16,454,35705
ford,e-series_wagon,2012,flex-fuel_(unleaded/e85),225.0,8.0,automatic,rear_wheel_drive,3.0,flex_fuel,midsize,passenger_van,16,13,5657,28760
mitsubishi,mirage,2017,regular_unleaded,78.0,3.0,automatic,front_wheel_drive,4.0,hatchback,compact,4dr_hatchback,43,37,436,15995
honda,odyssey,2016,regular_unleaded,248.0,6.0,automatic,front_wheel_drive,4.0,,large,passenger_minivan,28,19,2202,37650
toyota,sienna,2017,regular_unleaded,296.0,6.0,automatic,all_wheel_drive,4.0,,large,passenger_minivan,24,18,2031,35080
lexus,gs_400,1998,regular_unleaded,300.0,8.0,automatic,rear_wheel_drive,4.0,"luxury,performance",midsize,sedan,21,15,454,3542
volkswagen,tiguan,2015,premium_unleaded_(recommended),200.0,4.0,automatic,all_wheel_drive,4.0,crossover,compact,4dr_suv,26,20,873,28230
suzuki,kizashi,2011,regular_unleaded,185.0,4.0,manual,front_wheel_drive,4.0,,midsize,sedan,29,20,481,24849
kia,sephia,2001,regular_unleaded,125.0,4.0,automatic,front_wheel_drive,4.0,,compact,sedan,28,19,1720,11820
chevrolet,cruze,2015,diesel,148.0,4.0,automatic,front_wheel_drive,4.0,diesel,midsize,sedan,46,27,1385,25660
lamborghini,aventador,2014,premium_unleaded_(required),720.0,12.0,automated_manual,all_wheel_drive,2.0,"exotic,high-performance",midsize,coupe,18,11,1158,497650
gmc,safari_cargo,2005,regular_unleaded,190.0,6.0,automatic,rear_wheel_drive,3.0,,large,cargo_minivan,20,15,549,22930
nissan,rogue_select,2015,regular_unleaded,170.0,4.0,automatic,all_wheel_drive,4.0,crossover,midsize,4dr_suv,27,22,2009,21500
mazda,3,2015,regular_unleaded,184.0,4.0,automatic,front_wheel_drive,4.0,"hatchback,performance",compact,4dr_hatchback,37,27,586,25395
land_rover,range_rover_evoque,2015,premium_unleaded_(recommended),240.0,4.0,automatic,all_wheel_drive,4.0,"crossover,luxury",compact,4dr_suv,30,21,258,48300
toyota,tundra,2017,regular_unleaded,381.0,8.0,automatic,rear_wheel_drive,4.0,,large,crew_cab_pickup,18,13,2031,46980
hyundai,tiburon,2008,regular_unleaded,172.0,6.0,manual,front_wheel_drive,2.0,hatchback,compact,2dr_hatchback,24,17,1439,20170
toyota,avalon_hybrid,2015,regular_unleaded,200.0,4.0,automatic,front_wheel_drive,4.0,hybrid,midsize,sedan,39,40,2031,37800
gmc,acadia,2015,regular_unleaded,281.0,6.0,automatic,all_wheel_drive,4.0,crossover,midsize,4dr_suv,23,16,549,35975
ford,explorer,2016,flex-fuel_(unleaded/e85),290.0,6.0,automatic,all_wheel_drive,4.0,"crossover,flex_fuel",midsize,4dr_suv,23,16,5657,33050
saab,900,1998,regular_unleaded,185.0,4.0,manual,front_wheel_drive,4.0,"hatchback,luxury,performance",compact,4dr_hatchback,24,18,376,2000
gmc,envoy_xl,2006,regular_unleaded,291.0,6.0,automatic,rear_wheel_drive,4.0,,large,4dr_suv,19,14,549,27380
chevrolet,blazer,2004,regular_unleaded,190.0,6.0,manual,four_wheel_drive,2.0,,compact,2dr_suv,18,13,1385,24055
toyota,corolla,2016,regular_unleaded,132.0,4.0,manual,front_wheel_drive,4.0,,compact,sedan,37,28,2031,21665
lexus,nx_200t,2017,premium_unleaded_(required),235.0,4.0,automatic,all_wheel_drive,4.0,"crossover,luxury",midsize,4dr_suv,28,22,454,36485
infiniti,i30,1999,regular_unleaded,190.0,6.0,automatic,front_wheel_drive,4.0,luxury,midsize,sedan,25,18,190,2288
chevrolet,s-10,2003,regular_unleaded,190.0,6.0,manual,four_wheel_drive,3.0,,compact,extended_cab_pickup,17,12,1385,20270
ford,e-150,1998,regular_unleaded,200.0,6.0,automatic,rear_wheel_drive,3.0,,midsize,passenger_van,17,12,5657,2256
pontiac,6000,1991,regular_unleaded,140.0,6.0,automatic,front_wheel_drive,4.0,,midsize,wagon,28,17,210,2000
nissan,maxima,2016,premium_unleaded_(recommended),300.0,6.0,automatic,front_wheel_drive,4.0,high-performance,midsize,sedan,30,22,2009,34490
buick,rainier,2005,regular_unleaded,275.0,6.0,automatic,rear_wheel_drive,4.0,,midsize,4dr_suv,20,14,155,33785
oldsmobile,intrigue,2000,regular_unleaded,215.0,6.0,automatic,front_wheel_drive,4.0,,midsize,sedan,26,17,26,2233
acura,ilx,2016,premium_unleaded_(recommended),201.0,4.0,automated_manual,front_wheel_drive,4.0,luxury,compact,sedan,36,25,204,29200
mercedes-benz,190-class,1993,regular_unleaded,158.0,6.0,manual,rear_wheel_drive,4.0,luxury,compact,sedan,25,17,617,2000
mazda,b-series_pickup,2000,regular_unleaded,119.0,4.0,manual,rear_wheel_drive,2.0,,compact,regular_cab_pickup,24,20,586,2637
chevrolet,trailblazer,2009,regular_unleaded,285.0,6.0,automatic,four_wheel_drive,4.0,,midsize,4dr_suv,20,14,1385,31330
toyota,tundra,2017,flex-fuel_(unleaded/e85),381.0,8.0,automatic,rear_wheel_drive,4.0,flex_fuel,large,crew_cab_pickup,18,13,2031,46980
chevrolet,silverado_1500,2016,regular_unleaded,355.0,8.0,automatic,four_wheel_drive,4.0,flex_fuel,large,crew_cab_pickup,22,16,1385,45170
dodge,ram_pickup_1500,2010,regular_unleaded,215.0,6.0,automatic,rear_wheel_drive,2.0,flex_fuel,large,regular_cab_pickup,20,14,1851,20910
dodge,ram_pickup_1500,2009,flex-fuel_(unleaded/e85),310.0,8.0,automatic,rear_wheel_drive,4.0,flex_fuel,large,crew_cab_pickup,19,14,1851,31880
gmc,envoy_xl,2005,regular_unleaded,300.0,8.0,automatic,rear_wheel_drive,4.0,,large,4dr_suv,19,13,549,38160
suzuki,grand_vitara,2013,regular_unleaded,166.0,4.0,automatic,rear_wheel_drive,4.0,crossover,compact,4dr_suv,25,19,481,24449
saab,9-3,2009,premium_unleaded_(recommended),210.0,4.0,automatic,front_wheel_drive,4.0,luxury,compact,wagon,27,19,376,38305
dodge,colt,1993,regular_unleaded,92.0,4.0,manual,front_wheel_drive,2.0,,compact,coupe,36,28,1851,2000
chrysler,le_baron,1993,regular_unleaded,141.0,6.0,automatic,front_wheel_drive,2.0,,compact,coupe,26,18,1013,2000
ford,mustang,2016,premium_unleaded_(recommended),310.0,4.0,manual,rear_wheel_drive,2.0,performance,midsize,convertible,29,20,5657,35145
acura,rdx,2016,premium_unleaded_(recommended),279.0,6.0,automatic,all_wheel_drive,4.0,"crossover,luxury",midsize,4dr_suv,28,19,204,41870
volkswagen,jetta,2015,regular_unleaded,170.0,4.0,automatic,front_wheel_drive,4.0,,midsize,sedan,37,25,873,25380
chevrolet,s-10_blazer,1994,regular_unleaded,165.0,6.0,manual,rear_wheel_drive,4.0,,midsize,4dr_suv,20,15,1385,2000
chevrolet,uplander,2008,regular_unleaded,240.0,6.0,automatic,front_wheel_drive,4.0,flex_fuel,midsize,passenger_minivan,23,16,1385,24250
bmw,1_series,2013,premium_unleaded_(required),320.0,6.0,manual,rear_wheel_drive,2.0,"luxury,high-performance",compact,convertible,25,18,3916,48250
toyota,corolla,2015,regular_unleaded,132.0,4.0,automatic,front_wheel_drive,4.0,,compact,sedan,38,29,2031,18565
hyundai,sonata,2017,regular_unleaded,185.0,4.0,automatic,front_wheel_drive,4.0,,midsize,sedan,36,25,1439,23400
aston_martin,dbs,2012,premium_unleaded_(required),510.0,12.0,manual,rear_wheel_drive,2.0,"exotic,high-performance",midsize,convertible,17,11,259,290461
bmw,z3,2001,premium_unleaded_(required),225.0,6.0,manual,rear_wheel_drive,2.0,"luxury,performance",compact,convertible,26,19,3916,37900
volkswagen,jetta,2015,diesel,150.0,4.0,automated_manual,front_wheel_drive,4.0,diesel,midsize,sedan,45,31,873,25175
acura,cl,2003,premium_unleaded_(required),225.0,6.0,automatic,front_wheel_drive,2.0,luxury,midsize,coupe,27,17,204,28200
cadillac,xts,2017,regular_unleaded,304.0,6.0,automatic,front_wheel_drive,4.0,"luxury,performance",large,sedan,28,18,1624,55795
honda,accord_crosstour,2010,regular_unleaded,271.0,6.0,automatic,all_wheel_drive,4.0,"crossover,hatchback",midsize,4dr_hatchback,25,17,2202,34020
gmc,yukon_hybrid,2013,regular_unleaded,332.0,8.0,automatic,rear_wheel_drive,4.0,"luxury,hybrid",large,4dr_suv,23,20,549,54145
dodge,ram_pickup_1500,2009,flex-fuel_(unleaded/e85),310.0,8.0,automatic,four_wheel_drive,2.0,flex_fuel,large,regular_cab_pickup,18,13,1851,26275
nissan,frontier,2015,regular_unleaded,261.0,6.0,automatic,four_wheel_drive,4.0,,compact,crew_cab_pickup,21,15,2009,35260
audi,s5,2016,premium_unleaded_(required),333.0,6.0,manual,all_wheel_drive,2.0,"factory_tuner,luxury,high-performance",midsize,coupe,26,17,3105,53100
chevrolet,trax,2017,regular_unleaded,138.0,4.0,automatic,front_wheel_drive,4.0,crossover,compact,4dr_suv,33,25,1385,22900
volkswagen,gti,2013,premium_unleaded_(recommended),200.0,4.0,manual,front_wheel_drive,4.0,"hatchback,performance",compact,4dr_hatchback,31,21,873,25095
infiniti,m45,2008,premium_unleaded_(required),325.0,8.0,automatic,rear_wheel_drive,4.0,"luxury,performance",large,sedan,21,16,190,50250
gmc,envoy,2009,regular_unleaded,285.0,6.0,automatic,rear_wheel_drive,4.0,,midsize,4dr_suv,20,14,549,33480
honda,passport,2002,regular_unleaded,205.0,6.0,manual,rear_wheel_drive,4.0,,midsize,4dr_suv,19,15,2202,23300
chrysler,300,2016,regular_unleaded,292.0,6.0,automatic,rear_wheel_drive,4.0,,large,sedan,31,19,1013,35255
ford,edge,2015,premium_unleaded_(recommended),245.0,4.0,automatic,front_wheel_drive,4.0,crossover,midsize,4dr_suv,30,20,5657,35600
nissan,xterra,2013,regular_unleaded,261.0,6.0,manual,four_wheel_drive,4.0,,midsize,4dr_suv,20,16,2009,29440
chevrolet,cobalt,2009,regular_unleaded,155.0,4.0,manual,front_wheel_drive,2.0,,compact,coupe,37,25,1385,14990
mitsubishi,montero,2005,regular_unleaded,215.0,6.0,automatic,four_wheel_drive,4.0,,midsize,4dr_suv,17,13,436,35799
gmc,envoy,2008,regular_unleaded,285.0,6.0,automatic,four_wheel_drive,4.0,,midsize,4dr_suv,20,14,549,34020
bentley,flying_spur,2014,flex-fuel_(premium_unleaded_required/e85),616.0,12.0,automatic,all_wheel_drive,4.0,"exotic,flex_fuel,luxury,high-performance",large,sedan,20,12,520,200500
volkswagen,jetta,2015,regular_unleaded,115.0,4.0,automatic,front_wheel_drive,4.0,,midsize,sedan,34,23,873,18425
toyota,pickup,1994,regular_unleaded,116.0,4.0,manual,four_wheel_drive,2.0,,compact,regular_cab_pickup,20,17,2031,2115
gmc,envoy_xl,2006,regular_unleaded,300.0,8.0,automatic,rear_wheel_drive,4.0,,large,4dr_suv,19,14,549,35350
dodge,monaco,1990,regular_unleaded,150.0,6.0,automatic,front_wheel_drive,4.0,,midsize,sedan,24,15,1851,2000
mazda,3,2016,regular_unleaded,155.0,4.0,manual,front_wheel_drive,4.0,,compact,sedan,41,29,586,22545
gmc,savana_cargo,2016,flex-fuel_(unleaded/e85),285.0,8.0,automatic,rear_wheel_drive,3.0,flex_fuel,midsize,cargo_van,16,11,549,30595
cadillac,cts_wagon,2012,regular_unleaded,318.0,6.0,automatic,rear_wheel_drive,4.0,"luxury,performance",midsize,wagon,26,18,1624,49750
mazda,cx-9,2015,regular_unleaded,273.0,6.0,automatic,all_wheel_drive,4.0,crossover,large,4dr_suv,22,16,586,34070
subaru,forester,2015,regular_unleaded,170.0,4.0,automatic,all_wheel_drive,4.0,crossover,midsize,4dr_suv,32,24,640,28095
buick,enclave,2016,regular_unleaded,288.0,6.0,automatic,all_wheel_drive,4.0,crossover,midsize,4dr_suv,22,15,155,45660
acura,rdx,2017,premium_unleaded_(recommended),279.0,6.0,automatic,front_wheel_drive,4.0,"crossover,luxury",midsize,4dr_suv,28,20,204,42220
ford,escape,2016,premium_unleaded_(recommended),178.0,4.0,automatic,all_wheel_drive,4.0,crossover,compact,4dr_suv,29,22,5657,31745
bmw,3_series,2015,premium_unleaded_(required),240.0,4.0,automatic,rear_wheel_drive,4.0,"luxury,performance",midsize,sedan,35,23,3916,37500
nissan,frontier,2016,regular_unleaded,152.0,4.0,automatic,rear_wheel_drive,4.0,,compact,extended_cab_pickup,23,17,2009,20960
subaru,baja,2006,regular_unleaded,165.0,4.0,manual,all_wheel_drive,4.0,crossover,compact,crew_cab_pickup,26,20,640,22495
mitsubishi,eclipse,2011,regular_unleaded,162.0,4.0,manual,front_wheel_drive,2.0,hatchback,compact,2dr_hatchback,28,20,436,18999
chevrolet,cruze,2015,regular_unleaded,138.0,4.0,manual,front_wheel_drive,4.0,,midsize,sedan,36,25,1385,16170
subaru,b9_tribeca,2006,premium_unleaded_(required),250.0,6.0,automatic,all_wheel_drive,4.0,crossover,midsize,4dr_suv,21,16,640,35695
mitsubishi,outlander_sport,2016,regular_unleaded,168.0,4.0,automatic,four_wheel_drive,4.0,crossover,compact,4dr_suv,27,22,436,22695
volkswagen,jetta_gli,2013,premium_unleaded_(recommended),200.0,4.0,manual,front_wheel_drive,4.0,performance,midsize,sedan,33,22,873,23945
mercedes-benz,c-class,2015,premium_unleaded_(required),201.0,4.0,automatic,rear_wheel_drive,2.0,luxury,compact,coupe,31,22,617,39400
infiniti,q45,2006,premium_unleaded_(required),340.0,8.0,automatic,rear_wheel_drive,4.0,"luxury,performance",large,sedan,22,15,190,58100
nissan,370z,2016,premium_unleaded_(required),332.0,6.0,automatic,rear_wheel_drive,2.0,high-performance,compact,convertible,25,18,2009,49400
plymouth,acclaim,1994,regular_unleaded,106.0,4.0,automatic,front_wheel_drive,4.0,,compact,sedan,25,19,535,2000
infiniti,qx60,2015,premium_unleaded_(recommended),265.0,6.0,automatic,front_wheel_drive,4.0,"crossover,luxury",large,4dr_suv,27,21,190,42400
chevrolet,silverado_1500,2015,flex-fuel_(unleaded/e85),285.0,6.0,automatic,rear_wheel_drive,2.0,flex_fuel,large,regular_cab_pickup,24,18,1385,26495
subaru,brz,2017,premium_unleaded_(required),205.0,4.0,manual,rear_wheel_drive,2.0,performance,compact,coupe,29,21,640,25495
toyota,venza,2015,regular_unleaded,181.0,4.0,automatic,front_wheel_drive,4.0,crossover,midsize,wagon,26,20,2031,32110
aston_martin,rapide,2012,premium_unleaded_(required),470.0,12.0,automatic,rear_wheel_drive,4.0,"exotic,high-performance",large,sedan,19,13,259,207895
nissan,frontier,2017,regular_unleaded,261.0,6.0,automatic,rear_wheel_drive,4.0,,compact,extended_cab_pickup,23,16,2009,25200
pontiac,aztek,2003,regular_unleaded,185.0,6.0,automatic,all_wheel_drive,4.0,crossover,midsize,4dr_suv,22,16,210,23820
suzuki,equator,2011,regular_unleaded,152.0,4.0,automatic,rear_wheel_drive,4.0,,compact,extended_cab_pickup,22,17,481,22479
mazda,cx-3,2017,regular_unleaded,146.0,4.0,automatic,front_wheel_drive,4.0,crossover,compact,4dr_suv,34,29,586,21960
honda,ridgeline,2017,regular_unleaded,280.0,6.0,automatic,all_wheel_drive,4.0,,large,crew_cab_pickup,25,18,2202,35580
chevrolet,colorado,2012,regular_unleaded,185.0,4.0,automatic,four_wheel_drive,4.0,,compact,extended_cab_pickup,23,17,1385,26620
nissan,frontier,2017,regular_unleaded,261.0,6.0,automatic,rear_wheel_drive,4.0,,compact,crew_cab_pickup,23,16,2009,26470
volvo,xc90,2017,premium_unleaded_(recommended),250.0,4.0,automatic,front_wheel_drive,4.0,"crossover,luxury",large,4dr_suv,26,22,870,45750
audi,r8,2014,premium_unleaded_(required),430.0,8.0,automated_manual,all_wheel_drive,2.0,"luxury,high-performance",compact,coupe,23,14,3105,124000
volkswagen,rabbit,2008,regular_unleaded,170.0,5.0,automatic,front_wheel_drive,4.0,hatchback,compact,4dr_hatchback,29,21,873,18650
chevrolet,colorado,2012,regular_unleaded,185.0,4.0,automatic,rear_wheel_drive,4.0,,compact,extended_cab_pickup,25,18,1385,22955
dodge,neon,2003,regular_unleaded,132.0,4.0,manual,front_wheel_drive,4.0,,compact,sedan,32,25,1851,13030
cadillac,cts_wagon,2013,regular_unleaded,270.0,6.0,automatic,rear_wheel_drive,4.0,luxury,midsize,wagon,26,18,1624,39205
chevrolet,sonic,2017,regular_unleaded,138.0,4.0,automatic,front_wheel_drive,4.0,,compact,sedan,36,27,1385,20415
rolls-royce,silver_seraph,2001,premium_unleaded_(required),322.0,12.0,automatic,rear_wheel_drive,4.0,"exotic,luxury",large,sedan,15,11,86,219900
chevrolet,silverado_1500_classic,2007,regular_unleaded,195.0,6.0,manual,rear_wheel_drive,2.0,flex_fuel,large,regular_cab_pickup,21,15,1385,15840
volkswagen,routan,2012,flex-fuel_(unleaded/e85),283.0,6.0,automatic,front_wheel_drive,4.0,flex_fuel,midsize,passenger_minivan,25,17,873,34490
volkswagen,jetta_sportwagen,2014,regular_unleaded,170.0,5.0,automatic,front_wheel_drive,4.0,,compact,wagon,30,23,873,22095
ford,f-150,2017,flex-fuel_(unleaded/e85),282.0,6.0,automatic,four_wheel_drive,2.0,flex_fuel,large,regular_cab_pickup,23,17,5657,35630
bmw,4_series,2015,premium_unleaded_(required),300.0,6.0,automatic,all_wheel_drive,2.0,"luxury,performance",midsize,coupe,30,20,3916,48250
ford,f-250,1998,regular_unleaded,220.0,8.0,manual,four_wheel_drive,3.0,,large,extended_cab_pickup,16,13,5657,3822
chevrolet,black_diamond_avalanche,2013,flex-fuel_(unleaded/e85),320.0,8.0,automatic,four_wheel_drive,4.0,"crossover,flex_fuel",large,crew_cab_pickup,21,15,1385,41675
oldsmobile,achieva,1996,regular_unleaded,150.0,4.0,manual,front_wheel_drive,4.0,,midsize,sedan,30,20,26,2000
cadillac,cts-v_coupe,2013,premium_unleaded_(required),556.0,8.0,manual,rear_wheel_drive,2.0,"factory_tuner,luxury,high-performance",midsize,coupe,19,14,1624,63215
mitsubishi,eclipse,2011,regular_unleaded,162.0,4.0,automatic,front_wheel_drive,2.0,hatchback,compact,2dr_hatchback,28,20,436,19999
infiniti,g37_coupe,2010,premium_unleaded_(recommended),330.0,6.0,automatic,rear_wheel_drive,2.0,luxury,midsize,coupe,27,19,190,36050
infiniti,g_coupe,2011,premium_unleaded_(recommended),330.0,6.0,automatic,rear_wheel_drive,2.0,luxury,midsize,coupe,27,19,190,37150
cadillac,xts,2016,regular_unleaded,304.0,6.0,automatic,front_wheel_drive,4.0,"luxury,performance",large,sedan,28,18,1624,49250
chevrolet,corvette,2016,premium_unleaded_(recommended),460.0,8.0,manual,rear_wheel_drive,2.0,high-performance,compact,coupe,29,17,1385,64855
cadillac,ats,2017,regular_unleaded,335.0,6.0,automatic,rear_wheel_drive,4.0,"luxury,high-performance",midsize,sedan,30,20,1624,43995
mazda,6,2015,regular_unleaded,184.0,4.0,automatic,front_wheel_drive,4.0,,midsize,sedan,38,26,586,24895
audi,rs_5,2015,premium_unleaded_(required),450.0,8.0,automated_manual,all_wheel_drive,2.0,"factory_tuner,luxury,high-performance",midsize,convertible,22,16,3105,79200
nissan,versa_note,2016,regular_unleaded,109.0,4.0,automatic,front_wheel_drive,4.0,hatchback,compact,4dr_hatchback,40,31,2009,16380
suzuki,xl7,2007,regular_unleaded,252.0,6.0,automatic,all_wheel_drive,4.0,crossover,midsize,4dr_suv,21,16,481,28349
gmc,sierra_1500,2016,flex-fuel_(unleaded/e85),285.0,6.0,automatic,four_wheel_drive,4.0,flex_fuel,large,extended_cab_pickup,22,17,549,35370
dodge,charger,2016,regular_unleaded,370.0,8.0,automatic,rear_wheel_drive,4.0,high-performance,large,sedan,25,16,1851,33895
infiniti,ex,2011,premium_unleaded_(recommended),297.0,6.0,automatic,rear_wheel_drive,4.0,"crossover,luxury",midsize,4dr_suv,24,17,190,35200
chevrolet,sonic,2016,regular_unleaded,138.0,4.0,automatic,front_wheel_drive,4.0,hatchback,compact,4dr_hatchback,35,24,1385,16195
chevrolet,silverado_1500,2016,regular_unleaded,355.0,8.0,automatic,four_wheel_drive,4.0,,large,crew_cab_pickup,22,16,1385,47135
oldsmobile,intrigue,2001,regular_unleaded,215.0,6.0,automatic,front_wheel_drive,4.0,,midsize,sedan,26,17,26,22515
buick,lacrosse,2017,regular_unleaded,310.0,6.0,automatic,front_wheel_drive,4.0,performance,large,sedan,31,21,155,38665
honda,fit,2016,regular_unleaded,130.0,4.0,manual,front_wheel_drive,4.0,hatchback,compact,4dr_hatchback,37,29,2202,15890
acura,tl,2014,premium_unleaded_(recommended),280.0,6.0,automatic,front_wheel_drive,4.0,"luxury,performance",midsize,sedan,29,20,204,41960
pontiac,sunbird,1993,regular_unleaded,110.0,4.0,manual,front_wheel_drive,2.0,,compact,coupe,32,22,210,2000
honda,prelude,2000,regular_unleaded,200.0,4.0,manual,front_wheel_drive,2.0,performance,compact,coupe,25,20,2202,3407
scion,xd,2012,regular_unleaded,128.0,4.0,manual,front_wheel_drive,4.0,hatchback,compact,4dr_hatchback,33,27,105,15345
acura,tlx,2016,premium_unleaded_(recommended),206.0,4.0,automated_manual,front_wheel_drive,4.0,luxury,midsize,sedan,35,24,204,31695
buick,lacrosse,2016,flex-fuel_(unleaded/e85),304.0,6.0,automatic,front_wheel_drive,4.0,flex_fuel,large,sedan,28,18,155,31065
pontiac,aztek,2003,regular_unleaded,185.0,6.0,automatic,front_wheel_drive,4.0,crossover,midsize,4dr_suv,24,17,210,20870
toyota,camry_hybrid,2017,regular_unleaded,200.0,4.0,automatic,front_wheel_drive,4.0,hybrid,midsize,sedan,38,42,2031,26790
oldsmobile,cutlass_supreme,1996,regular_unleaded,160.0,6.0,automatic,front_wheel_drive,2.0,,midsize,coupe,26,18,26,2000
saab,9-3,2010,premium_unleaded_(recommended),207.0,4.0,manual,front_wheel_drive,2.0,luxury,compact,convertible,29,20,376,39990
volkswagen,new_beetle,2008,regular_unleaded,150.0,5.0,manual,front_wheel_drive,2.0,hatchback,compact,2dr_hatchback,28,20,873,17475
buick,lacrosse,2016,flex-fuel_(unleaded/e85),304.0,6.0,automatic,front_wheel_drive,4.0,"flex_fuel,performance",large,sedan,28,18,155,34065
toyota,tundra,2015,flex-fuel_(unleaded/e85),381.0,8.0,automatic,four_wheel_drive,4.0,flex_fuel,large,crew_cab_pickup,17,13,2031,42550
volvo,s60,2016,regular_unleaded,302.0,4.0,automatic,front_wheel_drive,4.0,"luxury,high-performance",midsize,sedan,33,23,870,39450
volkswagen,gti,2013,premium_unleaded_(recommended),200.0,4.0,automated_manual,front_wheel_drive,4.0,"hatchback,performance",compact,4dr_hatchback,33,24,873,25895
ford,e-series_wagon,2013,flex-fuel_(unleaded/e85),225.0,8.0,automatic,rear_wheel_drive,3.0,flex_fuel,midsize,passenger_van,16,13,5657,29455
toyota,tacoma,2015,regular_unleaded,159.0,4.0,automatic,four_wheel_drive,4.0,,compact,extended_cab_pickup,21,18,2031,25700
mercedes-benz,gla-class,2015,premium_unleaded_(required),208.0,4.0,automated_manual,front_wheel_drive,4.0,"crossover,luxury",compact,4dr_suv,35,25,617,31300
audi,a5,2016,premium_unleaded_(required),220.0,4.0,automatic,all_wheel_drive,2.0,luxury,midsize,convertible,29,21,3105,47900
toyota,paseo,1997,regular_unleaded,93.0,4.0,manual,front_wheel_drive,2.0,,compact,coupe,34,26,2031,2000
kia,rondo,2008,regular_unleaded,162.0,4.0,automatic,front_wheel_drive,4.0,,compact,wagon,26,19,1720,19195
gmc,acadia_limited,2017,regular_unleaded,281.0,6.0,automatic,front_wheel_drive,4.0,crossover,midsize,4dr_suv,22,15,549,43850
audi,q3,2015,premium_unleaded_(recommended),200.0,4.0,automatic,front_wheel_drive,4.0,"crossover,luxury",compact,4dr_suv,29,20,3105,32500
chevrolet,venture,2003,regular_unleaded,185.0,6.0,automatic,all_wheel_drive,4.0,,midsize,passenger_minivan,22,16,1385,29740
dodge,durango,2015,regular_unleaded,290.0,6.0,automatic,rear_wheel_drive,4.0,"crossover,performance",large,4dr_suv,25,18,1851,40995
bmw,3_series,2017,premium_unleaded_(recommended),180.0,4.0,automatic,rear_wheel_drive,4.0,luxury,midsize,sedan,35,23,3916,33450
volvo,xc60,2015,regular_unleaded,300.0,6.0,automatic,all_wheel_drive,4.0,"crossover,luxury,performance",midsize,4dr_suv,24,17,870,45550
chevrolet,uplander,2008,regular_unleaded,240.0,6.0,automatic,front_wheel_drive,4.0,flex_fuel,compact,passenger_minivan,23,16,1385,21540
ford,e-150,1997,regular_unleaded,200.0,6.0,automatic,rear_wheel_drive,3.0,,midsize,passenger_van,17,12,5657,2000
chevrolet,express,2014,flex-fuel_(unleaded/e85),285.0,8.0,automatic,rear_wheel_drive,3.0,flex_fuel,large,passenger_van,17,11,1385,36030
toyota,4runner,2016,regular_unleaded,270.0,6.0,automatic,four_wheel_drive,4.0,,midsize,4dr_suv,21,17,2031,44360
infiniti,q70,2016,premium_unleaded_(required),330.0,6.0,automatic,all_wheel_drive,4.0,"luxury,performance",large,sedan,24,18,190,52000
porsche,968,1994,regular_unleaded,236.0,4.0,manual,rear_wheel_drive,2.0,"luxury,performance",compact,coupe,24,15,1715,4191
gmc,sierra_1500_hybrid,2011,regular_unleaded,332.0,8.0,automatic,four_wheel_drive,4.0,hybrid,large,crew_cab_pickup,23,20,549,48575
maserati,spyder,2004,premium_unleaded_(required),390.0,8.0,manual,rear_wheel_drive,2.0,"exotic,luxury,high-performance",compact,convertible,15,10,238,85542
chevrolet,colorado,2015,regular_unleaded,305.0,6.0,automatic,four_wheel_drive,4.0,,compact,crew_cab_pickup,24,17,1385,30005
nissan,nx,1992,regular_unleaded,140.0,4.0,manual,front_wheel_drive,2.0,"hatchback,performance",compact,2dr_hatchback,28,20,2009,2000
mazda,tribute,2011,regular_unleaded,171.0,4.0,automatic,all_wheel_drive,4.0,crossover,compact,4dr_suv,26,20,586,27455
suzuki,vitara,2003,regular_unleaded,127.0,4.0,manual,rear_wheel_drive,4.0,,compact,4dr_suv,23,20,481,16799
bmw,1_series,2012,premium_unleaded_(required),300.0,6.0,manual,rear_wheel_drive,2.0,"luxury,performance",compact,convertible,26,17,3916,44100
mazda,tribute_hybrid,2009,regular_unleaded,177.0,4.0,automatic,front_wheel_drive,4.0,"crossover,hybrid",compact,4dr_suv,31,34,586,29175
toyota,highlander,2015,regular_unleaded,270.0,6.0,automatic,all_wheel_drive,4.0,crossover,midsize,4dr_suv,24,18,2031,41650
lincoln,mkz,2016,regular_unleaded,231.0,4.0,automatic,front_wheel_drive,4.0,luxury,midsize,sedan,33,22,61,45605
hyundai,elantra_coupe,2014,regular_unleaded,166.0,4.0,automatic,front_wheel_drive,2.0,,compact,coupe,34,24,1439,19600
ford,flex,2016,premium_unleaded_(recommended),365.0,6.0,automatic,all_wheel_drive,4.0,crossover,large,wagon,21,15,5657,42600
volvo,xc60,2015,regular_unleaded,240.0,6.0,automatic,all_wheel_drive,4.0,"crossover,luxury",midsize,4dr_suv,25,18,870,41750
chevrolet,aveo,2009,regular_unleaded,107.0,4.0,manual,front_wheel_drive,4.0,,compact,sedan,34,27,1385,14100
chevrolet,silverado_1500_classic,2007,regular_unleaded,285.0,8.0,automatic,rear_wheel_drive,2.0,flex_fuel,large,regular_cab_pickup,19,15,1385,23640
audi,90,1993,regular_unleaded,172.0,6.0,manual,front_wheel_drive,4.0,luxury,compact,sedan,24,18,3105,2000
scion,tc,2014,regular_unleaded,179.0,4.0,manual,front_wheel_drive,2.0,hatchback,compact,2dr_hatchback,31,23,105,21400
mitsubishi,expo,1993,regular_unleaded,136.0,4.0,manual,front_wheel_drive,2.0,hatchback,compact,2dr_hatchback,26,19,436,2000
tesla,model_s,2014,electric,,0.0,direct_drive,all_wheel_drive,4.0,"exotic,high-performance",large,sedan,94,86,1391,104500
chrysler,town_and_country,2016,flex-fuel_(unleaded/e85),283.0,6.0,automatic,front_wheel_drive,4.0,flex_fuel,midsize,passenger_minivan,25,17,1013,34145
honda,s2000,2008,premium_unleaded_(required),237.0,4.0,manual,rear_wheel_drive,2.0,"factory_tuner,performance",compact,convertible,25,18,2202,37300
bmw,m5,2014,premium_unleaded_(required),552.0,8.0,automated_manual,rear_wheel_drive,4.0,"factory_tuner,luxury,high-performance",large,sedan,20,14,3916,92900
mazda,cx-7,2011,regular_unleaded,161.0,4.0,automatic,front_wheel_drive,4.0,crossover,midsize,4dr_suv,28,20,586,21990
kia,sorento,2017,regular_unleaded,290.0,6.0,automatic,front_wheel_drive,4.0,crossover,midsize,4dr_suv,25,18,1720,28990
plymouth,voyager,1999,regular_unleaded,150.0,4.0,automatic,front_wheel_drive,3.0,,midsize,passenger_minivan,24,18,535,2000
ford,aerostar,1997,regular_unleaded,140.0,6.0,automatic,rear_wheel_drive,3.0,,large,passenger_minivan,22,15,5657,2000
gmc,savana_cargo,2016,flex-fuel_(unleaded/e85),285.0,8.0,automatic,rear_wheel_drive,3.0,flex_fuel,large,cargo_van,16,11,549,32455
cadillac,cts,2016,regular_unleaded,335.0,6.0,automatic,rear_wheel_drive,4.0,"luxury,high-performance",large,sedan,30,20,1624,62685
volvo,xc60,2015,regular_unleaded,240.0,4.0,automatic,front_wheel_drive,4.0,"crossover,luxury",midsize,4dr_suv,31,24,870,43900
fiat,124_spider,2017,premium_unleaded_(recommended),160.0,4.0,manual,rear_wheel_drive,2.0,performance,compact,convertible,35,26,819,24995
nissan,frontier,2017,regular_unleaded,261.0,6.0,automatic,four_wheel_drive,4.0,,compact,extended_cab_pickup,21,15,2009,27320
mazda,protege,2003,regular_unleaded,130.0,4.0,manual,front_wheel_drive,4.0,,compact,sedan,28,22,586,15415
toyota,camry,2015,regular_unleaded,268.0,6.0,automatic,front_wheel_drive,4.0,performance,midsize,sedan,31,21,2031,31370
cadillac,escalade,2015,flex-fuel_(unleaded/e85),420.0,8.0,automatic,four_wheel_drive,4.0,"flex_fuel,luxury,performance",large,4dr_suv,21,14,1624,78295
bmw,m,2001,premium_unleaded_(required),315.0,6.0,manual,rear_wheel_drive,2.0,"factory_tuner,luxury,high-performance",compact,convertible,23,15,3916,45990
volkswagen,gti,2012,premium_unleaded_(recommended),200.0,4.0,manual,front_wheel_drive,4.0,"hatchback,performance",compact,4dr_hatchback,31,21,873,26875
nissan,murano,2016,regular_unleaded,260.0,6.0,automatic,front_wheel_drive,4.0,crossover,midsize,4dr_suv,28,21,2009,37130
chevrolet,silverado_1500,2016,flex-fuel_(unleaded/e85),285.0,6.0,automatic,four_wheel_drive,4.0,flex_fuel,large,crew_cab_pickup,22,17,1385,41865
suzuki,sx4,2013,regular_unleaded,150.0,4.0,manual,all_wheel_drive,4.0,"crossover,hatchback",compact,4dr_hatchback,30,22,481,19349
bmw,3_series,2017,diesel,180.0,4.0,automatic,rear_wheel_drive,4.0,"diesel,luxury",midsize,sedan,42,32,3916,40250
toyota,pickup,1994,regular_unleaded,150.0,6.0,manual,four_wheel_drive,2.0,,compact,extended_cab_pickup,17,14,2031,2423
subaru,wrx,2015,premium_unleaded_(recommended),268.0,4.0,automatic,all_wheel_drive,4.0,performance,compact,sedan,25,19,640,29695
gmc,savana_cargo,2015,flex-fuel_(unleaded/e85),285.0,8.0,automatic,rear_wheel_drive,3.0,flex_fuel,midsize,cargo_van,17,11,549,29555
kia,rondo,2008,regular_unleaded,162.0,4.0,automatic,front_wheel_drive,4.0,,compact,wagon,26,19,1720,16395
subaru,legacy,2016,regular_unleaded,175.0,4.0,automatic,all_wheel_drive,4.0,,midsize,sedan,36,26,640,24145
hyundai,veloster,2016,regular_unleaded,132.0,4.0,manual,front_wheel_drive,3.0,hatchback,compact,2dr_hatchback,35,27,1439,18000
fiat,500,2017,premium_unleaded_(recommended),101.0,4.0,automatic,front_wheel_drive,2.0,hatchback,compact,2dr_hatchback,33,27,819,15990
lincoln,aviator,2005,premium_unleaded_(required),302.0,8.0,automatic,all_wheel_drive,4.0,luxury,midsize,4dr_suv,16,11,61,43585
mazda,b-series_truck,2007,regular_unleaded,207.0,6.0,automatic,four_wheel_drive,4.0,,compact,extended_cab_pickup,17,14,586,26590
dodge,ram_250,1992,regular_unleaded,230.0,8.0,manual,four_wheel_drive,2.0,,large,extended_cab_pickup,15,12,1851,2093
toyota,sienna,2016,regular_unleaded,266.0,6.0,automatic,front_wheel_drive,4.0,,large,passenger_minivan,25,18,2031,39930
toyota,paseo,1995,regular_unleaded,100.0,4.0,manual,front_wheel_drive,2.0,,compact,coupe,33,25,2031,2000
suzuki,forenza,2008,regular_unleaded,127.0,4.0,automatic,front_wheel_drive,4.0,,compact,wagon,27,19,481,17689
chevrolet,trailblazer_ext,2004,regular_unleaded,275.0,6.0,automatic,rear_wheel_drive,4.0,,large,4dr_suv,18,13,1385,31970
toyota,tacoma,2016,regular_unleaded,159.0,4.0,automatic,rear_wheel_drive,4.0,,compact,crew_cab_pickup,23,19,2031,24490
chevrolet,c/k_1500_series,1997,regular_unleaded,200.0,6.0,manual,rear_wheel_drive,2.0,,large,regular_cab_pickup,20,15,1385,2529
chevrolet,avalanche,2010,flex-fuel_(unleaded/e85),320.0,8.0,automatic,rear_wheel_drive,4.0,"crossover,flex_fuel",large,crew_cab_pickup,21,15,1385,45815
chevrolet,blazer,2003,regular_unleaded,190.0,6.0,automatic,four_wheel_drive,4.0,,midsize,4dr_suv,17,13,1385,26695
lamborghini,gallardo,2014,premium_unleaded_(required),560.0,10.0,automated_manual,all_wheel_drive,2.0,"exotic,high-performance",compact,convertible,20,13,1158,225400
subaru,legacy,2015,regular_unleaded,175.0,4.0,automatic,all_wheel_drive,4.0,,midsize,sedan,36,26,640,23795
ford,e-series_van,2013,flex-fuel_(unleaded/e85),225.0,8.0,automatic,rear_wheel_drive,3.0,flex_fuel,midsize,cargo_van,17,13,5657,28785
chevrolet,traverse,2016,regular_unleaded,288.0,6.0,automatic,front_wheel_drive,4.0,crossover,midsize,4dr_suv,22,15,1385,42145
volkswagen,jetta_sportwagen,2014,diesel,140.0,4.0,automated_manual,front_wheel_drive,4.0,diesel,compact,wagon,39,29,873,29465
lincoln,mark_viii,1996,regular_unleaded,280.0,8.0,automatic,rear_wheel_drive,2.0,luxury,large,coupe,24,16,61,2000
ford,f-150,2017,flex-fuel_(unleaded/e85),385.0,8.0,automatic,four_wheel_drive,4.0,flex_fuel,large,crew_cab_pickup,21,15,5657,42425
volkswagen,jetta_gli,2013,premium_unleaded_(recommended),200.0,4.0,automated_manual,front_wheel_drive,4.0,performance,midsize,sedan,32,24,873,29300
audi,a6,2015,premium_unleaded_(required),310.0,6.0,automatic,all_wheel_drive,4.0,luxury,midsize,sedan,27,18,3105,60100
ford,mustang,2017,regular_unleaded,300.0,6.0,manual,rear_wheel_drive,2.0,,midsize,coupe,27,18,5657,24645
kia,forte,2015,regular_unleaded,173.0,4.0,automatic,front_wheel_drive,4.0,,compact,sedan,36,25,1720,19390
honda,fit,2017,regular_unleaded,130.0,4.0,manual,front_wheel_drive,4.0,hatchback,compact,4dr_hatchback,36,29,2202,17900
hyundai,santa_fe_sport,2015,regular_unleaded,190.0,4.0,automatic,front_wheel_drive,4.0,crossover,midsize,4dr_suv,27,20,1439,24950
toyota,yaris,2015,regular_unleaded,106.0,4.0,manual,front_wheel_drive,4.0,hatchback,compact,4dr_hatchback,37,30,2031,16820
bmw,m2,2016,premium_unleaded_(required),365.0,6.0,manual,rear_wheel_drive,2.0,"factory_tuner,luxury,high-performance",compact,coupe,26,18,3916,51700
ford,explorer_sport_trac,2009,regular_unleaded,210.0,6.0,automatic,all_wheel_drive,4.0,crossover,compact,crew_cab_pickup,19,13,5657,32360
gmc,canyon,2012,regular_unleaded,242.0,5.0,automatic,four_wheel_drive,4.0,,compact,crew_cab_pickup,21,16,549,31790
gmc,terrain,2016,regular_unleaded,182.0,4.0,automatic,all_wheel_drive,4.0,crossover,compact,4dr_suv,29,20,549,32370
honda,ridgeline,2017,regular_unleaded,280.0,6.0,automatic,all_wheel_drive,4.0,,large,crew_cab_pickup,25,18,2202,42870
chevrolet,cavalier,2003,regular_unleaded,140.0,4.0,manual,front_wheel_drive,4.0,,compact,sedan,30,22,1385,14230
suzuki,xl-7,2004,regular_unleaded,185.0,6.0,automatic,four_wheel_drive,4.0,,midsize,4dr_suv,20,15,481,27499
volkswagen,golf_gti,2017,premium_unleaded_(recommended),210.0,4.0,manual,front_wheel_drive,2.0,"hatchback,performance",compact,2dr_hatchback,34,24,873,24995
mitsubishi,raider,2007,regular_unleaded,210.0,6.0,manual,rear_wheel_drive,4.0,,compact,extended_cab_pickup,20,14,436,19890
dodge,viper,2015,premium_unleaded_(required),645.0,10.0,manual,rear_wheel_drive,2.0,"exotic,high-performance",compact,coupe,21,12,1851,94995
mercedes-benz,e-class,2016,premium_unleaded_(required),329.0,6.0,automatic,rear_wheel_drive,2.0,"luxury,performance",midsize,coupe,29,20,617,54200
toyota,fj_cruiser,2013,regular_unleaded,260.0,6.0,automatic,rear_wheel_drive,4.0,,midsize,4dr_suv,20,16,2031,27030
pontiac,grand_am,2003,regular_unleaded,140.0,4.0,manual,front_wheel_drive,4.0,,midsize,sedan,30,22,210,17070
ford,f-150_heritage,2004,regular_unleaded,202.0,6.0,manual,four_wheel_drive,2.0,,large,regular_cab_pickup,18,13,5657,23285
honda,cr-v,2014,regular_unleaded,185.0,4.0,automatic,front_wheel_drive,4.0,crossover,compact,4dr_suv,31,23,2202,25220
lincoln,mkc,2016,regular_unleaded,240.0,4.0,automatic,all_wheel_drive,4.0,"crossover,luxury",compact,4dr_suv,26,19,61,48950
chevrolet,c/k_1500_series,1998,regular_unleaded,200.0,6.0,manual,rear_wheel_drive,2.0,,large,regular_cab_pickup,21,16,1385,2668
dodge,journey,2016,regular_unleaded,283.0,6.0,automatic,all_wheel_drive,4.0,crossover,midsize,4dr_suv,24,16,1851,29795
chevrolet,silverado_1500_classic,2007,flex-fuel_(unleaded/e85),295.0,8.0,automatic,rear_wheel_drive,4.0,flex_fuel,large,extended_cab_pickup,19,14,1385,28995
volkswagen,passat,2016,regular_unleaded,170.0,4.0,automatic,front_wheel_drive,4.0,,midsize,sedan,38,25,873,28410
honda,accord,2017,regular_unleaded,185.0,4.0,automatic,front_wheel_drive,2.0,,midsize,coupe,34,26,2202,28995
buick,electra,1990,regular_unleaded,165.0,6.0,automatic,front_wheel_drive,4.0,,midsize,sedan,25,16,155,2000
ford,fusion,2016,regular_unleaded,175.0,4.0,automatic,front_wheel_drive,4.0,,midsize,sedan,34,22,5657,24320
hyundai,sonata_hybrid,2017,regular_unleaded,193.0,4.0,automatic,front_wheel_drive,4.0,hybrid,midsize,sedan,43,38,1439,30100
gmc,sierra_1500_classic,2007,flex-fuel_(unleaded/e85),295.0,8.0,automatic,four_wheel_drive,4.0,flex_fuel,large,extended_cab_pickup,17,13,549,30550
tesla,model_s,2016,electric,,0.0,direct_drive,all_wheel_drive,,"exotic,high-performance",large,sedan,105,92,1391,134500
mazda,6,2017,regular_unleaded,184.0,4.0,automatic,front_wheel_drive,4.0,,midsize,sedan,35,26,586,25245
volkswagen,golf_gti,2016,premium_unleaded_(recommended),210.0,4.0,manual,front_wheel_drive,4.0,"hatchback,performance",compact,4dr_hatchback,34,25,873,25595
chevrolet,black_diamond_avalanche,2013,flex-fuel_(unleaded/e85),320.0,8.0,automatic,rear_wheel_drive,4.0,"crossover,flex_fuel",large,crew_cab_pickup,21,15,1385,44580
mercedes-benz,e-class,2015,premium_unleaded_(required),329.0,6.0,automatic,rear_wheel_drive,4.0,"luxury,performance",midsize,sedan,29,20,617,62350
chevrolet,spark,2015,regular_unleaded,84.0,4.0,manual,front_wheel_drive,4.0,hatchback,compact,4dr_hatchback,39,31,1385,12270
volkswagen,routan,2011,regular_unleaded,283.0,6.0,automatic,front_wheel_drive,4.0,,midsize,passenger_minivan,25,17,873,39390
pontiac,trans_sport,1996,regular_unleaded,180.0,6.0,automatic,front_wheel_drive,3.0,,compact,passenger_minivan,24,17,210,2000
oldsmobile,cutlass,1999,regular_unleaded,150.0,6.0,automatic,front_wheel_drive,4.0,,midsize,sedan,26,17,26,2148
kia,sportage,2016,regular_unleaded,260.0,4.0,automatic,all_wheel_drive,4.0,crossover,compact,4dr_suv,25,19,1720,31490
chevrolet,trax,2016,regular_unleaded,138.0,4.0,automatic,front_wheel_drive,4.0,crossover,compact,4dr_suv,34,26,1385,20300
chrysler,town_and_country,2015,flex-fuel_(unleaded/e85),283.0,6.0,automatic,front_wheel_drive,4.0,flex_fuel,midsize,passenger_minivan,25,17,1013,40295
chrysler,pt_cruiser,2010,regular_unleaded,150.0,4.0,automatic,front_wheel_drive,4.0,,compact,wagon,24,19,1013,18275
volkswagen,rabbit,2007,regular_unleaded,150.0,5.0,manual,front_wheel_drive,4.0,hatchback,compact,4dr_hatchback,28,19,873,17110
gmc,sierra_1500,2016,flex-fuel_(unleaded/e85),285.0,6.0,automatic,rear_wheel_drive,4.0,flex_fuel,large,extended_cab_pickup,24,18,549,37070
toyota,4runner,2015,regular_unleaded,270.0,6.0,automatic,four_wheel_drive,4.0,,midsize,4dr_suv,21,17,2031,35085
suzuki,aerio,2005,regular_unleaded,155.0,4.0,automatic,front_wheel_drive,4.0,,compact,sedan,28,22,481,14349
toyota,camry,2017,regular_unleaded,268.0,6.0,automatic,front_wheel_drive,4.0,performance,midsize,sedan,30,21,2031,31370
cadillac,escalade_hybrid,2011,regular_unleaded,332.0,8.0,automatic,rear_wheel_drive,4.0,"luxury,hybrid",large,4dr_suv,23,20,1624,74135
bmw,4_series,2016,premium_unleaded_(required),240.0,4.0,automatic,all_wheel_drive,2.0,luxury,midsize,convertible,33,21,3916,52000
honda,hr-v,2017,regular_unleaded,141.0,4.0,automatic,all_wheel_drive,4.0,crossover,compact,4dr_suv,31,27,2202,26140
nissan,frontier,2016,regular_unleaded,261.0,6.0,automatic,four_wheel_drive,4.0,,compact,crew_cab_pickup,21,15,2009,26750
gmc,sierra_1500,2015,regular_unleaded,355.0,8.0,automatic,four_wheel_drive,4.0,,large,crew_cab_pickup,22,16,549,46510
toyota,tundra,2017,flex-fuel_(unleaded/e85),381.0,8.0,automatic,rear_wheel_drive,4.0,flex_fuel,large,extended_cab_pickup,18,13,2031,31290
land_rover,freelander,2003,regular_unleaded,174.0,6.0,automatic,all_wheel_drive,2.0,"crossover,luxury",compact,2dr_suv,19,15,258,26370
chrysler,300,2017,regular_unleaded,292.0,6.0,automatic,rear_wheel_drive,4.0,,large,sedan,30,19,1013,32340
honda,odyssey,2015,regular_unleaded,248.0,6.0,automatic,front_wheel_drive,4.0,,large,passenger_minivan,28,19,2202,37775
hyundai,sonata,2017,regular_unleaded,185.0,4.0,automatic,front_wheel_drive,4.0,,midsize,sedan,36,25,1439,23400
volkswagen,vanagon,1990,regular_unleaded,90.0,4.0,manual,rear_wheel_drive,3.0,,large,passenger_minivan,18,16,873,2000
mazda,cx-5,2016,regular_unleaded,155.0,4.0,manual,front_wheel_drive,4.0,crossover,midsize,4dr_suv,35,26,586,21795
honda,civic,2016,regular_unleaded,158.0,4.0,automatic,front_wheel_drive,2.0,,compact,coupe,41,30,2202,20850
toyota,fj_cruiser,2012,regular_unleaded,260.0,6.0,manual,four_wheel_drive,4.0,,midsize,4dr_suv,18,15,2031,27295
chevrolet,blazer,2005,regular_unleaded,190.0,6.0,automatic,four_wheel_drive,4.0,,midsize,4dr_suv,18,14,1385,27480
volkswagen,beetle,2015,premium_unleaded_(recommended),210.0,4.0,automated_manual,front_wheel_drive,2.0,"hatchback,performance",compact,2dr_hatchback,30,24,873,32475
nissan,370z,2016,premium_unleaded_(required),332.0,6.0,automatic,rear_wheel_drive,2.0,high-performance,compact,coupe,26,19,2009,39270
bmw,3_series,2016,diesel,180.0,4.0,automatic,all_wheel_drive,4.0,"diesel,luxury",midsize,wagon,40,30,3916,44150
nissan,370z,2015,premium_unleaded_(required),332.0,6.0,manual,rear_wheel_drive,2.0,high-performance,compact,coupe,26,18,2009,37970
mazda,3,2016,regular_unleaded,155.0,4.0,automatic,front_wheel_drive,4.0,,compact,sedan,41,30,586,23595
acura,tl,2012,premium_unleaded_(required),305.0,6.0,automatic,all_wheel_drive,4.0,"luxury,performance",midsize,sedan,26,18,204,39255
honda,civic,2015,regular_unleaded,143.0,4.0,manual,front_wheel_drive,2.0,,compact,coupe,36,28,2202,20390
volkswagen,tiguan,2015,premium_unleaded_(recommended),200.0,4.0,automatic,front_wheel_drive,4.0,crossover,compact,4dr_suv,26,21,873,37650
oldsmobile,cutlass_ciera,1993,regular_unleaded,160.0,6.0,automatic,front_wheel_drive,4.0,,midsize,wagon,26,18,26,2000
ford,thunderbird,2005,premium_unleaded_(required),280.0,8.0,automatic,rear_wheel_drive,2.0,performance,midsize,convertible,22,16,5657,39415
ford,f-150,2015,flex-fuel_(unleaded/e85),282.0,6.0,automatic,rear_wheel_drive,4.0,flex_fuel,large,extended_cab_pickup,25,18,5657,34205
hummer,h3,2008,regular_unleaded,242.0,5.0,manual,four_wheel_drive,4.0,luxury,midsize,4dr_suv,18,13,130,30995
bmw,activehybrid_5,2016,premium_unleaded_(required),335.0,6.0,automatic,rear_wheel_drive,4.0,"luxury,performance,hybrid",large,sedan,30,23,3916,62100
honda,accord,2017,regular_unleaded,185.0,4.0,automatic,front_wheel_drive,4.0,,midsize,sedan,36,27,2202,27530
pontiac,le_mans,1991,regular_unleaded,74.0,4.0,manual,front_wheel_drive,2.0,,compact,coupe,36,27,210,2000
volkswagen,routan,2012,flex-fuel_(unleaded/e85),283.0,6.0,automatic,front_wheel_drive,4.0,flex_fuel,midsize,passenger_minivan,25,17,873,39890
chevrolet,malibu,2016,premium_unleaded_(recommended),250.0,4.0,automatic,front_wheel_drive,4.0,performance,midsize,sedan,33,22,1385,28620
nissan,pathfinder,2015,regular_unleaded,260.0,6.0,automatic,four_wheel_drive,4.0,crossover,large,4dr_suv,26,19,2009,34830
toyota,previa,1995,regular_unleaded,138.0,4.0,automatic,all_wheel_drive,3.0,,compact,passenger_minivan,19,15,2031,2000
infiniti,q70,2015,premium_unleaded_(required),416.0,8.0,automatic,all_wheel_drive,4.0,"luxury,high-performance",large,sedan,23,16,190,67050
scion,xd,2013,regular_unleaded,128.0,4.0,automatic,front_wheel_drive,4.0,hatchback,compact,4dr_hatchback,33,27,105,16545
volkswagen,gti,2013,premium_unleaded_(recommended),200.0,4.0,automated_manual,front_wheel_drive,4.0,"hatchback,performance",compact,4dr_hatchback,33,24,873,28395
volkswagen,golf,2016,regular_unleaded,170.0,4.0,manual,front_wheel_drive,2.0,hatchback,compact,2dr_hatchback,37,25,873,18495
chevrolet,cruze,2015,regular_unleaded,138.0,4.0,automatic,front_wheel_drive,4.0,,midsize,sedan,38,26,1385,23270
nissan,370z,2017,premium_unleaded_(required),332.0,6.0,manual,rear_wheel_drive,2.0,high-performance,compact,convertible,24,17,2009,45270
mercedes-benz,gle-class_coupe,2017,premium_unleaded_(required),577.0,8.0,automatic,all_wheel_drive,4.0,"crossover,factory_tuner,luxury,high-performance",midsize,4dr_suv,18,14,617,110650
honda,accord,2016,regular_unleaded,189.0,4.0,automatic,front_wheel_drive,4.0,,midsize,sedan,35,26,2202,25065
honda,cr-z,2014,regular_unleaded,130.0,4.0,manual,front_wheel_drive,2.0,"hatchback,hybrid",compact,2dr_hatchback,38,31,2202,19995
suzuki,vitara,2004,regular_unleaded,165.0,6.0,manual,rear_wheel_drive,4.0,,compact,4dr_suv,21,17,481,16999
volkswagen,gti,2013,premium_unleaded_(recommended),200.0,4.0,automated_manual,front_wheel_drive,2.0,"hatchback,performance",compact,2dr_hatchback,33,24,873,25300
subaru,xv_crosstrek,2015,regular_unleaded,148.0,4.0,manual,all_wheel_drive,4.0,crossover,compact,4dr_suv,31,23,640,22295
ford,e-series_wagon,2014,flex-fuel_(unleaded/e85),255.0,8.0,automatic,rear_wheel_drive,3.0,flex_fuel,midsize,passenger_van,15,11,5657,37320
land_rover,range_rover,2015,flex-fuel_(premium_unleaded_required/e85),340.0,6.0,automatic,four_wheel_drive,4.0,"flex_fuel,luxury",large,4dr_suv,23,17,258,98995
acura,nsx,2017,premium_unleaded_(required),573.0,6.0,automated_manual,all_wheel_drive,2.0,"exotic,luxury,high-performance,hybrid",compact,coupe,22,21,204,156000
mazda,cx-5,2016,regular_unleaded,184.0,4.0,automatic,front_wheel_drive,4.0,crossover,midsize,4dr_suv,33,26,586,28570
chevrolet,s-10,2004,regular_unleaded,190.0,6.0,automatic,four_wheel_drive,4.0,,compact,crew_cab_pickup,18,14,1385,24660
volkswagen,beetle,2015,regular_unleaded,170.0,4.0,manual,front_wheel_drive,2.0,hatchback,compact,2dr_hatchback,33,24,873,23605
nissan,altima,2016,regular_unleaded,182.0,4.0,automatic,front_wheel_drive,4.0,,midsize,sedan,39,27,2009,28570
dodge,ram_pickup_1500,2010,flex-fuel_(unleaded/e85),310.0,8.0,automatic,rear_wheel_drive,2.0,flex_fuel,large,regular_cab_pickup,19,14,1851,24855
volvo,850,1995,regular_unleaded,222.0,5.0,automatic,front_wheel_drive,4.0,"luxury,performance",midsize,sedan,24,17,870,2000
bmw,x3,2017,premium_unleaded_(required),240.0,4.0,automatic,rear_wheel_drive,4.0,"crossover,luxury",midsize,4dr_suv,28,21,3916,39250
cadillac,ct6,2017,regular_unleaded,335.0,6.0,automatic,all_wheel_drive,4.0,"luxury,performance",large,sedan,27,18,1624,83495
suzuki,vitara,2002,regular_unleaded,127.0,4.0,automatic,rear_wheel_drive,4.0,,compact,4dr_suv,23,20,481,17799
bmw,6_series,2016,premium_unleaded_(required),315.0,6.0,automatic,all_wheel_drive,2.0,"luxury,performance",midsize,convertible,29,20,3916,87800
cadillac,dts,2011,premium_unleaded_(recommended),275.0,8.0,automatic,front_wheel_drive,4.0,luxury,large,sedan,23,15,1624,51925
chevrolet,corvette,2017,premium_unleaded_(recommended),460.0,8.0,manual,rear_wheel_drive,2.0,high-performance,compact,coupe,25,16,1385,69905
volkswagen,cabrio,2002,regular_unleaded,115.0,4.0,automatic,front_wheel_drive,2.0,,compact,convertible,27,20,873,23175
chevrolet,malibu_maxx,2006,regular_unleaded,201.0,6.0,automatic,front_wheel_drive,4.0,hatchback,midsize,4dr_hatchback,28,20,1385,19565
infiniti,g37_coupe,2010,premium_unleaded_(recommended),330.0,6.0,automatic,rear_wheel_drive,2.0,"luxury,performance",midsize,coupe,27,19,190,37500
toyota,prius_c,2015,regular_unleaded,99.0,4.0,automatic,front_wheel_drive,4.0,"hatchback,hybrid",compact,4dr_hatchback,46,53,2031,19540
pontiac,grand_am,2004,regular_unleaded,140.0,4.0,manual,front_wheel_drive,4.0,,midsize,sedan,33,23,210,19555
chrysler,200,2016,flex-fuel_(unleaded/e85),184.0,4.0,automatic,front_wheel_drive,4.0,flex_fuel,midsize,sedan,36,23,1013,27795
ford,f-150,2016,flex-fuel_(unleaded/e85),282.0,6.0,automatic,four_wheel_drive,2.0,flex_fuel,large,regular_cab_pickup,23,17,5657,35630
mazda,626,2000,regular_unleaded,130.0,4.0,automatic,front_wheel_drive,4.0,,midsize,sedan,25,19,586,2146
dodge,ram_pickup_1500,2010,flex-fuel_(unleaded/e85),310.0,8.0,automatic,rear_wheel_drive,2.0,flex_fuel,large,regular_cab_pickup,19,14,1851,25155
dodge,dynasty,1991,regular_unleaded,141.0,6.0,automatic,front_wheel_drive,4.0,,midsize,sedan,24,18,1851,2000
ford,windstar,2003,regular_unleaded,200.0,6.0,automatic,front_wheel_drive,4.0,,midsize,passenger_minivan,22,16,5657,26315
land_rover,range_rover_evoque,2017,premium_unleaded_(recommended),240.0,4.0,automatic,all_wheel_drive,4.0,"crossover,luxury",compact,4dr_suv,29,21,258,41800
hyundai,accent,2016,regular_unleaded,137.0,4.0,automatic,front_wheel_drive,4.0,,compact,sedan,37,26,1439,15745
chevrolet,cavalier,2004,regular_unleaded,140.0,4.0,manual,front_wheel_drive,2.0,,compact,coupe,33,23,1385,10135
ford,e-series_van,2012,flex-fuel_(unleaded/e85),225.0,8.0,automatic,rear_wheel_drive,3.0,flex_fuel,large,cargo_van,17,13,5657,27840
maserati,ghibli,2017,premium_unleaded_(required),345.0,6.0,automatic,rear_wheel_drive,4.0,"exotic,luxury,high-performance",midsize,sedan,24,17,238,71600
land_rover,range_rover,2014,flex-fuel_(premium_unleaded_required/e85),510.0,8.0,automatic,four_wheel_drive,4.0,"flex_fuel,luxury,high-performance",large,4dr_suv,19,13,258,100100
ford,festiva,1991,regular_unleaded,63.0,4.0,manual,front_wheel_drive,2.0,hatchback,compact,2dr_hatchback,38,30,5657,2000
lincoln,mkz,2015,regular_unleaded,231.0,4.0,automatic,front_wheel_drive,4.0,luxury,midsize,sedan,33,22,61,35190
kia,optima_hybrid,2016,regular_unleaded,199.0,4.0,automatic,front_wheel_drive,4.0,hybrid,midsize,sedan,39,35,1720,32195
dodge,durango,2016,regular_unleaded,295.0,6.0,automatic,rear_wheel_drive,4.0,"crossover,performance",large,4dr_suv,27,19,1851,41295
chevrolet,silverado_1500,2015,regular_unleaded,355.0,8.0,automatic,rear_wheel_drive,4.0,,large,crew_cab_pickup,23,16,1385,42560
toyota,prius_v,2017,regular_unleaded,134.0,4.0,automatic,front_wheel_drive,4.0,hybrid,midsize,wagon,39,43,2031,29695
lexus,rx_350,2015,regular_unleaded,270.0,6.0,automatic,front_wheel_drive,4.0,"crossover,luxury",midsize,4dr_suv,25,18,454,40970
mazda,truck,2003,regular_unleaded,207.0,6.0,manual,rear_wheel_drive,4.0,,compact,extended_cab_pickup,20,15,586,20880
chevrolet,silverado_1500,2016,flex-fuel_(unleaded/e85),285.0,6.0,automatic,four_wheel_drive,2.0,flex_fuel,large,regular_cab_pickup,22,17,1385,38590
ford,e-series_van,2014,flex-fuel_(unleaded/e85),225.0,8.0,automatic,rear_wheel_drive,3.0,flex_fuel,midsize,cargo_van,16,13,5657,30060
ford,explorer_sport,2002,regular_unleaded,203.0,6.0,manual,four_wheel_drive,2.0,,midsize,2dr_suv,18,14,5657,24240
chevrolet,corvette,2017,premium_unleaded_(recommended),455.0,8.0,manual,rear_wheel_drive,2.0,high-performance,compact,coupe,25,16,1385,65195
chevrolet,silverado_1500_classic,2007,regular_unleaded,345.0,8.0,automatic,rear_wheel_drive,4.0,,large,extended_cab_pickup,17,13,1385,33280
nissan,quest,2015,regular_unleaded,260.0,6.0,automatic,front_wheel_drive,4.0,,compact,passenger_minivan,27,20,2009,34060
infiniti,fx,2012,premium_unleaded_(required),390.0,8.0,automatic,all_wheel_drive,4.0,"crossover,luxury,high-performance",midsize,4dr_suv,20,14,190,59800
honda,civic,2016,regular_unleaded,158.0,4.0,automatic,front_wheel_drive,4.0,,midsize,sedan,41,31,2202,21040
chrysler,sebring,2008,regular_unleaded,173.0,4.0,automatic,front_wheel_drive,4.0,flex_fuel,midsize,sedan,30,21,1013,20865
dodge,challenger,2015,premium_unleaded_(recommended),485.0,8.0,manual,rear_wheel_drive,2.0,"factory_tuner,high-performance",large,coupe,23,14,1851,37995
gmc,sierra_1500,2015,regular_unleaded,355.0,8.0,automatic,rear_wheel_drive,4.0,,large,extended_cab_pickup,23,16,549,40900
toyota,camry_hybrid,2017,regular_unleaded,200.0,4.0,automatic,front_wheel_drive,4.0,hybrid,midsize,sedan,37,40,2031,27995
fiat,500,2017,premium_unleaded_(recommended),160.0,4.0,manual,front_wheel_drive,2.0,"hatchback,factory_tuner,performance",compact,2dr_hatchback,33,28,819,19995
nissan,370z,2015,premium_unleaded_(required),332.0,6.0,automatic,rear_wheel_drive,2.0,high-performance,compact,convertible,25,18,2009,49400
toyota,tundra,2017,regular_unleaded,310.0,8.0,automatic,rear_wheel_drive,4.0,,large,crew_cab_pickup,19,15,2031,34150
oldsmobile,lss,1997,regular_unleaded,240.0,6.0,automatic,front_wheel_drive,4.0,,large,sedan,24,16,26,2136
suzuki,sx4,2012,regular_unleaded,148.0,4.0,automatic,all_wheel_drive,4.0,"crossover,hatchback",compact,4dr_hatchback,29,23,481,19649
lexus,rx_330,2006,regular_unleaded,223.0,6.0,automatic,front_wheel_drive,4.0,"crossover,luxury",midsize,4dr_suv,23,17,454,36370
nissan,pathfinder,2015,regular_unleaded,260.0,6.0,automatic,front_wheel_drive,4.0,crossover,large,4dr_suv,27,20,2009,33140
ford,aerostar,1996,regular_unleaded,140.0,6.0,automatic,rear_wheel_drive,3.0,,midsize,cargo_minivan,22,16,5657,2000
ford,f-250,1999,regular_unleaded,220.0,8.0,automatic,rear_wheel_drive,4.0,,large,extended_cab_pickup,17,12,5657,3752
lincoln,continental,2002,premium_unleaded_(required),275.0,8.0,automatic,front_wheel_drive,4.0,luxury,large,sedan,23,15,61,39895
gmc,sierra_1500,2015,regular_unleaded,355.0,8.0,automatic,rear_wheel_drive,4.0,,large,crew_cab_pickup,23,16,549,43360
dodge,ram_pickup_1500,2008,regular_unleaded,345.0,8.0,automatic,four_wheel_drive,4.0,,large,crew_cab_pickup,17,13,1851,41350
dodge,grand_caravan,2016,flex-fuel_(unleaded/e85),283.0,6.0,automatic,front_wheel_drive,4.0,flex_fuel,midsize,passenger_minivan,25,17,1851,22595
toyota,highlander,2016,regular_unleaded,270.0,6.0,automatic,all_wheel_drive,4.0,crossover,midsize,4dr_suv,24,18,2031,35855
kia,borrego,2009,regular_unleaded,337.0,8.0,automatic,four_wheel_drive,4.0,,midsize,4dr_suv,20,15,1720,39995
buick,lucerne,2011,flex-fuel_(unleaded/e85),227.0,6.0,automatic,front_wheel_drive,4.0,flex_fuel,large,sedan,27,17,155,29730
gmc,acadia,2016,regular_unleaded,281.0,6.0,automatic,front_wheel_drive,4.0,crossover,midsize,4dr_suv,22,15,549,36755
volkswagen,jetta,2016,regular_unleaded,170.0,4.0,automatic,front_wheel_drive,4.0,,midsize,sedan,36,25,873,25380
bmw,8_series,1997,regular_unleaded,282.0,8.0,automatic,rear_wheel_drive,2.0,"luxury,performance",midsize,coupe,19,14,3916,6693
volkswagen,beetle_convertible,2015,premium_unleaded_(recommended),210.0,4.0,manual,front_wheel_drive,2.0,performance,compact,convertible,31,23,873,29895
audi,q5,2015,premium_unleaded_(required),220.0,4.0,automatic,all_wheel_drive,4.0,"crossover,luxury",midsize,4dr_suv,28,20,3105,42200
chrysler,cirrus,1999,regular_unleaded,168.0,6.0,automatic,front_wheel_drive,4.0,,midsize,sedan,25,17,1013,2202
oldsmobile,intrigue,2002,regular_unleaded,215.0,6.0,automatic,front_wheel_drive,4.0,,midsize,sedan,27,18,26,23160
ford,c-max_hybrid,2017,regular_unleaded,188.0,4.0,automatic,front_wheel_drive,4.0,hybrid,compact,wagon,37,42,5657,27120
volkswagen,cabriolet,1992,regular_unleaded,94.0,4.0,manual,front_wheel_drive,2.0,,compact,convertible,29,22,873,2000
toyota,tacoma,2015,regular_unleaded,236.0,6.0,automatic,rear_wheel_drive,4.0,,compact,crew_cab_pickup,21,17,2031,25060
buick,lucerne,2010,flex-fuel_(unleaded/e85),227.0,6.0,automatic,front_wheel_drive,4.0,flex_fuel,large,sedan,26,17,155,35730
volkswagen,jetta_sportwagen,2012,diesel,140.0,4.0,automated_manual,front_wheel_drive,4.0,diesel,compact,wagon,39,29,873,26640
lincoln,mkx,2016,regular_unleaded,303.0,6.0,automatic,front_wheel_drive,4.0,"crossover,luxury",midsize,4dr_suv,26,17,61,45315
mitsubishi,mighty_max_pickup,1994,regular_unleaded,116.0,4.0,manual,rear_wheel_drive,2.0,,compact,regular_cab_pickup,23,18,436,2000
buick,reatta,1990,regular_unleaded,165.0,6.0,automatic,front_wheel_drive,2.0,,compact,coupe,25,16,155,2000
gmc,yukon_xl,2015,flex-fuel_(unleaded/e85),355.0,8.0,automatic,four_wheel_drive,4.0,flex_fuel,large,4dr_suv,22,15,549,61925
volvo,s70,2000,regular_unleaded,168.0,5.0,manual,front_wheel_drive,4.0,luxury,midsize,sedan,26,19,870,2403
cadillac,escalade_hybrid,2011,regular_unleaded,332.0,8.0,automatic,rear_wheel_drive,4.0,"luxury,hybrid",large,4dr_suv,23,20,1624,85935
dodge,stealth,1994,regular_unleaded,222.0,6.0,manual,front_wheel_drive,2.0,performance,compact,coupe,23,17,1851,2203
saab,9000,1997,regular_unleaded,170.0,4.0,manual,front_wheel_drive,4.0,"hatchback,luxury",midsize,4dr_hatchback,26,18,376,2000
bmw,5_series,2015,diesel,255.0,6.0,automatic,rear_wheel_drive,4.0,"diesel,luxury",large,sedan,38,26,3916,57100
toyota,corolla,2015,regular_unleaded,140.0,4.0,automatic,front_wheel_drive,4.0,,compact,sedan,42,30,2031,18965
maserati,quattroporte,2016,premium_unleaded_(required),404.0,6.0,automatic,rear_wheel_drive,4.0,"exotic,luxury,high-performance",large,sedan,23,16,238,99900
honda,pilot,2017,regular_unleaded,280.0,6.0,automatic,all_wheel_drive,4.0,crossover,midsize,4dr_suv,26,19,2202,47070
mazda,navajo,1994,regular_unleaded,160.0,6.0,manual,four_wheel_drive,2.0,,compact,2dr_suv,18,14,586,2000
lincoln,mkx,2017,regular_unleaded,303.0,6.0,automatic,all_wheel_drive,4.0,"crossover,luxury",midsize,4dr_suv,23,16,61,48055
acura,rdx,2017,premium_unleaded_(recommended),279.0,6.0,automatic,front_wheel_drive,4.0,"crossover,luxury",midsize,4dr_suv,28,20,204,40570
bmw,activehybrid_5,2014,premium_unleaded_(required),335.0,6.0,automatic,rear_wheel_drive,4.0,"luxury,performance,hybrid",large,sedan,30,23,3916,61400
scion,xb,2013,regular_unleaded,158.0,4.0,manual,front_wheel_drive,4.0,,compact,wagon,28,22,105,19210
kia,cadenza,2016,regular_unleaded,293.0,6.0,automatic,front_wheel_drive,4.0,performance,midsize,sedan,28,19,1720,44090
suzuki,equator,2011,regular_unleaded,152.0,4.0,manual,rear_wheel_drive,4.0,,compact,extended_cab_pickup,23,19,481,17595
chrysler,grand_voyager,2000,regular_unleaded,158.0,6.0,automatic,front_wheel_drive,4.0,,large,passenger_minivan,23,16,1013,2169
toyota,camry_hybrid,2017,regular_unleaded,200.0,4.0,automatic,front_wheel_drive,4.0,hybrid,midsize,sedan,37,40,2031,30140
gmc,canyon,2016,regular_unleaded,305.0,6.0,automatic,four_wheel_drive,4.0,diesel,compact,crew_cab_pickup,24,17,549,34720
subaru,outback,2016,regular_unleaded,175.0,4.0,automatic,all_wheel_drive,4.0,crossover,midsize,4dr_suv,33,25,640,30695
chrysler,200,2017,flex-fuel_(unleaded/e85),295.0,6.0,automatic,all_wheel_drive,4.0,"flex_fuel,performance",midsize,sedan,28,18,1013,30900
suzuki,esteem,2001,regular_unleaded,122.0,4.0,manual,front_wheel_drive,4.0,,compact,sedan,32,24,481,13199
audi,100,1994,regular_unleaded,172.0,6.0,manual,all_wheel_drive,4.0,luxury,midsize,sedan,22,16,3105,2000
chevrolet,trax,2015,regular_unleaded,138.0,4.0,automatic,all_wheel_drive,4.0,crossover,compact,4dr_suv,31,24,1385,21540
porsche,panamera,2016,premium_unleaded_(required),520.0,8.0,automated_manual,all_wheel_drive,4.0,"luxury,high-performance",large,sedan,24,15,1715,161100
nissan,350z,2007,regular_unleaded,306.0,6.0,automatic,rear_wheel_drive,2.0,high-performance,compact,coupe,24,17,2009,33200
chevrolet,silverado_1500,2016,regular_unleaded,355.0,8.0,automatic,four_wheel_drive,4.0,,large,crew_cab_pickup,22,16,1385,48200
chevrolet,traverse,2017,regular_unleaded,281.0,6.0,automatic,front_wheel_drive,4.0,crossover,midsize,4dr_suv,22,15,1385,31300
kia,spectra,2008,regular_unleaded,138.0,4.0,automatic,front_wheel_drive,4.0,,compact,sedan,32,24,1720,13895
subaru,crosstrek,2017,regular_unleaded,148.0,4.0,manual,all_wheel_drive,4.0,crossover,compact,4dr_suv,30,23,640,22495
honda,civic,2015,regular_unleaded,110.0,4.0,automatic,front_wheel_drive,4.0,hybrid,compact,sedan,47,44,2202,24735
ford,f-150,2017,flex-fuel_(unleaded/e85),385.0,8.0,automatic,four_wheel_drive,4.0,flex_fuel,large,crew_cab_pickup,21,15,5657,46895
pontiac,gto,2005,premium_unleaded_(required),400.0,8.0,automatic,rear_wheel_drive,2.0,high-performance,midsize,coupe,19,14,210,32295
pontiac,grand_am,2004,regular_unleaded,170.0,6.0,automatic,front_wheel_drive,4.0,,midsize,sedan,27,18,210,21830
volkswagen,jetta_sportwagen,2014,regular_unleaded,170.0,5.0,automatic,front_wheel_drive,4.0,,compact,wagon,30,23,873,24885
pontiac,grand_am,2005,regular_unleaded,175.0,6.0,automatic,front_wheel_drive,2.0,,midsize,coupe,27,18,210,23750
mazda,mx-5_miata,2016,premium_unleaded_(recommended),155.0,4.0,automatic,rear_wheel_drive,2.0,performance,compact,convertible,36,27,586,29330
nissan,murano,2015,regular_unleaded,260.0,6.0,automatic,all_wheel_drive,4.0,crossover,midsize,4dr_suv,28,21,2009,40600
ford,explorer_sport_trac,2009,regular_unleaded,292.0,8.0,automatic,rear_wheel_drive,4.0,crossover,compact,crew_cab_pickup,21,15,5657,27295
nissan,quest,2016,regular_unleaded,260.0,6.0,automatic,front_wheel_drive,4.0,,compact,passenger_minivan,27,20,2009,30540
nissan,rogue_select,2014,regular_unleaded,170.0,4.0,automatic,front_wheel_drive,4.0,crossover,midsize,4dr_suv,28,23,2009,20150
chevrolet,corvette,2016,premium_unleaded_(recommended),455.0,8.0,manual,rear_wheel_drive,2.0,high-performance,compact,coupe,29,17,1385,55400
cadillac,escalade_esv,2016,premium_unleaded_(recommended),420.0,8.0,automatic,four_wheel_drive,4.0,luxury,large,4dr_suv,21,15,1624,78570
infiniti,g35,2006,regular_unleaded,298.0,6.0,manual,rear_wheel_drive,4.0,"luxury,high-performance",midsize,sedan,24,17,190,31200
bmw,x4,2016,premium_unleaded_(required),300.0,6.0,automatic,all_wheel_drive,4.0,"crossover,luxury,performance",midsize,4dr_suv,27,19,3916,49700
audi,r8,2014,premium_unleaded_(required),550.0,10.0,manual,all_wheel_drive,2.0,"luxury,high-performance",compact,coupe,19,12,3105,170545
cadillac,cts,2017,regular_unleaded,335.0,6.0,automatic,rear_wheel_drive,4.0,"luxury,high-performance",large,sedan,30,20,1624,53695
honda,hr-v,2016,regular_unleaded,141.0,4.0,automatic,all_wheel_drive,4.0,crossover,compact,4dr_suv,32,27,2202,23365
audi,a3,2017,premium_unleaded_(recommended),186.0,4.0,automated_manual,front_wheel_drive,2.0,luxury,compact,convertible,34,25,3105,46550
subaru,brz,2015,premium_unleaded_(required),200.0,4.0,manual,rear_wheel_drive,2.0,performance,compact,coupe,30,22,640,29490
toyota,matrix,2013,regular_unleaded,132.0,4.0,manual,front_wheel_drive,4.0,hatchback,compact,4dr_hatchback,32,26,2031,19275
pontiac,sunbird,1993,regular_unleaded,110.0,4.0,manual,front_wheel_drive,2.0,,compact,coupe,32,22,210,2000
dodge,dart,2014,regular_unleaded,184.0,4.0,automatic,front_wheel_drive,4.0,,midsize,sedan,35,23,1851,22995
chevrolet,silverado_1500_classic,2007,flex-fuel_(unleaded/e85),295.0,8.0,automatic,four_wheel_drive,4.0,flex_fuel,large,crew_cab_pickup,18,13,1385,33395
toyota,tacoma,2015,regular_unleaded,236.0,6.0,automatic,four_wheel_drive,4.0,,compact,extended_cab_pickup,21,16,2031,36705
subaru,b9_tribeca,2007,premium_unleaded_(required),245.0,6.0,automatic,all_wheel_drive,4.0,crossover,midsize,4dr_suv,21,16,640,34495
porsche,911,2016,premium_unleaded_(required),350.0,6.0,manual,rear_wheel_drive,2.0,"luxury,high-performance",compact,convertible,27,19,1715,96200
ford,escape,2015,regular_unleaded,168.0,4.0,automatic,front_wheel_drive,4.0,crossover,compact,4dr_suv,31,22,5657,23450
tesla,model_s,2015,electric,,0.0,direct_drive,rear_wheel_drive,4.0,"exotic,performance",large,sedan,97,94,1391,69900
dodge,magnum,2006,regular_unleaded,340.0,8.0,automatic,rear_wheel_drive,4.0,,large,wagon,23,15,1851,30855
land_rover,range_rover,2016,premium_unleaded_(recommended),510.0,8.0,automatic,four_wheel_drive,4.0,"luxury,high-performance",large,4dr_suv,19,14,258,103195
gmc,canyon,2015,regular_unleaded,305.0,6.0,automatic,rear_wheel_drive,4.0,,compact,crew_cab_pickup,26,18,549,26725
cadillac,ats,2015,premium_unleaded_(recommended),272.0,4.0,automatic,all_wheel_drive,4.0,"luxury,performance",compact,sedan,28,20,1624,41340
bmw,2_series,2016,premium_unleaded_(required),240.0,4.0,automatic,all_wheel_drive,2.0,"luxury,performance",compact,coupe,35,23,3916,34850
lotus,elise,2011,premium_unleaded_(required),189.0,4.0,manual,rear_wheel_drive,2.0,"exotic,high-performance",compact,convertible,27,21,613,51845
honda,passport,2002,regular_unleaded,205.0,6.0,automatic,rear_wheel_drive,4.0,,midsize,4dr_suv,20,15,2202,28450
nissan,axxess,1990,regular_unleaded,138.0,4.0,automatic,front_wheel_drive,3.0,,compact,passenger_minivan,22,18,2009,2000
honda,fit,2017,regular_unleaded,130.0,4.0,automatic,front_wheel_drive,4.0,hatchback,compact,4dr_hatchback,37,32,2202,20265
kia,soul,2016,regular_unleaded,130.0,4.0,manual,front_wheel_drive,4.0,,compact,wagon,30,24,1720,15900
chevrolet,tahoe,2017,flex-fuel_(unleaded/e85),355.0,8.0,automatic,rear_wheel_drive,4.0,"flex_fuel,performance",large,4dr_suv,23,16,1385,47215
pontiac,g6,2009,regular_unleaded,164.0,4.0,automatic,front_wheel_drive,4.0,flex_fuel,midsize,sedan,30,22,210,21165
acura,rlx,2015,premium_unleaded_(recommended),310.0,6.0,automatic,front_wheel_drive,4.0,"luxury,performance",midsize,sedan,31,20,204,50950
chevrolet,corvette,2017,premium_unleaded_(recommended),455.0,8.0,manual,rear_wheel_drive,2.0,high-performance,compact,convertible,25,16,1385,69195
toyota,tundra,2016,regular_unleaded,381.0,8.0,automatic,four_wheel_drive,2.0,,large,regular_cab_pickup,17,13,2031,33000
scion,fr-s,2014,premium_unleaded_(required),200.0,4.0,manual,rear_wheel_drive,2.0,performance,compact,coupe,30,22,105,27400
mitsubishi,endeavor,2008,premium_unleaded_(required),225.0,6.0,automatic,all_wheel_drive,4.0,crossover,midsize,4dr_suv,19,15,436,29099
lexus,rx_450h,2015,premium_unleaded_(required),295.0,6.0,automatic,all_wheel_drive,4.0,"crossover,luxury,hybrid",midsize,4dr_suv,28,30,454,49020
dodge,ramcharger,1993,regular_unleaded,230.0,8.0,automatic,four_wheel_drive,2.0,,midsize,2dr_suv,15,11,1851,2000
volvo,850,1996,regular_unleaded,168.0,5.0,manual,front_wheel_drive,4.0,luxury,midsize,sedan,26,18,870,2000
nissan,maxima,2014,premium_unleaded_(recommended),290.0,6.0,automatic,front_wheel_drive,4.0,performance,midsize,sedan,26,19,2009,34380
mazda,mazdaspeed_6,2006,premium_unleaded_(required),274.0,4.0,manual,all_wheel_drive,4.0,"factory_tuner,performance",midsize,sedan,23,17,586,29925
chevrolet,s-10,2002,flex-fuel_(unleaded/e85),120.0,4.0,automatic,rear_wheel_drive,3.0,flex_fuel,compact,extended_cab_pickup,23,17,1385,19209
lamborghini,huracan,2015,premium_unleaded_(required),610.0,10.0,automated_manual,all_wheel_drive,2.0,"exotic,high-performance",compact,coupe,20,14,1158,237250
maserati,quattroporte,2015,premium_unleaded_(required),523.0,8.0,automatic,rear_wheel_drive,4.0,"exotic,factory_tuner,luxury,high-performance",large,sedan,22,13,238,140500
chevrolet,silverado_1500,2017,flex-fuel_(unleaded/e85),285.0,6.0,automatic,four_wheel_drive,2.0,flex_fuel,large,regular_cab_pickup,22,17,1385,31825
chevrolet,silverado_1500,2016,flex-fuel_(unleaded/e85),285.0,6.0,automatic,four_wheel_drive,4.0,flex_fuel,large,extended_cab_pickup,22,17,1385,35100
mazda,tribute,2010,regular_unleaded,171.0,4.0,automatic,front_wheel_drive,4.0,crossover,compact,4dr_suv,28,21,586,22445
cadillac,cts_wagon,2013,regular_unleaded,270.0,6.0,automatic,rear_wheel_drive,4.0,luxury,midsize,wagon,26,18,1624,42150
honda,accord,2015,regular_unleaded,185.0,4.0,automatic,front_wheel_drive,4.0,,midsize,sedan,36,27,2202,22905
infiniti,g37_sedan,2010,premium_unleaded_(recommended),328.0,6.0,automatic,rear_wheel_drive,4.0,"luxury,high-performance",midsize,sedan,27,19,190,43350
ford,f-150,2015,flex-fuel_(unleaded/e85),385.0,8.0,automatic,rear_wheel_drive,4.0,flex_fuel,large,crew_cab_pickup,22,15,5657,51585
cadillac,cts,2017,premium_unleaded_(recommended),268.0,4.0,automatic,rear_wheel_drive,4.0,"luxury,performance",large,sedan,30,22,1624,45995
nissan,maxima,2017,premium_unleaded_(recommended),300.0,6.0,automatic,front_wheel_drive,4.0,high-performance,midsize,sedan,30,21,2009,37090
volkswagen,jetta,2015,diesel,150.0,4.0,automated_manual,front_wheel_drive,4.0,diesel,midsize,sedan,45,31,873,27510
infiniti,qx60,2015,premium_unleaded_(recommended),265.0,6.0,automatic,all_wheel_drive,4.0,"crossover,luxury",large,4dr_suv,26,19,190,43800
infiniti,fx,2013,premium_unleaded_(required),325.0,6.0,automatic,all_wheel_drive,4.0,"crossover,luxury,performance",midsize,4dr_suv,22,16,190,53400
mazda,millenia,2002,regular_unleaded,170.0,6.0,automatic,front_wheel_drive,4.0,,midsize,sedan,24,17,586,28875
chevrolet,c/k_1500_series,1998,regular_unleaded,200.0,6.0,manual,four_wheel_drive,2.0,,large,extended_cab_pickup,19,14,1385,3265
volkswagen,jetta_sportwagen,2014,regular_unleaded,170.0,5.0,manual,front_wheel_drive,4.0,,compact,wagon,33,23,873,20995
gmc,savana,2015,flex-fuel_(unleaded/e85),285.0,8.0,automatic,rear_wheel_drive,3.0,flex_fuel,midsize,passenger_van,17,11,549,34485
mazda,mx-6,1996,regular_unleaded,164.0,6.0,manual,front_wheel_drive,2.0,performance,compact,coupe,24,18,586,2000
infiniti,g_convertible,2012,premium_unleaded_(required),325.0,6.0,manual,rear_wheel_drive,2.0,"luxury,performance",midsize,convertible,24,16,190,51300
nissan,truck,1997,regular_unleaded,134.0,4.0,manual,four_wheel_drive,2.0,,compact,extended_cab_pickup,18,15,2009,2918
cadillac,srx,2014,regular_unleaded,308.0,6.0,automatic,all_wheel_drive,4.0,"crossover,luxury",midsize,4dr_suv,23,16,1624,48065
chevrolet,silverado_1500,2015,regular_unleaded,355.0,8.0,automatic,rear_wheel_drive,4.0,,large,crew_cab_pickup,23,16,1385,47875
chevrolet,hhr,2009,premium_unleaded_(recommended),260.0,4.0,manual,front_wheel_drive,4.0,"factory_tuner,performance",compact,wagon,29,21,1385,25135
ford,escort,2002,regular_unleaded,130.0,4.0,manual,front_wheel_drive,2.0,,compact,coupe,31,23,5657,12815
bentley,continental_gt_speed,2014,flex-fuel_(premium_unleaded_required/e85),616.0,12.0,automatic,all_wheel_drive,2.0,"exotic,flex_fuel,factory_tuner,luxury,high-performance",midsize,coupe,20,13,520,217000
mercedes-benz,gle-class,2016,diesel,201.0,4.0,automatic,all_wheel_drive,4.0,"crossover,luxury,diesel",midsize,4dr_suv,29,22,617,52500
volkswagen,passat,2015,regular_unleaded,170.0,4.0,automatic,front_wheel_drive,4.0,,midsize,sedan,36,24,873,31790
bmw,3_series,2017,premium_unleaded_(recommended),180.0,4.0,automatic,all_wheel_drive,4.0,luxury,midsize,sedan,34,23,3916,35450
chevrolet,express_cargo,2014,flex-fuel_(unleaded/e85),310.0,8.0,automatic,all_wheel_drive,3.0,flex_fuel,midsize,cargo_van,17,13,1385,32760
bmw,4_series,2016,premium_unleaded_(required),300.0,6.0,automatic,rear_wheel_drive,2.0,"luxury,performance",midsize,coupe,31,20,3916,48150
gmc,yukon,2017,flex-fuel_(unleaded/e85),355.0,8.0,automatic,rear_wheel_drive,4.0,"flex_fuel,performance",large,4dr_suv,23,16,549,57315
land_rover,discovery_series_ii,2001,premium_unleaded_(required),188.0,8.0,automatic,four_wheel_drive,4.0,luxury,midsize,4dr_suv,16,12,258,36350
volkswagen,beetle_convertible,2015,premium_unleaded_(recommended),210.0,4.0,automated_manual,front_wheel_drive,2.0,performance,compact,convertible,29,23,873,35975
chevrolet,malibu,2015,regular_unleaded,196.0,4.0,automatic,front_wheel_drive,4.0,,midsize,sedan,36,25,1385,23610
maserati,gransport,2006,premium_unleaded_(required),401.0,8.0,automatic,rear_wheel_drive,2.0,"exotic,factory_tuner,luxury,high-performance",compact,coupe,18,11,238,104122
toyota,corolla,2016,regular_unleaded,132.0,4.0,automatic,front_wheel_drive,4.0,,compact,sedan,38,29,2031,19135
mercedes-benz,sls_amg,2011,premium_unleaded_(required),563.0,8.0,automated_manual,rear_wheel_drive,2.0,"exotic,factory_tuner,luxury,high-performance",compact,coupe,20,14,617,183000
hyundai,tiburon,2008,regular_unleaded,172.0,6.0,automatic,front_wheel_drive,2.0,hatchback,compact,2dr_hatchback,24,17,1439,21270
buick,rendezvous,2007,regular_unleaded,196.0,6.0,automatic,front_wheel_drive,4.0,crossover,midsize,4dr_suv,23,17,155,28765
aston_martin,db9_gt,2016,premium_unleaded_(required),540.0,12.0,automatic,rear_wheel_drive,2.0,"exotic,high-performance",midsize,coupe,19,13,259,235307
chrysler,300,2016,regular_unleaded,300.0,6.0,automatic,rear_wheel_drive,4.0,performance,large,sedan,31,19,1013,35595
toyota,avalon,2017,regular_unleaded,268.0,6.0,automatic,front_wheel_drive,4.0,,midsize,sedan,30,21,2031,33250
toyota,sequoia,2016,regular_unleaded,381.0,8.0,automatic,four_wheel_drive,4.0,,large,4dr_suv,17,13,2031,65080
chevrolet,tahoe,2015,flex-fuel_(unleaded/e85),355.0,8.0,automatic,four_wheel_drive,4.0,flex_fuel,large,4dr_suv,22,16,1385,49300
kia,sorento,2016,regular_unleaded,290.0,6.0,automatic,front_wheel_drive,4.0,crossover,midsize,4dr_suv,26,18,1720,28700
subaru,impreza_wrx,2014,premium_unleaded_(required),305.0,4.0,manual,all_wheel_drive,4.0,"factory_tuner,high-performance",compact,sedan,23,17,640,37845
volkswagen,gti,2012,premium_unleaded_(recommended),200.0,4.0,automated_manual,front_wheel_drive,4.0,"hatchback,performance",compact,4dr_hatchback,33,24,873,31695
bmw,2_series,2016,premium_unleaded_(required),240.0,4.0,automatic,rear_wheel_drive,2.0,"luxury,performance",compact,coupe,35,23,3916,32850
chevrolet,malibu,2016,regular_unleaded,160.0,4.0,automatic,front_wheel_drive,4.0,,midsize,sedan,37,27,1385,23120
nissan,370z,2015,premium_unleaded_(required),332.0,6.0,automatic,rear_wheel_drive,2.0,high-performance,compact,coupe,26,19,2009,31290
nissan,juke,2016,premium_unleaded_(recommended),188.0,4.0,automatic,front_wheel_drive,4.0,"crossover,hatchback",compact,4dr_hatchback,32,28,2009,22300
chrysler,voyager,2003,regular_unleaded,180.0,6.0,automatic,front_wheel_drive,4.0,,midsize,passenger_minivan,24,17,1013,23790
land_rover,range_rover_sport,2014,premium_unleaded_(required),340.0,6.0,automatic,four_wheel_drive,4.0,"luxury,performance",midsize,4dr_suv,23,17,258,67600
volvo,xc60,2016,regular_unleaded,300.0,6.0,automatic,all_wheel_drive,4.0,"crossover,luxury,performance",midsize,4dr_suv,23,17,870,42650
plymouth,voyager,2000,regular_unleaded,150.0,4.0,automatic,front_wheel_drive,3.0,,midsize,passenger_minivan,24,18,535,2008
porsche,944,1990,regular_unleaded,208.0,4.0,manual,rear_wheel_drive,2.0,"hatchback,luxury,performance",compact,2dr_hatchback,24,15,1715,2667
ford,freestyle,2007,regular_unleaded,203.0,6.0,automatic,front_wheel_drive,4.0,crossover,large,wagon,25,18,5657,25920
lincoln,mkx,2015,regular_unleaded,305.0,6.0,automatic,front_wheel_drive,4.0,"crossover,luxury",midsize,4dr_suv,26,18,61,38900
toyota,pickup,1993,regular_unleaded,150.0,6.0,manual,rear_wheel_drive,2.0,,compact,extended_cab_pickup,20,15,2031,2047
nissan,cube,2013,regular_unleaded,122.0,4.0,automatic,front_wheel_drive,4.0,,compact,wagon,31,27,2009,18860
suzuki,verona,2005,regular_unleaded,155.0,6.0,automatic,front_wheel_drive,4.0,,midsize,sedan,25,18,481,21049
mitsubishi,lancer_sportback,2012,regular_unleaded,168.0,4.0,automatic,front_wheel_drive,4.0,hatchback,compact,4dr_hatchback,29,22,436,21345
nissan,leaf,2016,electric,,0.0,direct_drive,front_wheel_drive,4.0,hatchback,compact,4dr_hatchback,101,126,2009,29010
chevrolet,silverado_1500_classic,2007,regular_unleaded,285.0,8.0,automatic,four_wheel_drive,2.0,flex_fuel,large,regular_cab_pickup,18,14,1385,26685
cadillac,ct6,2017,regular_unleaded,335.0,6.0,automatic,all_wheel_drive,4.0,"luxury,performance",large,sedan,27,18,1624,63595
buick,lucerne,2009,premium_unleaded_(recommended),292.0,8.0,automatic,front_wheel_drive,4.0,"factory_tuner,performance",large,sedan,22,15,155,40205
infiniti,m,2012,premium_unleaded_(required),330.0,6.0,automatic,all_wheel_drive,4.0,"luxury,performance",large,sedan,24,17,190,49850
ford,escape_hybrid,2009,regular_unleaded,177.0,4.0,automatic,front_wheel_drive,4.0,"crossover,hybrid",compact,4dr_suv,31,34,5657,29645
infiniti,q70,2014,premium_unleaded_(required),330.0,6.0,automatic,rear_wheel_drive,4.0,"luxury,performance",large,sedan,26,18,190,49600
chevrolet,cobalt,2010,regular_unleaded,155.0,4.0,manual,front_wheel_drive,2.0,,compact,coupe,37,25,1385,15670
ford,windstar,2001,regular_unleaded,200.0,6.0,automatic,front_wheel_drive,3.0,,midsize,passenger_minivan,22,16,5657,22185
ford,transit_connect,2016,regular_unleaded,169.0,4.0,automatic,front_wheel_drive,4.0,,compact,passenger_minivan,28,20,5657,24825
bmw,x5_m,2015,premium_unleaded_(required),567.0,8.0,automatic,all_wheel_drive,4.0,"crossover,factory_tuner,luxury,high-performance",midsize,4dr_suv,19,14,3916,98700
audi,a3,2015,premium_unleaded_(recommended),170.0,4.0,automated_manual,front_wheel_drive,2.0,luxury,compact,convertible,35,24,3105,44050
volkswagen,beetle_convertible,2016,premium_unleaded_(recommended),210.0,4.0,manual,front_wheel_drive,2.0,performance,compact,convertible,31,23,873,29790
infiniti,qx60,2016,premium_unleaded_(recommended),265.0,6.0,automatic,all_wheel_drive,4.0,"crossover,luxury",large,4dr_suv,26,19,190,44400
nissan,pathfinder,2015,regular_unleaded,260.0,6.0,automatic,front_wheel_drive,4.0,crossover,large,4dr_suv,27,20,2009,41560
dodge,journey,2016,regular_unleaded,283.0,6.0,automatic,all_wheel_drive,4.0,crossover,midsize,4dr_suv,24,16,1851,28395
volkswagen,jetta,2016,regular_unleaded,170.0,4.0,manual,front_wheel_drive,4.0,,midsize,sedan,37,25,873,20895
ford,focus_rs,2017,premium_unleaded_(recommended),350.0,4.0,manual,all_wheel_drive,4.0,"hatchback,factory_tuner,high-performance",compact,4dr_hatchback,25,19,5657,36120
fiat,500x,2017,regular_unleaded,180.0,4.0,automatic,front_wheel_drive,4.0,crossover,compact,4dr_suv,30,22,819,25135
kia,spectra,2007,regular_unleaded,138.0,4.0,automatic,front_wheel_drive,4.0,,compact,sedan,32,23,1720,16995
audi,q7,2014,diesel,240.0,6.0,automatic,all_wheel_drive,4.0,"crossover,luxury,diesel",large,4dr_suv,28,19,3105,52900
porsche,cayenne,2015,diesel,240.0,6.0,automatic,all_wheel_drive,4.0,"crossover,luxury,diesel",midsize,4dr_suv,29,20,1715,61700
volkswagen,beetle,2016,premium_unleaded_(recommended),210.0,4.0,manual,front_wheel_drive,2.0,"hatchback,performance",compact,2dr_hatchback,31,23,873,25995
buick,verano,2015,regular_unleaded,180.0,4.0,automatic,front_wheel_drive,4.0,,midsize,sedan,32,21,155,27050
audi,200,1990,regular_unleaded,162.0,5.0,manual,all_wheel_drive,4.0,luxury,midsize,sedan,23,15,3105,2000
toyota,sienna,2016,regular_unleaded,266.0,6.0,automatic,front_wheel_drive,4.0,,large,passenger_minivan,25,18,2031,31640
kia,spectra,2009,regular_unleaded,138.0,4.0,automatic,front_wheel_drive,4.0,,compact,sedan,32,24,1720,16550
saab,9-3_griffin,2012,flex-fuel_(premium_unleaded_recommended/e85),220.0,4.0,manual,front_wheel_drive,4.0,"flex_fuel,luxury",compact,wagon,33,20,376,29830
suzuki,esteem,2002,regular_unleaded,122.0,4.0,automatic,front_wheel_drive,4.0,,compact,wagon,30,23,481,15799
ford,focus_st,2015,premium_unleaded_(recommended),252.0,4.0,manual,front_wheel_drive,4.0,"hatchback,factory_tuner,performance",compact,4dr_hatchback,32,23,5657,24370
suzuki,forenza,2008,regular_unleaded,127.0,4.0,automatic,front_wheel_drive,4.0,,compact,wagon,27,19,481,16489
hyundai,elantra,2015,regular_unleaded,166.0,4.0,automatic,front_wheel_drive,4.0,,compact,sedan,35,24,1439,22600
plymouth,laser,1994,regular_unleaded,195.0,4.0,manual,front_wheel_drive,2.0,"hatchback,performance",compact,2dr_hatchback,26,19,535,2000
chrysler,aspen,2009,regular_unleaded,303.0,8.0,automatic,four_wheel_drive,4.0,performance,large,4dr_suv,18,13,1013,37115
chevrolet,malibu_hybrid,2010,regular_unleaded,164.0,4.0,automatic,front_wheel_drive,4.0,hybrid,midsize,sedan,34,26,1385,25925
infiniti,fx35,2009,premium_unleaded_(required),303.0,6.0,automatic,all_wheel_drive,4.0,"crossover,luxury",midsize,4dr_suv,21,16,190,43600
lexus,is_250,2013,premium_unleaded_(required),204.0,6.0,automatic,all_wheel_drive,4.0,luxury,midsize,sedan,27,21,454,37525
honda,civic,2015,regular_unleaded,143.0,4.0,manual,front_wheel_drive,4.0,,compact,sedan,36,28,2202,18490
kia,rio,2015,regular_unleaded,138.0,4.0,automatic,front_wheel_drive,4.0,,compact,sedan,37,27,1720,18090
suzuki,vitara,2002,regular_unleaded,127.0,4.0,manual,four_wheel_drive,4.0,,compact,4dr_suv,23,20,481,18199
ford,mustang,2016,premium_unleaded_(recommended),435.0,8.0,manual,rear_wheel_drive,2.0,performance,midsize,coupe,25,15,5657,32395
ford,transit_connect,2016,regular_unleaded,169.0,4.0,automatic,front_wheel_drive,4.0,,compact,cargo_minivan,29,21,5657,24200
audi,a3,2017,premium_unleaded_(recommended),220.0,4.0,automated_manual,all_wheel_drive,2.0,luxury,compact,convertible,34,25,3105,43550
porsche,cayman,2015,premium_unleaded_(required),325.0,6.0,manual,rear_wheel_drive,2.0,"luxury,high-performance",compact,coupe,28,20,1715,63800
kia,optima,2016,regular_unleaded,185.0,4.0,automatic,front_wheel_drive,4.0,,midsize,sedan,35,24,1720,25140
chevrolet,silverado_1500_classic,2007,regular_unleaded,285.0,8.0,automatic,four_wheel_drive,4.0,flex_fuel,large,extended_cab_pickup,18,14,1385,28410
kia,soul,2016,regular_unleaded,164.0,4.0,automatic,front_wheel_drive,4.0,,compact,wagon,31,24,1720,21300
ford,ranger,2010,regular_unleaded,207.0,6.0,manual,four_wheel_drive,4.0,,compact,extended_cab_pickup,19,15,5657,25800
chrysler,300,2016,regular_unleaded,292.0,6.0,automatic,rear_wheel_drive,4.0,,large,sedan,31,19,1013,38555
audi,s4,2016,premium_unleaded_(required),333.0,6.0,automated_manual,all_wheel_drive,4.0,"factory_tuner,luxury,high-performance",midsize,sedan,28,18,3105,50200
cadillac,ats,2016,regular_unleaded,335.0,6.0,automatic,rear_wheel_drive,4.0,"luxury,high-performance",midsize,sedan,30,20,1624,41340
mitsubishi,mirage,2017,regular_unleaded,78.0,3.0,manual,front_wheel_drive,4.0,hatchback,compact,4dr_hatchback,41,33,436,12995
audi,a5,2016,premium_unleaded_(required),220.0,4.0,automatic,all_wheel_drive,2.0,luxury,midsize,coupe,31,22,3105,43800
subaru,b9_tribeca,2006,premium_unleaded_(required),250.0,6.0,automatic,all_wheel_drive,4.0,crossover,midsize,4dr_suv,21,16,640,32295
mercedes-benz,500-class,1991,regular_unleaded,322.0,8.0,automatic,rear_wheel_drive,2.0,"luxury,performance",compact,convertible,17,13,617,4155
mazda,tribute,2009,regular_unleaded,240.0,6.0,automatic,front_wheel_drive,4.0,crossover,compact,4dr_suv,26,18,586,23055
infiniti,q50,2015,premium_unleaded_(recommended),360.0,6.0,automatic,all_wheel_drive,4.0,"luxury,high-performance,hybrid",midsize,sedan,35,28,190,48600
volvo,s70,1999,regular_unleaded,190.0,5.0,automatic,front_wheel_drive,4.0,luxury,midsize,sedan,25,18,870,2286
suzuki,xl-7,2006,regular_unleaded,185.0,6.0,automatic,four_wheel_drive,4.0,,midsize,4dr_suv,20,15,481,26699
ford,fusion,2017,regular_unleaded,231.0,4.0,automatic,all_wheel_drive,4.0,performance,midsize,sedan,29,20,5657,27405
land_rover,range_rover,2014,premium_unleaded_(required),510.0,8.0,automatic,four_wheel_drive,4.0,"luxury,high-performance",large,4dr_suv,19,13,258,100100
saab,9-7x,2008,regular_unleaded,300.0,8.0,automatic,all_wheel_drive,4.0,luxury,midsize,4dr_suv,19,13,376,42770
mitsubishi,3000gt,1999,regular_unleaded,320.0,6.0,manual,all_wheel_drive,2.0,"hatchback,factory_tuner,performance",compact,2dr_hatchback,22,16,436,7600
ford,transit_wagon,2015,flex-fuel_(unleaded/e85),275.0,6.0,automatic,rear_wheel_drive,3.0,"flex_fuel,diesel",large,passenger_van,19,14,5657,39330
chevrolet,trailblazer,2009,regular_unleaded,285.0,6.0,automatic,four_wheel_drive,4.0,,midsize,4dr_suv,20,14,1385,33445
cadillac,fleetwood,1994,regular_unleaded,260.0,8.0,automatic,rear_wheel_drive,4.0,luxury,large,sedan,23,15,1624,2000
gmc,sierra_1500_classic,2007,flex-fuel_(unleaded/e85),295.0,8.0,automatic,rear_wheel_drive,4.0,flex_fuel,large,extended_cab_pickup,19,14,549,24515
gmc,vandura,1994,regular_unleaded,200.0,6.0,automatic,rear_wheel_drive,3.0,,midsize,cargo_van,20,15,549,2000
ford,festiva,1991,regular_unleaded,63.0,4.0,manual,front_wheel_drive,2.0,hatchback,compact,2dr_hatchback,38,30,5657,2000
volvo,xc60,2015,regular_unleaded,240.0,6.0,automatic,all_wheel_drive,4.0,"crossover,luxury",midsize,4dr_suv,25,18,870,44350
buick,encore,2017,regular_unleaded,138.0,4.0,automatic,all_wheel_drive,4.0,crossover,compact,4dr_suv,30,24,155,30565
ford,explorer_sport_trac,2009,regular_unleaded,210.0,6.0,automatic,rear_wheel_drive,4.0,crossover,compact,crew_cab_pickup,20,14,5657,25985
toyota,tundra,2015,regular_unleaded,381.0,8.0,automatic,four_wheel_drive,4.0,,large,extended_cab_pickup,17,13,2031,33390
volkswagen,jetta_gli,2013,premium_unleaded_(recommended),200.0,4.0,automated_manual,front_wheel_drive,4.0,performance,midsize,sedan,32,24,873,25045
infiniti,qx70,2015,premium_unleaded_(required),325.0,6.0,automatic,all_wheel_drive,4.0,"crossover,luxury,performance",midsize,4dr_suv,22,16,190,47300
cadillac,escalade,2015,flex-fuel_(unleaded/e85),420.0,8.0,automatic,rear_wheel_drive,4.0,"flex_fuel,luxury",large,4dr_suv,21,15,1624,71695
honda,accord,2015,regular_unleaded,278.0,6.0,automatic,front_wheel_drive,4.0,,midsize,sedan,34,21,2202,33630
gmc,sierra_1500,2016,flex-fuel_(unleaded/e85),285.0,6.0,automatic,rear_wheel_drive,4.0,flex_fuel,large,extended_cab_pickup,24,18,549,31390
chevrolet,suburban,2017,flex-fuel_(unleaded/e85),355.0,8.0,automatic,four_wheel_drive,4.0,"flex_fuel,performance",large,4dr_suv,22,15,1385,52915
toyota,tundra,2016,regular_unleaded,381.0,8.0,automatic,rear_wheel_drive,4.0,,large,crew_cab_pickup,18,13,2031,46530
bmw,4_series,2017,premium_unleaded_(recommended),248.0,4.0,automatic,rear_wheel_drive,2.0,luxury,midsize,convertible,34,23,3916,50300
nissan,370z,2016,premium_unleaded_(required),350.0,6.0,automatic,rear_wheel_drive,2.0,"factory_tuner,high-performance",compact,coupe,26,19,2009,46790
lincoln,navigator,2016,regular_unleaded,380.0,6.0,automatic,rear_wheel_drive,4.0,luxury,large,4dr_suv,20,15,61,65560
volkswagen,gti,2012,premium_unleaded_(recommended),200.0,4.0,manual,front_wheel_drive,2.0,"hatchback,performance",compact,2dr_hatchback,31,21,873,23995
ford,transit_wagon,2015,flex-fuel_(unleaded/e85),275.0,6.0,automatic,rear_wheel_drive,3.0,"flex_fuel,diesel",large,passenger_van,19,14,5657,39080
chevrolet,captiva_sport,2013,flex-fuel_(unleaded/e85),180.0,4.0,automatic,front_wheel_drive,4.0,"crossover,flex_fuel",midsize,4dr_suv,28,20,1385,25770
volvo,v60,2016,regular_unleaded,345.0,6.0,automatic,all_wheel_drive,4.0,"factory_tuner,luxury,high-performance",midsize,wagon,27,18,870,61300
dodge,ramcharger,1993,regular_unleaded,230.0,8.0,automatic,rear_wheel_drive,2.0,,midsize,2dr_suv,16,11,1851,2000
buick,enclave,2015,regular_unleaded,288.0,6.0,automatic,front_wheel_drive,4.0,crossover,midsize,4dr_suv,24,17,155,39050
infiniti,fx35,2010,premium_unleaded_(required),303.0,6.0,automatic,rear_wheel_drive,4.0,"crossover,luxury",midsize,4dr_suv,23,16,190,42850
chevrolet,cavalier,2004,regular_unleaded,140.0,4.0,manual,front_wheel_drive,2.0,,compact,coupe,33,23,1385,15905
toyota,tacoma,2016,regular_unleaded,278.0,6.0,automatic,rear_wheel_drive,4.0,,compact,crew_cab_pickup,24,19,2031,31625
ford,bronco_ii,1990,regular_unleaded,140.0,6.0,manual,four_wheel_drive,2.0,,compact,2dr_suv,20,15,5657,2000
toyota,celica,2003,regular_unleaded,140.0,4.0,manual,front_wheel_drive,2.0,hatchback,compact,2dr_hatchback,30,23,2031,17340
chevrolet,captiva_sport,2014,flex-fuel_(unleaded/e85),180.0,4.0,automatic,front_wheel_drive,4.0,"crossover,flex_fuel",midsize,4dr_suv,28,20,1385,25975
gmc,envoy,2009,regular_unleaded,300.0,8.0,automatic,four_wheel_drive,4.0,,midsize,4dr_suv,20,14,549,38670
hummer,h3t,2010,regular_unleaded,239.0,5.0,automatic,four_wheel_drive,4.0,"crossover,flex_fuel,luxury",compact,crew_cab_pickup,18,14,130,36355
chevrolet,express,2016,flex-fuel_(unleaded/e85),285.0,8.0,automatic,rear_wheel_drive,3.0,flex_fuel,midsize,passenger_van,16,11,1385,35285
toyota,camry_solara,2008,regular_unleaded,155.0,4.0,manual,front_wheel_drive,2.0,,midsize,coupe,31,21,2031,22450
toyota,tacoma,2017,regular_unleaded,278.0,6.0,automatic,rear_wheel_drive,4.0,,compact,crew_cab_pickup,24,19,2031,29690
honda,odyssey,2015,regular_unleaded,248.0,6.0,automatic,front_wheel_drive,4.0,,large,passenger_minivan,28,19,2202,35775
cadillac,ats,2015,flex-fuel_(unleaded/e85),321.0,6.0,automatic,rear_wheel_drive,4.0,"flex_fuel,luxury,high-performance",compact,sedan,28,18,1624,44660
mercedes-benz,s-class,2017,premium_unleaded_(required),577.0,8.0,automatic,all_wheel_drive,2.0,"factory_tuner,luxury,high-performance",large,convertible,22,14,617,176400
suzuki,grand_vitara,2012,regular_unleaded,166.0,4.0,automatic,four_wheel_drive,4.0,crossover,compact,4dr_suv,23,19,481,22849
audi,200,1990,regular_unleaded,162.0,5.0,automatic,front_wheel_drive,4.0,luxury,midsize,sedan,20,16,3105,2000
infiniti,g_sedan,2011,premium_unleaded_(recommended),328.0,6.0,automatic,rear_wheel_drive,4.0,"luxury,performance",midsize,sedan,27,19,190,44150
dodge,dart,2015,regular_unleaded,184.0,4.0,manual,front_wheel_drive,4.0,,midsize,sedan,35,22,1851,19000
chevrolet,c/k_1500_series,1999,regular_unleaded,230.0,8.0,automatic,four_wheel_drive,3.0,,large,extended_cab_pickup,17,13,1385,4098
ford,f-250,1999,regular_unleaded,220.0,8.0,automatic,four_wheel_drive,2.0,,large,regular_cab_pickup,15,12,5657,3878
fiat,500,2016,premium_unleaded_(recommended),101.0,4.0,manual,front_wheel_drive,2.0,hatchback,compact,2dr_hatchback,40,31,819,20395
suzuki,reno,2006,regular_unleaded,126.0,4.0,automatic,front_wheel_drive,4.0,hatchback,compact,4dr_hatchback,28,19,481,14199
volkswagen,jetta_sportwagen,2013,regular_unleaded,170.0,5.0,automatic,front_wheel_drive,4.0,,compact,wagon,31,24,873,21695
lexus,is_250,2015,premium_unleaded_(required),204.0,6.0,automatic,all_wheel_drive,4.0,luxury,midsize,sedan,27,20,454,43690
mitsubishi,galant,2010,regular_unleaded,160.0,4.0,automatic,front_wheel_drive,4.0,,midsize,sedan,30,21,436,21599
subaru,justy,1993,regular_unleaded,73.0,3.0,automatic,front_wheel_drive,4.0,hatchback,compact,4dr_hatchback,32,28,640,2000
chrysler,lhs,1999,regular_unleaded,253.0,6.0,automatic,front_wheel_drive,4.0,performance,large,sedan,24,16,1013,2000
suzuki,sx4,2013,regular_unleaded,150.0,4.0,manual,front_wheel_drive,4.0,,compact,sedan,33,23,481,15845
volkswagen,beetle,2015,regular_unleaded,170.0,4.0,manual,front_wheel_drive,2.0,hatchback,compact,2dr_hatchback,33,24,873,25095
plymouth,sundance,1994,regular_unleaded,93.0,4.0,manual,front_wheel_drive,2.0,hatchback,compact,2dr_hatchback,30,23,535,2000
honda,hr-v,2017,regular_unleaded,141.0,4.0,automatic,front_wheel_drive,4.0,crossover,compact,4dr_suv,34,28,2202,22215
volkswagen,touareg,2016,premium_unleaded_(recommended),280.0,6.0,automatic,all_wheel_drive,4.0,crossover,midsize,4dr_suv,23,17,873,46745
land_rover,lr2,2015,premium_unleaded_(recommended),240.0,4.0,automatic,all_wheel_drive,4.0,"crossover,luxury",compact,4dr_suv,24,17,258,36600
mazda,2,2013,regular_unleaded,100.0,4.0,manual,front_wheel_drive,4.0,hatchback,compact,4dr_hatchback,35,29,586,16210
mitsubishi,vanwagon,1990,regular_unleaded,107.0,4.0,automatic,rear_wheel_drive,3.0,,compact,cargo_minivan,20,18,436,2000
mazda,2,2012,regular_unleaded,100.0,4.0,manual,front_wheel_drive,4.0,hatchback,compact,4dr_hatchback,35,29,586,16020
chevrolet,trax,2017,regular_unleaded,138.0,4.0,automatic,front_wheel_drive,4.0,crossover,compact,4dr_suv,33,25,1385,21000
infiniti,g_sedan,2012,premium_unleaded_(recommended),328.0,6.0,automatic,all_wheel_drive,4.0,luxury,midsize,sedan,25,18,190,41850
oldsmobile,cutlass_calais,1990,regular_unleaded,160.0,4.0,automatic,front_wheel_drive,4.0,,compact,sedan,28,20,26,2000
kia,rio,2017,regular_unleaded,138.0,4.0,automatic,front_wheel_drive,4.0,,compact,sedan,36,27,1720,15395
dodge,ram_van,2000,regular_unleaded,225.0,8.0,automatic,rear_wheel_drive,3.0,,midsize,cargo_van,17,12,1851,2320
mazda,protege5,2003,regular_unleaded,130.0,4.0,manual,front_wheel_drive,4.0,,compact,wagon,28,22,586,16895
honda,pilot,2015,regular_unleaded,250.0,6.0,automatic,front_wheel_drive,4.0,crossover,midsize,4dr_suv,25,18,2202,40020
volkswagen,passat,2015,regular_unleaded,170.0,4.0,automatic,front_wheel_drive,4.0,,midsize,sedan,36,24,873,24375
ford,taurus,2017,premium_unleaded_(recommended),365.0,6.0,automatic,all_wheel_drive,4.0,"factory_tuner,high-performance",large,sedan,24,16,5657,42520
honda,crosstour,2013,regular_unleaded,278.0,6.0,automatic,front_wheel_drive,4.0,"crossover,hatchback",midsize,4dr_hatchback,30,20,2202,30890
dodge,ram_150,1992,regular_unleaded,180.0,6.0,manual,four_wheel_drive,2.0,,large,regular_cab_pickup,16,11,1851,2000
mercedes-benz,420-class,1990,regular_unleaded,201.0,8.0,automatic,rear_wheel_drive,4.0,luxury,large,sedan,17,14,617,2000
ford,f-250,1998,regular_unleaded,220.0,8.0,manual,rear_wheel_drive,2.0,,large,regular_cab_pickup,17,13,5657,3338
ford,fusion,2017,regular_unleaded,175.0,4.0,automatic,front_wheel_drive,4.0,,midsize,sedan,32,21,5657,22610
nissan,300zx,1994,regular_unleaded,300.0,6.0,manual,rear_wheel_drive,2.0,"hatchback,performance",compact,2dr_hatchback,22,16,2009,2683
land_rover,range_rover_sport,2014,flex-fuel_(premium_unleaded_required/e85),340.0,6.0,automatic,four_wheel_drive,4.0,"flex_fuel,luxury,performance",midsize,4dr_suv,23,17,258,67600
mazda,6,2016,regular_unleaded,184.0,4.0,automatic,front_wheel_drive,4.0,,midsize,sedan,38,26,586,24995
dodge,ram_150,1992,regular_unleaded,180.0,6.0,manual,four_wheel_drive,2.0,,large,regular_cab_pickup,16,11,1851,2000
maserati,granturismo,2014,premium_unleaded_(required),454.0,8.0,automatic,rear_wheel_drive,2.0,"exotic,factory_tuner,luxury,high-performance",large,coupe,21,13,238,143400
buick,regal,2016,flex-fuel_(unleaded/e85),182.0,4.0,automatic,front_wheel_drive,4.0,flex_fuel,midsize,sedan,31,19,155,27065
aston_martin,v8_vantage,2016,premium_unleaded_(required),430.0,8.0,manual,rear_wheel_drive,2.0,"exotic,high-performance",compact,convertible,19,13,259,148795
chevrolet,uplander,2007,regular_unleaded,240.0,6.0,automatic,front_wheel_drive,4.0,flex_fuel,midsize,passenger_minivan,23,16,1385,27405
ford,f-150_heritage,2004,regular_unleaded,202.0,6.0,manual,four_wheel_drive,2.0,,large,regular_cab_pickup,18,13,5657,23830
volkswagen,passat,2016,regular_unleaded,170.0,4.0,automatic,front_wheel_drive,4.0,,midsize,sedan,38,25,873,24750
buick,lucerne,2010,flex-fuel_(unleaded/e85),227.0,6.0,automatic,front_wheel_drive,4.0,flex_fuel,large,sedan,26,17,155,30930
chevrolet,aveo,2011,regular_unleaded,108.0,4.0,manual,front_wheel_drive,4.0,,compact,sedan,35,27,1385,11965
mercedes-benz,c-class,2015,premium_unleaded_(required),241.0,4.0,automatic,all_wheel_drive,4.0,luxury,midsize,sedan,31,24,617,41050
dodge,caliber,2010,regular_unleaded,172.0,4.0,manual,front_wheel_drive,4.0,,compact,wagon,29,23,1851,20555
toyota,tundra,2015,regular_unleaded,381.0,8.0,automatic,rear_wheel_drive,4.0,,large,crew_cab_pickup,18,13,2031,44925
volkswagen,beetle_convertible,2015,diesel,150.0,4.0,manual,front_wheel_drive,2.0,diesel,compact,convertible,40,30,873,31125
nissan,quest,2016,regular_unleaded,260.0,6.0,automatic,front_wheel_drive,4.0,,compact,passenger_minivan,27,20,2009,26580
subaru,b9_tribeca,2007,premium_unleaded_(required),245.0,6.0,automatic,all_wheel_drive,4.0,crossover,midsize,4dr_suv,21,16,640,37295
ford,explorer_sport_trac,2008,regular_unleaded,210.0,6.0,automatic,four_wheel_drive,4.0,,compact,crew_cab_pickup,19,13,5657,30015
toyota,sienna,2017,regular_unleaded,296.0,6.0,automatic,front_wheel_drive,4.0,,large,passenger_minivan,27,19,2031,46170
volkswagen,jetta_gli,2013,premium_unleaded_(recommended),210.0,4.0,automated_manual,front_wheel_drive,4.0,performance,midsize,sedan,32,24,873,25270
chevrolet,silverado_1500,2017,flex-fuel_(unleaded/e85),285.0,6.0,automatic,four_wheel_drive,2.0,flex_fuel,large,regular_cab_pickup,22,17,1385,33850
chevrolet,s-10,2002,regular_unleaded,190.0,6.0,automatic,rear_wheel_drive,2.0,performance,compact,regular_cab_pickup,20,15,1385,18944
hyundai,excel,1993,regular_unleaded,81.0,4.0,manual,front_wheel_drive,4.0,,compact,sedan,33,25,1439,2000
kia,sephia,2000,regular_unleaded,125.0,4.0,manual,front_wheel_drive,4.0,,compact,sedan,26,20,1720,2000
chevrolet,s-10,2003,flex-fuel_(unleaded/e85),120.0,4.0,manual,rear_wheel_drive,2.0,flex_fuel,compact,regular_cab_pickup,25,19,1385,14770
honda,odyssey,2015,regular_unleaded,248.0,6.0,automatic,front_wheel_drive,4.0,,large,passenger_minivan,28,19,2202,32275
dodge,srt_viper,2014,premium_unleaded_(required),640.0,10.0,manual,rear_wheel_drive,2.0,"exotic,high-performance",compact,coupe,19,12,1851,107385
volvo,740,1991,regular_unleaded,162.0,4.0,automatic,rear_wheel_drive,4.0,"luxury,performance",midsize,sedan,20,17,870,2000
ford,transit_wagon,2015,premium_unleaded_(recommended),310.0,6.0,automatic,rear_wheel_drive,3.0,diesel,large,passenger_van,19,14,5657,42295
lexus,rx_450h,2016,premium_unleaded_(recommended),308.0,6.0,automatic,all_wheel_drive,4.0,"crossover,luxury,hybrid",midsize,4dr_suv,28,30,454,57045
mazda,b-series,2001,regular_unleaded,150.0,6.0,manual,rear_wheel_drive,2.0,,compact,regular_cab_pickup,21,15,586,14990
lincoln,blackwood,2002,premium_unleaded_(required),300.0,8.0,automatic,rear_wheel_drive,4.0,luxury,large,crew_cab_pickup,15,11,61,51785
volkswagen,routan,2010,regular_unleaded,251.0,6.0,automatic,front_wheel_drive,4.0,,midsize,passenger_minivan,25,17,873,36600
gmc,sierra_1500_classic,2007,regular_unleaded,295.0,8.0,automatic,four_wheel_drive,4.0,,large,extended_cab_pickup,17,13,549,31735
chevrolet,silverado_1500,2016,regular_unleaded,355.0,8.0,automatic,rear_wheel_drive,4.0,flex_fuel,large,crew_cab_pickup,23,16,1385,36940
oldsmobile,lss,1998,regular_unleaded,240.0,6.0,automatic,front_wheel_drive,4.0,,large,sedan,25,16,26,2444
buick,verano,2017,regular_unleaded,180.0,4.0,automatic,front_wheel_drive,4.0,,midsize,sedan,31,21,155,21065
mazda,mx-5_miata,2014,premium_unleaded_(recommended),167.0,4.0,manual,rear_wheel_drive,2.0,performance,compact,convertible,28,21,586,27550
kia,spectra,2009,regular_unleaded,138.0,4.0,automatic,front_wheel_drive,4.0,,compact,sedan,32,24,1720,17450
volvo,s40,2010,premium_unleaded_(recommended),168.0,5.0,manual,front_wheel_drive,4.0,luxury,compact,sedan,29,21,870,26200
maybach,landaulet,2011,premium_unleaded_(required),620.0,12.0,automatic,rear_wheel_drive,4.0,"exotic,luxury,high-performance",large,convertible,16,10,67,1380000
mercedes-benz,e-class,2015,premium_unleaded_(required),577.0,8.0,automatic,all_wheel_drive,4.0,"factory_tuner,luxury,high-performance",midsize,wagon,21,15,617,103200
mitsubishi,lancer,2017,regular_unleaded,168.0,4.0,automatic,all_wheel_drive,4.0,,compact,sedan,30,23,436,21095
mazda,cx-3,2016,regular_unleaded,146.0,4.0,automatic,all_wheel_drive,4.0,crossover,compact,4dr_suv,32,27,586,23210
dodge,monaco,1991,regular_unleaded,150.0,6.0,automatic,front_wheel_drive,4.0,,midsize,sedan,24,16,1851,2000
chevrolet,silverado_1500_classic,2007,flex-fuel_(unleaded/e85),295.0,8.0,automatic,rear_wheel_drive,4.0,flex_fuel,large,crew_cab_pickup,19,14,1385,28515
volvo,c30,2013,regular_unleaded,227.0,5.0,manual,front_wheel_drive,2.0,"hatchback,luxury,performance",compact,2dr_hatchback,29,21,870,27850
gmc,sierra_1500_classic,2007,regular_unleaded,285.0,8.0,automatic,rear_wheel_drive,4.0,,large,crew_cab_pickup,19,15,549,25325
mazda,tribute,2010,regular_unleaded,171.0,4.0,automatic,all_wheel_drive,4.0,crossover,compact,4dr_suv,26,20,586,24200
mazda,mazdaspeed_6,2006,premium_unleaded_(required),274.0,4.0,manual,all_wheel_drive,4.0,"factory_tuner,performance",midsize,sedan,23,17,586,27995
chevrolet,c/k_1500_series,1998,regular_unleaded,230.0,8.0,manual,rear_wheel_drive,2.0,,large,extended_cab_pickup,18,13,1385,3357
plymouth,grand_voyager,1999,flex-fuel_(unleaded/e85),158.0,6.0,automatic,front_wheel_drive,4.0,flex_fuel,large,passenger_minivan,22,16,535,2055
oldsmobile,cutlass_calais,1991,regular_unleaded,160.0,4.0,automatic,front_wheel_drive,4.0,,compact,sedan,30,21,26,2000
porsche,911,2015,premium_unleaded_(required),350.0,6.0,manual,rear_wheel_drive,2.0,"luxury,high-performance",compact,convertible,27,19,1715,96200
dodge,challenger,2017,premium_unleaded_(recommended),485.0,8.0,manual,rear_wheel_drive,2.0,"factory_tuner,high-performance",large,coupe,23,14,1851,37995
lexus,is_f,2012,premium_unleaded_(required),416.0,8.0,automatic,rear_wheel_drive,4.0,"factory_tuner,luxury,high-performance",midsize,sedan,23,16,454,61300
volkswagen,passat,2016,regular_unleaded,170.0,4.0,automatic,front_wheel_drive,4.0,,midsize,sedan,38,25,873,26280
lexus,gx_460,2016,premium_unleaded_(required),301.0,8.0,automatic,four_wheel_drive,4.0,luxury,midsize,4dr_suv,20,15,454,50780
chevrolet,trailblazer_ext,2005,regular_unleaded,275.0,6.0,automatic,rear_wheel_drive,4.0,,large,4dr_suv,18,13,1385,28085
chevrolet,spark_ev,2016,electric,140.0,0.0,direct_drive,front_wheel_drive,4.0,hatchback,compact,4dr_hatchback,109,128,1385,25510
toyota,tacoma,2015,regular_unleaded,236.0,6.0,automatic,rear_wheel_drive,4.0,,compact,crew_cab_pickup,21,17,2031,25560
chevrolet,c/k_1500_series,1997,regular_unleaded,200.0,6.0,manual,four_wheel_drive,2.0,,large,regular_cab_pickup,18,14,1385,2749
chevrolet,silverado_1500,2016,regular_unleaded,355.0,8.0,automatic,rear_wheel_drive,4.0,,large,crew_cab_pickup,23,16,1385,44010
chevrolet,uplander,2007,regular_unleaded,240.0,6.0,automatic,front_wheel_drive,4.0,flex_fuel,compact,passenger_minivan,23,16,1385,20205
nissan,murano,2017,regular_unleaded,260.0,6.0,automatic,front_wheel_drive,4.0,crossover,midsize,4dr_suv,28,21,2009,32800
saab,9000,1998,regular_unleaded,225.0,4.0,manual,front_wheel_drive,4.0,"hatchback,luxury",midsize,4dr_hatchback,25,18,376,2172
cadillac,ats,2016,regular_unleaded,335.0,6.0,automatic,all_wheel_drive,4.0,"luxury,high-performance",midsize,sedan,28,19,1624,47155
ford,fusion_hybrid,2015,regular_unleaded,188.0,4.0,automatic,front_wheel_drive,4.0,hybrid,midsize,sedan,41,44,5657,32330
chevrolet,corvette,2016,premium_unleaded_(recommended),460.0,8.0,manual,rear_wheel_drive,2.0,high-performance,compact,coupe,29,17,1385,60400
ferrari,f430,2008,premium_unleaded_(required),483.0,8.0,automated_manual,rear_wheel_drive,2.0,"exotic,high-performance",compact,convertible,16,11,2774,228447
subaru,justy,1993,regular_unleaded,73.0,3.0,automatic,front_wheel_drive,2.0,hatchback,compact,2dr_hatchback,32,28,640,2000
volkswagen,eurovan,2001,premium_unleaded_(required),201.0,6.0,automatic,front_wheel_drive,3.0,,large,passenger_minivan,18,15,873,27700
mitsubishi,raider,2007,regular_unleaded,210.0,6.0,automatic,rear_wheel_drive,4.0,,compact,crew_cab_pickup,20,15,436,24005
toyota,tacoma,2016,regular_unleaded,278.0,6.0,automatic,four_wheel_drive,4.0,,compact,crew_cab_pickup,23,18,2031,34090
gmc,acadia,2017,regular_unleaded,194.0,4.0,automatic,front_wheel_drive,4.0,crossover,midsize,4dr_suv,26,21,549,29070
gmc,savana,2016,flex-fuel_(unleaded/e85),285.0,8.0,automatic,rear_wheel_drive,3.0,flex_fuel,midsize,passenger_van,16,11,549,34815
nissan,pathfinder,2017,regular_unleaded,284.0,6.0,automatic,front_wheel_drive,4.0,crossover,large,4dr_suv,27,20,2009,30290
cadillac,xlr-v,2009,premium_unleaded_(required),443.0,8.0,automatic,rear_wheel_drive,2.0,"factory_tuner,luxury,high-performance",compact,convertible,23,14,1624,104215
volkswagen,touareg_2,2009,diesel,221.0,6.0,automatic,all_wheel_drive,4.0,"crossover,diesel",midsize,4dr_suv,25,17,873,42800
mazda,truck,2003,regular_unleaded,147.0,6.0,manual,rear_wheel_drive,2.0,,compact,extended_cab_pickup,21,17,586,18885
chevrolet,cavalier,2004,regular_unleaded,140.0,4.0,manual,front_wheel_drive,2.0,,compact,coupe,33,23,1385,14235
suzuki,kizashi,2011,regular_unleaded,185.0,4.0,manual,front_wheel_drive,4.0,,midsize,sedan,29,20,481,23049
mitsubishi,endeavor,2011,premium_unleaded_(recommended),225.0,6.0,automatic,all_wheel_drive,4.0,crossover,midsize,4dr_suv,19,15,436,33599
toyota,matrix,2012,regular_unleaded,158.0,4.0,automatic,front_wheel_drive,4.0,hatchback,compact,4dr_hatchback,29,21,2031,20755
dodge,challenger,2017,regular_unleaded,375.0,8.0,manual,rear_wheel_drive,2.0,high-performance,large,coupe,23,15,1851,40140
buick,riviera,1999,regular_unleaded,240.0,6.0,automatic,front_wheel_drive,2.0,,large,coupe,25,16,155,2379
honda,element,2009,regular_unleaded,166.0,4.0,automatic,front_wheel_drive,4.0,crossover,compact,4dr_suv,25,20,2202,24085
chevrolet,cruze,2016,regular_unleaded,153.0,4.0,manual,front_wheel_drive,4.0,,midsize,sedan,41,29,1385,18120
ford,mustang,2016,premium_unleaded_(recommended),435.0,8.0,manual,rear_wheel_drive,2.0,performance,midsize,coupe,25,15,5657,36395
chevrolet,sonic,2016,regular_unleaded,138.0,4.0,manual,front_wheel_drive,4.0,hatchback,compact,4dr_hatchback,35,26,1385,14945
infiniti,q60_coupe,2017,premium_unleaded_(recommended),208.0,4.0,automatic,rear_wheel_drive,2.0,luxury,midsize,coupe,30,22,190,38950
nissan,300zx,1996,regular_unleaded,222.0,6.0,manual,rear_wheel_drive,2.0,performance,compact,coupe,22,17,2009,3107
volkswagen,fox,1992,regular_unleaded,81.0,4.0,manual,front_wheel_drive,2.0,,compact,coupe,29,22,873,2000
lotus,exige,2011,premium_unleaded_(recommended),240.0,4.0,manual,rear_wheel_drive,2.0,"exotic,high-performance",compact,coupe,26,20,613,65690
chevrolet,chevy_van,1996,regular_unleaded,195.0,6.0,automatic,rear_wheel_drive,3.0,,large,cargo_van,17,14,1385,2000
ford,tempo,1994,regular_unleaded,96.0,4.0,manual,front_wheel_drive,2.0,,compact,coupe,30,21,5657,2000
cadillac,ats_coupe,2015,premium_unleaded_(recommended),272.0,4.0,automatic,rear_wheel_drive,2.0,"luxury,performance",compact,coupe,31,21,1624,41920
hyundai,sonata,2015,regular_unleaded,245.0,4.0,automatic,front_wheel_drive,4.0,performance,midsize,sedan,31,21,1439,33525
ford,explorer_sport_trac,2009,regular_unleaded,210.0,6.0,automatic,four_wheel_drive,4.0,crossover,compact,crew_cab_pickup,19,13,5657,28510
aston_martin,v8_vantage,2015,premium_unleaded_(required),430.0,8.0,automated_manual,rear_wheel_drive,2.0,"exotic,high-performance",compact,coupe,21,14,259,138695
ford,explorer_sport_trac,2009,regular_unleaded,292.0,8.0,automatic,rear_wheel_drive,4.0,crossover,compact,crew_cab_pickup,21,15,5657,31145
oldsmobile,cutlass_ciera,1992,regular_unleaded,160.0,6.0,automatic,front_wheel_drive,4.0,,midsize,sedan,24,17,26,2000
hyundai,santa_fe_sport,2015,regular_unleaded,264.0,4.0,automatic,all_wheel_drive,4.0,crossover,midsize,4dr_suv,24,18,1439,33000
ford,ranger,2009,regular_unleaded,143.0,4.0,manual,rear_wheel_drive,2.0,,compact,regular_cab_pickup,26,21,5657,16395
volkswagen,routan,2010,regular_unleaded,251.0,6.0,automatic,front_wheel_drive,4.0,,midsize,passenger_minivan,25,17,873,42500
lincoln,mkc,2017,regular_unleaded,240.0,4.0,automatic,all_wheel_drive,4.0,"crossover,luxury",compact,4dr_suv,25,19,61,41895
audi,q3,2017,premium_unleaded_(recommended),200.0,4.0,automatic,all_wheel_drive,4.0,"crossover,luxury",compact,4dr_suv,28,20,3105,33900
infiniti,ex,2012,premium_unleaded_(recommended),297.0,6.0,automatic,rear_wheel_drive,4.0,"crossover,luxury",midsize,4dr_suv,24,17,190,35800
cadillac,ats,2015,premium_unleaded_(recommended),272.0,4.0,automatic,rear_wheel_drive,4.0,"luxury,performance",compact,sedan,30,21,1624,35245
dodge,ram_250,1992,regular_unleaded,230.0,8.0,manual,four_wheel_drive,2.0,,large,regular_cab_pickup,15,12,1851,2000
chrysler,300,2015,regular_unleaded,300.0,6.0,automatic,all_wheel_drive,4.0,,large,sedan,27,18,1013,37570
hyundai,excel,1993,regular_unleaded,81.0,4.0,manual,front_wheel_drive,2.0,hatchback,compact,2dr_hatchback,33,25,1439,2000
volkswagen,beetle_convertible,2014,diesel,140.0,4.0,automated_manual,front_wheel_drive,2.0,diesel,compact,convertible,41,28,873,31195
cadillac,eldorado,2002,regular_unleaded,300.0,8.0,automatic,front_wheel_drive,2.0,luxury,large,coupe,25,16,1624,47660
honda,accord,2017,regular_unleaded,278.0,6.0,automatic,front_wheel_drive,4.0,performance,midsize,sedan,33,21,2202,34830
cadillac,escalade_esv,2015,flex-fuel_(unleaded/e85),420.0,8.0,automatic,four_wheel_drive,4.0,"flex_fuel,luxury",large,4dr_suv,20,14,1624,78570
gmc,safari_cargo,2003,regular_unleaded,190.0,6.0,automatic,rear_wheel_drive,3.0,,large,cargo_minivan,21,15,549,22050
audi,coupe,1991,regular_unleaded,164.0,5.0,manual,all_wheel_drive,2.0,"hatchback,factory_tuner,luxury,performance",compact,2dr_hatchback,22,15,3105,2000
toyota,tundra,2015,flex-fuel_(unleaded/e85),381.0,8.0,automatic,four_wheel_drive,4.0,flex_fuel,large,extended_cab_pickup,17,13,2031,34710
chevrolet,malibu,2015,regular_unleaded,196.0,4.0,automatic,front_wheel_drive,4.0,,midsize,sedan,36,25,1385,22340
volkswagen,golf,2015,diesel,150.0,4.0,automated_manual,front_wheel_drive,4.0,"hatchback,diesel",compact,4dr_hatchback,43,31,873,26995
hyundai,santa_fe,2015,regular_unleaded,290.0,6.0,automatic,front_wheel_drive,4.0,crossover,midsize,4dr_suv,25,18,1439,30150
ford,f-150,2015,flex-fuel_(unleaded/e85),282.0,6.0,automatic,four_wheel_drive,2.0,flex_fuel,large,regular_cab_pickup,23,17,5657,34745
subaru,outback,2017,regular_unleaded,175.0,4.0,automatic,all_wheel_drive,4.0,crossover,midsize,4dr_suv,32,25,640,25645
plymouth,neon,1999,regular_unleaded,150.0,4.0,manual,front_wheel_drive,4.0,,compact,sedan,36,24,535,2000
chevrolet,tahoe,2016,flex-fuel_(unleaded/e85),355.0,8.0,automatic,four_wheel_drive,4.0,"flex_fuel,performance",large,4dr_suv,22,16,1385,64740
chevrolet,blazer,2003,regular_unleaded,190.0,6.0,manual,four_wheel_drive,2.0,,compact,2dr_suv,18,13,1385,23745
maserati,quattroporte,2015,premium_unleaded_(required),404.0,6.0,automatic,all_wheel_drive,4.0,"exotic,luxury,high-performance",large,sedan,24,15,238,106900
suzuki,xl7,2008,regular_unleaded,252.0,6.0,automatic,front_wheel_drive,4.0,crossover,midsize,4dr_suv,22,16,481,25049
volvo,940,1995,regular_unleaded,162.0,4.0,automatic,rear_wheel_drive,4.0,luxury,midsize,sedan,22,17,870,2000
buick,park_avenue,2005,premium_unleaded_(required),240.0,6.0,automatic,front_wheel_drive,4.0,performance,large,sedan,26,17,155,40730
gmc,canyon,2016,regular_unleaded,200.0,4.0,automatic,rear_wheel_drive,4.0,,compact,extended_cab_pickup,27,20,549,27305
chevrolet,cavalier,2005,regular_unleaded,140.0,4.0,manual,front_wheel_drive,2.0,,compact,coupe,33,23,1385,16090
ford,fiesta,2017,regular_unleaded,197.0,4.0,manual,front_wheel_drive,4.0,"hatchback,factory_tuner,performance",compact,4dr_hatchback,32,26,5657,21610
mazda,rx-7,1993,regular_unleaded,255.0,,manual,rear_wheel_drive,2.0,"factory_tuner,performance",compact,coupe,23,15,586,7523
gmc,terrain,2016,regular_unleaded,182.0,4.0,automatic,front_wheel_drive,4.0,crossover,compact,4dr_suv,32,22,549,30620
ford,f-150,2015,flex-fuel_(unleaded/e85),282.0,6.0,automatic,four_wheel_drive,4.0,flex_fuel,large,extended_cab_pickup,23,17,5657,37630
dodge,stealth,1995,regular_unleaded,164.0,6.0,manual,front_wheel_drive,2.0,,compact,coupe,22,17,1851,2000
dodge,neon,2005,regular_unleaded,132.0,4.0,manual,front_wheel_drive,4.0,,compact,sedan,32,25,1851,16110
honda,accord,2016,regular_unleaded,185.0,4.0,manual,front_wheel_drive,2.0,,midsize,coupe,34,23,2202,26000
chrysler,sebring,2010,regular_unleaded,235.0,6.0,automatic,front_wheel_drive,2.0,,midsize,convertible,27,16,1013,32710
plymouth,colt,1994,regular_unleaded,113.0,4.0,manual,front_wheel_drive,4.0,,compact,sedan,30,23,535,2000
infiniti,q60_coupe,2015,premium_unleaded_(recommended),330.0,6.0,automatic,rear_wheel_drive,2.0,"luxury,performance",midsize,coupe,27,19,190,40950
tesla,model_s,2015,electric,,0.0,direct_drive,all_wheel_drive,4.0,"exotic,performance",large,sedan,102,101,1391,75000
mercedes-benz,slk-class,2015,premium_unleaded_(required),415.0,8.0,automatic,rear_wheel_drive,2.0,"factory_tuner,luxury,high-performance",compact,convertible,28,19,617,70850
volkswagen,golf_sportwagen,2017,regular_unleaded,170.0,4.0,automatic,front_wheel_drive,4.0,,compact,wagon,34,25,873,27030
volkswagen,beetle_convertible,2015,diesel,150.0,4.0,automated_manual,front_wheel_drive,2.0,diesel,compact,convertible,40,30,873,32225
toyota,corolla,2015,regular_unleaded,132.0,4.0,automatic,front_wheel_drive,4.0,,compact,sedan,37,29,2031,19195
chevrolet,aveo,2011,regular_unleaded,108.0,4.0,manual,front_wheel_drive,4.0,,compact,sedan,35,27,1385,14100
lincoln,continental,2017,premium_unleaded_(recommended),,6.0,automatic,front_wheel_drive,4.0,luxury,large,sedan,27,18,61,53915
chevrolet,trailblazer,2007,regular_unleaded,291.0,6.0,automatic,rear_wheel_drive,4.0,,midsize,4dr_suv,20,14,1385,27970
bmw,z4,2015,premium_unleaded_(required),240.0,4.0,manual,rear_wheel_drive,2.0,"luxury,performance",compact,convertible,34,22,3916,48950
toyota,venza,2015,regular_unleaded,268.0,6.0,automatic,all_wheel_drive,4.0,"crossover,performance",midsize,wagon,25,18,2031,35600
ford,f-150,2017,regular_unleaded,325.0,6.0,automatic,rear_wheel_drive,4.0,flex_fuel,large,extended_cab_pickup,26,19,5657,35895
dodge,challenger,2017,regular_unleaded,375.0,8.0,manual,rear_wheel_drive,2.0,high-performance,large,coupe,23,15,1851,39890
volkswagen,cc,2015,premium_unleaded_(recommended),200.0,4.0,automated_manual,front_wheel_drive,4.0,performance,midsize,sedan,31,22,873,38085
volkswagen,beetle,2015,regular_unleaded,170.0,4.0,manual,front_wheel_drive,2.0,hatchback,compact,2dr_hatchback,33,24,873,25095
mercedes-benz,gl-class,2015,premium_unleaded_(required),429.0,8.0,automatic,all_wheel_drive,4.0,"crossover,luxury,performance",large,4dr_suv,18,13,617,89950
gmc,acadia,2016,regular_unleaded,281.0,6.0,automatic,front_wheel_drive,4.0,crossover,midsize,4dr_suv,22,15,549,42295
toyota,celica,2004,premium_unleaded_(required),180.0,4.0,automatic,front_wheel_drive,2.0,"hatchback,performance",compact,2dr_hatchback,28,22,2031,24810
ford,mustang,2017,premium_unleaded_(recommended),435.0,8.0,manual,rear_wheel_drive,2.0,performance,midsize,coupe,25,15,5657,32645
chevrolet,avalanche,2012,flex-fuel_(unleaded/e85),320.0,8.0,automatic,rear_wheel_drive,4.0,"crossover,flex_fuel",large,crew_cab_pickup,21,15,1385,40195
ford,f-250,1999,regular_unleaded,220.0,8.0,manual,rear_wheel_drive,4.0,,large,extended_cab_pickup,17,13,5657,3241
volvo,xc90,2016,premium_unleaded_(recommended),250.0,4.0,automatic,front_wheel_drive,4.0,"crossover,luxury",large,4dr_suv,26,22,870,43950
volkswagen,gli,2012,premium_unleaded_(recommended),200.0,4.0,manual,front_wheel_drive,4.0,performance,midsize,sedan,33,22,873,25795
pontiac,vibe,2010,regular_unleaded,132.0,4.0,manual,front_wheel_drive,4.0,hatchback,compact,4dr_hatchback,32,26,210,16100
subaru,impreza,2017,regular_unleaded,152.0,4.0,automatic,all_wheel_drive,4.0,,midsize,sedan,38,28,640,21195
mitsubishi,outlander_sport,2017,regular_unleaded,168.0,4.0,automatic,four_wheel_drive,4.0,crossover,compact,4dr_suv,27,22,436,27695
mazda,b-series_truck,2007,regular_unleaded,207.0,6.0,manual,four_wheel_drive,4.0,,compact,extended_cab_pickup,19,15,586,22045
infiniti,qx50,2016,premium_unleaded_(recommended),325.0,6.0,automatic,rear_wheel_drive,4.0,"crossover,luxury,performance",midsize,4dr_suv,24,17,190,34450
lexus,rc_350,2017,premium_unleaded_(required),306.0,6.0,automatic,rear_wheel_drive,2.0,"luxury,performance",midsize,coupe,28,19,454,43010
dodge,challenger,2015,regular_unleaded,305.0,6.0,automatic,rear_wheel_drive,2.0,performance,large,coupe,30,19,1851,26995
chevrolet,s-10_blazer,1993,regular_unleaded,165.0,6.0,manual,four_wheel_drive,2.0,,compact,2dr_suv,20,15,1385,2000
mercedes-benz,c-class,2015,premium_unleaded_(required),241.0,4.0,automatic,all_wheel_drive,4.0,luxury,midsize,sedan,27,19,617,42575
nissan,xterra,2014,regular_unleaded,261.0,6.0,automatic,four_wheel_drive,4.0,,midsize,4dr_suv,20,15,2009,27350
nissan,frontier,2015,regular_unleaded,261.0,6.0,automatic,rear_wheel_drive,4.0,,compact,extended_cab_pickup,22,16,2009,23610
land_rover,range_rover_sport,2014,flex-fuel_(premium_unleaded_required/e85),510.0,8.0,automatic,four_wheel_drive,4.0,"flex_fuel,luxury,high-performance",midsize,4dr_suv,19,14,258,92400
volkswagen,passat,2015,regular_unleaded,170.0,4.0,manual,front_wheel_drive,4.0,,midsize,sedan,35,24,873,26915
toyota,sienna,2016,regular_unleaded,266.0,6.0,automatic,front_wheel_drive,4.0,,large,passenger_minivan,25,18,2031,38605
bmw,z4,2014,premium_unleaded_(required),300.0,6.0,manual,rear_wheel_drive,2.0,"luxury,high-performance",compact,convertible,26,19,3916,56950
suzuki,xl7,2007,regular_unleaded,252.0,6.0,automatic,front_wheel_drive,4.0,crossover,midsize,4dr_suv,22,16,481,25949
infiniti,qx50,2017,premium_unleaded_(recommended),325.0,6.0,automatic,rear_wheel_drive,4.0,"crossover,luxury,performance",midsize,4dr_suv,24,17,190,34450
volkswagen,golf_gti,2017,premium_unleaded_(recommended),220.0,4.0,automated_manual,front_wheel_drive,4.0,"hatchback,performance",compact,4dr_hatchback,32,24,873,29095
toyota,corolla,2016,regular_unleaded,132.0,4.0,automatic,front_wheel_drive,4.0,,compact,sedan,38,29,2031,18735
honda,accord,2017,regular_unleaded,185.0,4.0,automatic,front_wheel_drive,2.0,,midsize,coupe,34,26,2202,30995
acura,rsx,2005,regular_unleaded,160.0,4.0,automatic,front_wheel_drive,2.0,"hatchback,luxury,performance",compact,2dr_hatchback,31,22,204,21175
honda,accord,2015,regular_unleaded,185.0,4.0,automatic,front_wheel_drive,2.0,,midsize,coupe,35,26,2202,28495
volvo,740,1990,regular_unleaded,114.0,4.0,manual,rear_wheel_drive,4.0,luxury,midsize,sedan,26,19,870,2000
subaru,b9_tribeca,2007,premium_unleaded_(required),245.0,6.0,automatic,all_wheel_drive,4.0,crossover,midsize,4dr_suv,21,16,640,32495
acura,legend,1994,regular_unleaded,230.0,6.0,manual,front_wheel_drive,4.0,"luxury,performance",midsize,sedan,24,16,204,2066
honda,crosstour,2014,regular_unleaded,192.0,4.0,automatic,front_wheel_drive,4.0,"crossover,hatchback",midsize,4dr_hatchback,31,22,2202,31065
gmc,sierra_1500hd,2006,regular_unleaded,300.0,8.0,automatic,four_wheel_drive,4.0,,large,crew_cab_pickup,16,13,549,33115
land_rover,range_rover_sport,2015,flex-fuel_(premium_unleaded_required/e85),340.0,6.0,automatic,four_wheel_drive,4.0,"flex_fuel,luxury,performance",midsize,4dr_suv,23,17,258,76875
suzuki,xl-7,2005,regular_unleaded,185.0,6.0,automatic,four_wheel_drive,4.0,,midsize,4dr_suv,20,15,481,24799
chevrolet,trax,2017,regular_unleaded,138.0,4.0,automatic,all_wheel_drive,4.0,crossover,compact,4dr_suv,30,24,1385,24400
mercedes-benz,sl-class,2017,premium_unleaded_(required),577.0,8.0,automatic,rear_wheel_drive,2.0,"factory_tuner,luxury,high-performance",compact,convertible,25,16,617,151350
gmc,sierra_1500,2015,flex-fuel_(unleaded/e85),285.0,6.0,automatic,rear_wheel_drive,4.0,flex_fuel,large,crew_cab_pickup,24,18,549,35690
pontiac,le_mans,1993,regular_unleaded,74.0,4.0,manual,front_wheel_drive,4.0,,compact,sedan,37,26,210,2000
volkswagen,passat,2017,regular_unleaded,170.0,4.0,automatic,front_wheel_drive,4.0,,midsize,sedan,34,23,873,22440
bmw,z3,2000,regular_unleaded,193.0,6.0,manual,rear_wheel_drive,2.0,"luxury,performance",compact,convertible,24,17,3916,4976
bmw,3_series,2015,premium_unleaded_(required),240.0,4.0,automatic,all_wheel_drive,4.0,luxury,midsize,sedan,33,22,3916,39500
volkswagen,golf_gti,2015,premium_unleaded_(recommended),220.0,4.0,automated_manual,front_wheel_drive,4.0,"hatchback,performance",compact,4dr_hatchback,33,25,873,30980
ford,mustang,2017,premium_unleaded_(recommended),310.0,4.0,manual,rear_wheel_drive,2.0,performance,midsize,coupe,30,21,5657,29645
chrysler,200,2015,flex-fuel_(unleaded/e85),295.0,6.0,automatic,all_wheel_drive,4.0,"flex_fuel,performance",midsize,sedan,29,18,1013,29370
acura,tsx_sport_wagon,2012,premium_unleaded_(recommended),201.0,4.0,automatic,front_wheel_drive,4.0,luxury,midsize,wagon,30,22,204,35010
acura,tsx,2012,premium_unleaded_(recommended),201.0,4.0,automatic,front_wheel_drive,4.0,luxury,midsize,sedan,31,22,204,31010
mazda,626,2001,regular_unleaded,125.0,4.0,automatic,front_wheel_drive,4.0,,midsize,sedan,25,19,586,20935
chevrolet,malibu_maxx,2007,regular_unleaded,217.0,6.0,automatic,front_wheel_drive,4.0,hatchback,midsize,4dr_hatchback,28,18,1385,19795
ford,f-150,2017,flex-fuel_(unleaded/e85),282.0,6.0,automatic,rear_wheel_drive,2.0,flex_fuel,large,regular_cab_pickup,25,18,5657,31905
bmw,8_series,1995,regular_unleaded,282.0,8.0,automatic,rear_wheel_drive,2.0,"luxury,performance",midsize,coupe,22,15,3916,4784
hyundai,elantra_coupe,2013,regular_unleaded,145.0,4.0,automatic,front_wheel_drive,2.0,,compact,coupe,37,27,1439,18595
mazda,b-series_truck,2008,regular_unleaded,207.0,6.0,manual,four_wheel_drive,4.0,,compact,extended_cab_pickup,19,15,586,22045
chevrolet,silverado_1500,2017,flex-fuel_(unleaded/e85),285.0,6.0,automatic,rear_wheel_drive,2.0,flex_fuel,large,regular_cab_pickup,24,18,1385,29610
honda,cr-v,2014,regular_unleaded,185.0,4.0,automatic,front_wheel_drive,4.0,crossover,compact,4dr_suv,31,23,2202,28570
gmc,acadia,2015,regular_unleaded,281.0,6.0,automatic,front_wheel_drive,4.0,crossover,midsize,4dr_suv,24,17,549,33975
volkswagen,beetle_convertible,2015,diesel,150.0,4.0,manual,front_wheel_drive,2.0,diesel,compact,convertible,40,30,873,29095
honda,accord,2016,regular_unleaded,189.0,4.0,automatic,front_wheel_drive,4.0,,midsize,sedan,35,26,2202,26065
infiniti,q45,2004,regular_unleaded,340.0,8.0,automatic,rear_wheel_drive,4.0,"luxury,performance",large,sedan,22,16,190,52400
dodge,ram_150,1991,regular_unleaded,125.0,6.0,unknown,rear_wheel_drive,2.0,,large,regular_cab_pickup,17,12,1851,2000
nissan,armada,2015,regular_unleaded,317.0,8.0,automatic,rear_wheel_drive,4.0,,large,4dr_suv,19,13,2009,49880
gmc,s-15,1990,regular_unleaded,160.0,6.0,manual,four_wheel_drive,2.0,,compact,regular_cab_pickup,19,15,549,2000
volkswagen,touareg,2016,diesel,240.0,6.0,automatic,all_wheel_drive,4.0,"crossover,diesel",midsize,4dr_suv,29,21,873,54950
honda,ridgeline,2014,regular_unleaded,250.0,6.0,automatic,four_wheel_drive,4.0,,large,crew_cab_pickup,21,15,2202,35155
mazda,b-series,2001,regular_unleaded,207.0,6.0,manual,four_wheel_drive,4.0,,compact,extended_cab_pickup,18,14,586,22085
chevrolet,tahoe_limited/z71,2000,regular_unleaded,255.0,8.0,automatic,rear_wheel_drive,4.0,,large,4dr_suv,16,12,1385,3413
buick,lesabre,2004,regular_unleaded,205.0,6.0,automatic,front_wheel_drive,4.0,,large,sedan,27,18,155,32085
aston_martin,v8_vantage,2016,premium_unleaded_(required),430.0,8.0,manual,rear_wheel_drive,2.0,"exotic,high-performance",compact,coupe,19,13,259,103300
ford,f-150,2016,flex-fuel_(unleaded/e85),282.0,6.0,automatic,rear_wheel_drive,4.0,flex_fuel,large,crew_cab_pickup,25,18,5657,33055
ford,taurus_x,2009,regular_unleaded,263.0,6.0,automatic,all_wheel_drive,4.0,crossover,large,wagon,22,15,5657,30120
mercedes-benz,cl-class,2012,premium_unleaded_(required),621.0,12.0,automatic,rear_wheel_drive,2.0,"factory_tuner,luxury,high-performance",large,coupe,18,12,617,211000
volkswagen,passat,2016,premium_unleaded_(required),280.0,6.0,automated_manual,front_wheel_drive,4.0,performance,midsize,sedan,28,20,873,36835
cadillac,xts,2016,premium_unleaded_(required),410.0,6.0,automatic,all_wheel_drive,4.0,"luxury,high-performance",large,sedan,23,16,1624,72320
volkswagen,touareg_2,2009,premium_unleaded_(recommended),280.0,6.0,automatic,all_wheel_drive,4.0,crossover,midsize,4dr_suv,20,14,873,39300
chevrolet,malibu_classic,2008,regular_unleaded,219.0,6.0,automatic,front_wheel_drive,4.0,,midsize,sedan,29,18,1385,19695
honda,accord_hybrid,2017,regular_unleaded,212.0,4.0,automatic,front_wheel_drive,4.0,hybrid,midsize,sedan,47,49,2202,29605
acura,rsx,2005,regular_unleaded,160.0,4.0,automatic,front_wheel_drive,2.0,"hatchback,luxury,performance",compact,2dr_hatchback,31,22,204,22250
audi,a6,2017,premium_unleaded_(recommended),252.0,4.0,automated_manual,front_wheel_drive,4.0,luxury,midsize,sedan,34,24,3105,47600
cadillac,cts_wagon,2014,regular_unleaded,318.0,6.0,automatic,rear_wheel_drive,4.0,"luxury,performance",midsize,wagon,26,18,1624,44195
volvo,940,1995,regular_unleaded,114.0,4.0,automatic,rear_wheel_drive,4.0,luxury,midsize,sedan,24,17,870,2000
aston_martin,v8_vantage,2015,premium_unleaded_(required),430.0,8.0,manual,rear_wheel_drive,2.0,"exotic,high-performance",compact,convertible,19,13,259,112700
toyota,tundra,2016,flex-fuel_(unleaded/e85),381.0,8.0,automatic,four_wheel_drive,4.0,flex_fuel,large,crew_cab_pickup,17,13,2031,45560
spyker,c8,2009,premium_unleaded_(required),400.0,8.0,manual,rear_wheel_drive,2.0,"exotic,high-performance",compact,coupe,18,13,2,209990
chevrolet,silverado_1500,2016,regular_unleaded,355.0,8.0,automatic,rear_wheel_drive,4.0,flex_fuel,large,crew_cab_pickup,23,16,1385,38740
land_rover,range_rover,2015,flex-fuel_(premium_unleaded_required/e85),340.0,6.0,automatic,four_wheel_drive,4.0,"flex_fuel,luxury",large,4dr_suv,23,17,258,89995
buick,rendezvous,2006,regular_unleaded,195.0,6.0,automatic,front_wheel_drive,4.0,crossover,midsize,4dr_suv,23,17,155,24280
nissan,altima,2017,regular_unleaded,270.0,6.0,automatic,front_wheel_drive,4.0,performance,midsize,sedan,32,22,2009,32690
ford,bronco,1994,regular_unleaded,185.0,8.0,manual,four_wheel_drive,2.0,,midsize,2dr_suv,16,12,5657,2308
gmc,terrain,2017,regular_unleaded,182.0,4.0,automatic,all_wheel_drive,4.0,crossover,compact,4dr_suv,28,20,549,32670
honda,accord,2016,regular_unleaded,185.0,4.0,manual,front_wheel_drive,2.0,,midsize,coupe,34,23,2202,23875
honda,civic,2017,regular_unleaded,174.0,4.0,automatic,front_wheel_drive,2.0,performance,compact,coupe,40,31,2202,22400
acura,tsx_sport_wagon,2013,premium_unleaded_(recommended),201.0,4.0,automatic,front_wheel_drive,4.0,luxury,midsize,wagon,30,22,204,31860
volvo,940,1993,regular_unleaded,162.0,4.0,automatic,rear_wheel_drive,4.0,luxury,midsize,wagon,22,17,870,2000
lexus,is_300,2017,premium_unleaded_(required),255.0,6.0,automatic,all_wheel_drive,4.0,"luxury,performance",midsize,sedan,26,19,454,40200
dodge,stratus,2004,regular_unleaded,200.0,6.0,automatic,front_wheel_drive,4.0,performance,midsize,sedan,25,19,1851,21450
land_rover,range_rover,2014,premium_unleaded_(required),510.0,8.0,automatic,four_wheel_drive,4.0,"luxury,high-performance",large,4dr_suv,19,13,258,184105
chevrolet,colorado,2016,regular_unleaded,200.0,4.0,automatic,four_wheel_drive,4.0,,compact,extended_cab_pickup,25,19,1385,32440
mazda,mazdaspeed_mx-5_miata,2004,premium_unleaded_(required),178.0,4.0,manual,rear_wheel_drive,2.0,"factory_tuner,performance",compact,convertible,24,18,586,25730
ford,ranger,2009,regular_unleaded,207.0,6.0,manual,four_wheel_drive,2.0,,compact,extended_cab_pickup,19,15,5657,24535
toyota,prius_v,2016,regular_unleaded,134.0,4.0,automatic,front_wheel_drive,4.0,hybrid,midsize,wagon,40,44,2031,26675
chrysler,tc,1991,regular_unleaded,141.0,6.0,automatic,front_wheel_drive,2.0,luxury,compact,convertible,22,16,1013,2000
dodge,challenger,2017,regular_unleaded,305.0,6.0,automatic,rear_wheel_drive,2.0,performance,large,coupe,30,19,1851,29995
ford,aerostar,1995,regular_unleaded,135.0,6.0,automatic,rear_wheel_drive,3.0,,large,passenger_minivan,22,15,5657,2000
lamborghini,gallardo,2012,premium_unleaded_(required),560.0,10.0,manual,all_wheel_drive,2.0,"exotic,high-performance",compact,coupe,20,12,1158,202000
audi,q5,2016,diesel,240.0,6.0,automatic,all_wheel_drive,4.0,"crossover,luxury,diesel",midsize,4dr_suv,31,24,3105,57700
audi,s6,2015,premium_unleaded_(required),420.0,8.0,automated_manual,all_wheel_drive,4.0,"factory_tuner,luxury,high-performance",midsize,sedan,27,17,3105,75500
volkswagen,gti,2012,premium_unleaded_(recommended),200.0,4.0,manual,front_wheel_drive,2.0,"hatchback,performance",compact,2dr_hatchback,31,21,873,26275
bmw,6_series,2017,premium_unleaded_(required),445.0,8.0,automatic,all_wheel_drive,2.0,"luxury,high-performance",midsize,convertible,24,15,3916,99500
gmc,yukon,2015,flex-fuel_(unleaded/e85),355.0,8.0,automatic,four_wheel_drive,4.0,flex_fuel,large,4dr_suv,22,16,549,59225
gmc,envoy,2007,regular_unleaded,302.0,8.0,automatic,rear_wheel_drive,4.0,,midsize,4dr_suv,20,14,549,34990
oldsmobile,cutlass_ciera,1993,regular_unleaded,160.0,6.0,automatic,front_wheel_drive,4.0,,midsize,sedan,24,17,26,2000
volkswagen,cc,2016,premium_unleaded_(recommended),200.0,4.0,automated_manual,front_wheel_drive,4.0,performance,midsize,sedan,31,22,873,34475
honda,element,2010,regular_unleaded,166.0,4.0,automatic,all_wheel_drive,4.0,crossover,compact,4dr_suv,24,19,2202,23885
land_rover,range_rover,2014,premium_unleaded_(required),510.0,8.0,automatic,four_wheel_drive,4.0,"luxury,high-performance",large,4dr_suv,19,13,258,105300
toyota,supra,1997,regular_unleaded,220.0,6.0,manual,rear_wheel_drive,2.0,performance,compact,coupe,22,16,2031,17320
dodge,magnum,2008,regular_unleaded,178.0,6.0,automatic,rear_wheel_drive,4.0,,large,wagon,26,18,1851,23420
volkswagen,passat,2016,regular_unleaded,170.0,4.0,automatic,front_wheel_drive,4.0,,midsize,sedan,38,25,873,28410
scion,xa,2006,regular_unleaded,103.0,4.0,automatic,front_wheel_drive,4.0,hatchback,compact,4dr_hatchback,35,27,105,13580
ford,fusion_hybrid,2017,regular_unleaded,188.0,4.0,automatic,front_wheel_drive,4.0,hybrid,midsize,sedan,41,43,5657,26480
nissan,sentra,2017,regular_unleaded,124.0,4.0,automatic,front_wheel_drive,4.0,,midsize,sedan,37,29,2009,18790
volkswagen,golf_r,2015,premium_unleaded_(recommended),292.0,4.0,automated_manual,all_wheel_drive,4.0,"hatchback,factory_tuner,high-performance",compact,4dr_hatchback,30,23,873,36595
volkswagen,golf,2016,regular_unleaded,170.0,4.0,manual,front_wheel_drive,2.0,hatchback,compact,2dr_hatchback,37,25,873,19575
mercedes-benz,m-class,2014,premium_unleaded_(required),302.0,6.0,automatic,rear_wheel_drive,4.0,"crossover,luxury",midsize,4dr_suv,24,18,617,47790
land_rover,range_rover_evoque,2015,premium_unleaded_(recommended),240.0,4.0,automatic,all_wheel_drive,4.0,"crossover,luxury",compact,4dr_suv,30,21,258,55700
cadillac,escalade_ext,2011,flex-fuel_(premium_unleaded_recommended/e85),403.0,8.0,automatic,all_wheel_drive,4.0,"crossover,flex_fuel,luxury",large,crew_cab_pickup,18,13,1624,62160
ford,flex,2015,regular_unleaded,287.0,6.0,automatic,front_wheel_drive,4.0,crossover,large,wagon,25,18,5657,29100
bentley,flying_spur,2015,premium_unleaded_(required),500.0,8.0,automatic,all_wheel_drive,4.0,"exotic,luxury,high-performance",large,sedan,24,14,520,195100
chevrolet,tracker,2002,regular_unleaded,155.0,6.0,automatic,rear_wheel_drive,4.0,,compact,4dr_suv,19,17,1385,20835
mercedes-benz,e-class,2017,premium_unleaded_(required),329.0,6.0,automatic,all_wheel_drive,2.0,"luxury,performance",midsize,coupe,28,20,617,57050
oldsmobile,alero,2004,regular_unleaded,170.0,6.0,automatic,front_wheel_drive,4.0,,midsize,sedan,27,18,26,21985
dodge,durango,2017,regular_unleaded,295.0,6.0,automatic,all_wheel_drive,4.0,crossover,large,4dr_suv,25,18,1851,43995
volkswagen,passat,2015,diesel,150.0,4.0,automated_manual,front_wheel_drive,4.0,diesel,midsize,sedan,42,30,873,33925
pontiac,grand_am,2005,regular_unleaded,140.0,4.0,automatic,front_wheel_drive,4.0,,midsize,sedan,31,22,210,20090
buick,regal,2017,premium_unleaded_(recommended),259.0,4.0,automatic,front_wheel_drive,4.0,performance,midsize,sedan,29,21,155,34115
chevrolet,impala,2015,regular_unleaded,195.0,4.0,automatic,front_wheel_drive,4.0,,large,sedan,31,21,1385,34465
honda,cr-z,2014,regular_unleaded,130.0,4.0,manual,front_wheel_drive,2.0,"hatchback,hybrid",compact,2dr_hatchback,38,31,2202,23340
honda,civic_del_sol,1995,regular_unleaded,160.0,4.0,manual,front_wheel_drive,2.0,"factory_tuner,performance",compact,coupe,27,23,2202,2033
ford,explorer_sport_trac,2008,regular_unleaded,210.0,6.0,automatic,rear_wheel_drive,4.0,,compact,crew_cab_pickup,20,14,5657,25400
volvo,780,1990,regular_unleaded,144.0,6.0,automatic,rear_wheel_drive,2.0,luxury,midsize,coupe,19,15,870,2000
audi,a4,2015,premium_unleaded_(required),220.0,4.0,automatic,front_wheel_drive,4.0,luxury,midsize,sedan,32,24,3105,35500
chevrolet,trailblazer,2008,premium_unleaded_(required),390.0,8.0,automatic,all_wheel_drive,4.0,"factory_tuner,performance",midsize,4dr_suv,16,12,1385,37725
volkswagen,eos,2016,premium_unleaded_(recommended),200.0,4.0,automated_manual,front_wheel_drive,2.0,,compact,convertible,30,22,873,31995
chevrolet,malibu,2016,regular_unleaded,182.0,4.0,direct_drive,front_wheel_drive,4.0,hybrid,midsize,sedan,46,47,1385,27770
ford,ranger,2010,regular_unleaded,143.0,4.0,manual,rear_wheel_drive,2.0,,compact,regular_cab_pickup,27,22,5657,19105
toyota,camry_solara,2008,regular_unleaded,210.0,6.0,automatic,front_wheel_drive,2.0,,midsize,coupe,27,18,2031,24780
acura,rdx,2016,premium_unleaded_(recommended),279.0,6.0,automatic,front_wheel_drive,4.0,"crossover,luxury",midsize,4dr_suv,29,20,204,42020
volkswagen,gti,2013,premium_unleaded_(recommended),200.0,4.0,automated_manual,front_wheel_drive,4.0,"hatchback,performance",compact,4dr_hatchback,33,24,873,32095
mercedes-benz,c-class,2017,premium_unleaded_(required),362.0,6.0,automatic,all_wheel_drive,4.0,"factory_tuner,luxury,high-performance",midsize,sedan,29,21,617,52000
volvo,940,1993,regular_unleaded,114.0,4.0,automatic,rear_wheel_drive,4.0,luxury,midsize,wagon,25,17,870,2000
ford,five_hundred,2005,regular_unleaded,203.0,6.0,automatic,front_wheel_drive,4.0,,large,sedan,26,19,5657,24165
chrysler,300m,2004,regular_unleaded,250.0,6.0,automatic,front_wheel_drive,4.0,performance,large,sedan,25,16,1013,29185
toyota,avalon,2017,regular_unleaded,268.0,6.0,automatic,front_wheel_drive,4.0,performance,midsize,sedan,30,21,2031,41050
bentley,continental_supersports,2011,flex-fuel_(premium_unleaded_required/e85),621.0,12.0,automatic,all_wheel_drive,2.0,"exotic,flex_fuel,factory_tuner,luxury,high-performance",midsize,coupe,19,12,520,267000
volvo,v60,2016,regular_unleaded,325.0,6.0,automatic,all_wheel_drive,4.0,"luxury,high-performance",midsize,wagon,27,18,870,49200
volkswagen,new_beetle,2008,regular_unleaded,150.0,5.0,automatic,front_wheel_drive,2.0,hatchback,compact,2dr_hatchback,29,20,873,20990
rolls-royce,phantom_coupe,2016,premium_unleaded_(required),453.0,12.0,automatic,rear_wheel_drive,2.0,"exotic,luxury,performance",large,coupe,19,11,86,449525
volkswagen,golf_gti,2015,premium_unleaded_(recommended),220.0,4.0,automated_manual,front_wheel_drive,2.0,"hatchback,performance",compact,2dr_hatchback,33,25,873,30380
mazda,6,2017,regular_unleaded,184.0,4.0,manual,front_wheel_drive,4.0,,midsize,sedan,34,24,586,21945
saab,9-3_griffin,2012,flex-fuel_(premium_unleaded_recommended/e85),220.0,4.0,manual,front_wheel_drive,4.0,"flex_fuel,luxury",midsize,sedan,33,20,376,34340
dodge,dakota,2008,regular_unleaded,210.0,6.0,automatic,four_wheel_drive,4.0,,compact,extended_cab_pickup,18,14,1851,29095
cadillac,xts,2015,regular_unleaded,304.0,6.0,automatic,all_wheel_drive,4.0,"luxury,performance",large,sedan,26,17,1624,64245
mercedes-benz,560-class,1991,regular_unleaded,238.0,8.0,automatic,rear_wheel_drive,2.0,luxury,large,coupe,16,12,617,2443
acura,zdx,2013,premium_unleaded_(recommended),300.0,6.0,automatic,all_wheel_drive,4.0,"crossover,hatchback,luxury",midsize,4dr_hatchback,23,16,204,50920
nissan,altima_hybrid,2011,regular_unleaded,198.0,4.0,automatic,front_wheel_drive,4.0,hybrid,midsize,sedan,33,33,2009,26800
mazda,2,2012,regular_unleaded,100.0,4.0,automatic,front_wheel_drive,4.0,hatchback,compact,4dr_hatchback,34,28,586,15370
toyota,rav4,2017,regular_unleaded,176.0,4.0,automatic,all_wheel_drive,4.0,crossover,midsize,4dr_suv,28,22,2031,28230
cadillac,xts,2015,regular_unleaded,304.0,6.0,automatic,all_wheel_drive,4.0,"luxury,performance",large,sedan,26,17,1624,51000
acura,integra,1999,regular_unleaded,140.0,4.0,manual,front_wheel_drive,4.0,luxury,compact,sedan,29,22,204,2827
chevrolet,lumina_minivan,1996,regular_unleaded,180.0,6.0,automatic,front_wheel_drive,3.0,,compact,passenger_minivan,24,17,1385,2000
chevrolet,cruze,2017,regular_unleaded,153.0,4.0,automatic,front_wheel_drive,4.0,,midsize,sedan,40,30,1385,19525
plymouth,sundance,1992,regular_unleaded,93.0,4.0,manual,front_wheel_drive,4.0,hatchback,compact,4dr_hatchback,29,23,535,2000
plymouth,colt,1993,regular_unleaded,92.0,4.0,manual,front_wheel_drive,2.0,,compact,coupe,36,28,535,2000
nissan,370z,2017,premium_unleaded_(required),332.0,6.0,manual,rear_wheel_drive,2.0,high-performance,compact,coupe,26,18,2009,37070
subaru,b9_tribeca,2006,premium_unleaded_(required),250.0,6.0,automatic,all_wheel_drive,4.0,crossover,midsize,4dr_suv,21,16,640,32295
saab,9-3,2009,premium_unleaded_(recommended),210.0,4.0,automatic,front_wheel_drive,4.0,luxury,compact,wagon,27,19,376,35315
volkswagen,tiguan,2016,premium_unleaded_(recommended),200.0,4.0,automatic,all_wheel_drive,4.0,crossover,compact,4dr_suv,26,20,873,36420
pontiac,g5,2007,regular_unleaded,173.0,4.0,manual,front_wheel_drive,2.0,,compact,coupe,31,22,210,18425
bmw,alpina_b6_gran_coupe,2016,premium_unleaded_(required),600.0,8.0,automatic,all_wheel_drive,4.0,"factory_tuner,luxury,high-performance",large,sedan,24,15,3916,122200
porsche,911,2015,premium_unleaded_(required),350.0,6.0,manual,rear_wheel_drive,2.0,"luxury,high-performance",compact,coupe,27,19,1715,84300
dodge,caliber,2010,regular_unleaded,158.0,4.0,automatic,front_wheel_drive,4.0,,compact,wagon,27,23,1851,18060
ferrari,456m,2002,premium_unleaded_(required),442.0,12.0,automatic,rear_wheel_drive,2.0,"exotic,high-performance",compact,coupe,14,9,2774,228625
chevrolet,hhr,2010,premium_unleaded_(recommended),260.0,4.0,manual,front_wheel_drive,4.0,"factory_tuner,performance",compact,wagon,29,21,1385,26255
ford,c-max_hybrid,2016,regular_unleaded,188.0,4.0,automatic,front_wheel_drive,4.0,hybrid,compact,wagon,37,42,5657,27170
dodge,ram_van,1998,regular_unleaded,175.0,6.0,automatic,rear_wheel_drive,3.0,,midsize,cargo_van,16,13,1851,2034
volvo,850,1995,regular_unleaded,240.0,5.0,automatic,front_wheel_drive,4.0,"factory_tuner,luxury,performance",midsize,wagon,24,17,870,2000
subaru,tribeca,2013,regular_unleaded,256.0,6.0,automatic,all_wheel_drive,4.0,crossover,midsize,4dr_suv,21,16,640,32595
gmc,sierra_1500hd,2006,regular_unleaded,300.0,8.0,automatic,four_wheel_drive,4.0,,large,crew_cab_pickup,16,13,549,34640
acura,ilx,2016,premium_unleaded_(recommended),201.0,4.0,automated_manual,front_wheel_drive,4.0,luxury,compact,sedan,36,25,204,29900
chevrolet,c/k_1500_series,1998,regular_unleaded,200.0,6.0,manual,rear_wheel_drive,2.0,,large,extended_cab_pickup,21,16,1385,2740
mazda,mx-3,1994,regular_unleaded,88.0,4.0,manual,front_wheel_drive,2.0,hatchback,compact,2dr_hatchback,34,25,586,2000
fiat,500l,2016,premium_unleaded_(recommended),160.0,4.0,manual,front_wheel_drive,4.0,,compact,wagon,33,25,819,23395
mercedes-benz,gl-class,2016,premium_unleaded_(required),550.0,8.0,automatic,all_wheel_drive,4.0,"crossover,factory_tuner,luxury,high-performance",large,4dr_suv,17,13,617,119450
chevrolet,colorado,2016,regular_unleaded,305.0,6.0,automatic,four_wheel_drive,4.0,diesel,compact,crew_cab_pickup,24,17,1385,32895
volkswagen,beetle,2015,regular_unleaded,170.0,4.0,manual,front_wheel_drive,2.0,hatchback,compact,2dr_hatchback,33,24,873,23605
audi,s4,2014,premium_unleaded_(required),333.0,6.0,automated_manual,all_wheel_drive,4.0,"factory_tuner,luxury,high-performance",midsize,sedan,28,18,3105,55400
kia,rio,2017,regular_unleaded,138.0,4.0,manual,front_wheel_drive,4.0,,compact,sedan,36,27,1720,14165
pontiac,grand_am,2004,regular_unleaded,175.0,6.0,automatic,front_wheel_drive,2.0,,midsize,coupe,27,18,210,22280
cadillac,cts_coupe,2013,regular_unleaded,318.0,6.0,automatic,rear_wheel_drive,2.0,"luxury,performance",midsize,coupe,27,18,1624,38905
mazda,6,2016,regular_unleaded,184.0,4.0,automatic,front_wheel_drive,4.0,,midsize,sedan,38,26,586,22995
dodge,durango,2015,regular_unleaded,290.0,6.0,automatic,all_wheel_drive,4.0,crossover,large,4dr_suv,24,17,1851,43595
chrysler,sebring,2008,flex-fuel_(unleaded/e85),186.0,6.0,automatic,front_wheel_drive,2.0,flex_fuel,midsize,convertible,26,18,1013,29275
subaru,impreza_wrx,2014,premium_unleaded_(required),305.0,4.0,manual,all_wheel_drive,4.0,"hatchback,factory_tuner,high-performance",compact,4dr_hatchback,23,17,640,36495
cadillac,escalade_esv,2017,premium_unleaded_(recommended),420.0,8.0,automatic,rear_wheel_drive,4.0,"luxury,performance",large,4dr_suv,22,15,1624,81395
mercedes-benz,sl-class,2016,premium_unleaded_(required),329.0,6.0,automatic,rear_wheel_drive,2.0,"luxury,high-performance",compact,convertible,27,20,617,85050
gmc,terrain,2015,regular_unleaded,182.0,4.0,automatic,front_wheel_drive,4.0,crossover,compact,4dr_suv,32,22,549,28060
porsche,911,2016,premium_unleaded_(required),560.0,6.0,automated_manual,all_wheel_drive,2.0,"luxury,high-performance",compact,convertible,24,17,1715,194600
chevrolet,traverse,2017,regular_unleaded,288.0,6.0,automatic,front_wheel_drive,4.0,crossover,midsize,4dr_suv,22,15,1385,42045
gmc,sierra_c3,2001,regular_unleaded,325.0,8.0,automatic,all_wheel_drive,4.0,,large,extended_cab_pickup,13,10,549,38370
pontiac,bonneville,2005,regular_unleaded,205.0,6.0,automatic,front_wheel_drive,4.0,,large,sedan,27,18,210,30350
pontiac,g8,2009,premium_unleaded_(recommended),415.0,8.0,automatic,rear_wheel_drive,4.0,"factory_tuner,high-performance",large,sedan,20,13,210,37610
gmc,terrain,2016,regular_unleaded,182.0,4.0,automatic,all_wheel_drive,4.0,crossover,compact,4dr_suv,29,20,549,30050
toyota,tundra,2017,flex-fuel_(unleaded/e85),381.0,8.0,automatic,four_wheel_drive,4.0,flex_fuel,large,extended_cab_pickup,17,13,2031,36150
lexus,es_300,2001,premium_unleaded_(required),210.0,6.0,automatic,front_wheel_drive,4.0,luxury,midsize,sedan,24,17,454,31505
mazda,protege,2001,regular_unleaded,130.0,4.0,manual,front_wheel_drive,4.0,,compact,sedan,28,22,586,13885
ferrari,599,2009,premium_unleaded_(required),611.0,12.0,manual,rear_wheel_drive,2.0,"exotic,high-performance",midsize,coupe,15,11,2774,310543
lincoln,town_car,2010,flex-fuel_(unleaded/e85),239.0,8.0,automatic,rear_wheel_drive,4.0,"flex_fuel,luxury",large,sedan,24,16,61,46925
chrysler,sebring,2008,regular_unleaded,235.0,6.0,automatic,front_wheel_drive,2.0,,midsize,convertible,26,16,1013,32715
infiniti,ex,2011,premium_unleaded_(recommended),297.0,6.0,automatic,rear_wheel_drive,4.0,"crossover,luxury,performance",midsize,4dr_suv,24,17,190,37400
gmc,sierra_1500_classic,2007,regular_unleaded,195.0,6.0,manual,rear_wheel_drive,2.0,flex_fuel,large,regular_cab_pickup,21,15,549,15840
ford,escape,2017,regular_unleaded,168.0,4.0,automatic,front_wheel_drive,4.0,crossover,compact,4dr_suv,29,21,5657,23600
lotus,elise,2009,premium_unleaded_(required),189.0,4.0,manual,rear_wheel_drive,2.0,"exotic,high-performance",compact,convertible,27,21,613,43995
genesis,g80,2017,premium_unleaded_(recommended),420.0,8.0,automatic,rear_wheel_drive,4.0,"luxury,high-performance",large,sedan,23,15,21,54550
volkswagen,golf_gti,2015,premium_unleaded_(recommended),210.0,4.0,automated_manual,front_wheel_drive,4.0,"hatchback,performance",compact,4dr_hatchback,33,25,873,31145
lexus,gs_350,2016,premium_unleaded_(required),311.0,6.0,automatic,all_wheel_drive,4.0,"luxury,performance",midsize,sedan,26,19,454,50470
volkswagen,jetta_gli,2014,premium_unleaded_(recommended),210.0,4.0,automated_manual,front_wheel_drive,4.0,performance,midsize,sedan,32,24,873,27925
mitsubishi,expo,1993,regular_unleaded,136.0,4.0,manual,front_wheel_drive,4.0,hatchback,compact,4dr_hatchback,26,19,436,2000
mitsubishi,outlander_sport,2017,regular_unleaded,148.0,4.0,manual,front_wheel_drive,4.0,crossover,compact,4dr_suv,29,23,436,19795
land_rover,defender,1994,regular_unleaded,182.0,8.0,manual,four_wheel_drive,2.0,luxury,compact,2dr_suv,15,12,258,27736
ford,mustang_svt_cobra,1999,regular_unleaded,320.0,8.0,manual,rear_wheel_drive,2.0,"factory_tuner,performance",compact,convertible,22,15,5657,5193
suzuki,grand_vitara,2011,regular_unleaded,166.0,4.0,automatic,four_wheel_drive,4.0,crossover,compact,4dr_suv,23,19,481,22549
chrysler,aspen,2009,regular_unleaded,385.0,8.0,automatic,four_wheel_drive,4.0,hybrid,large,4dr_suv,22,20,1013,45270
lincoln,mark_lt,2008,regular_unleaded,300.0,8.0,automatic,rear_wheel_drive,4.0,luxury,large,crew_cab_pickup,16,12,61,38915
chrysler,imperial,1993,regular_unleaded,150.0,6.0,automatic,front_wheel_drive,4.0,,large,sedan,24,17,1013,2000
kia,sephia,1999,regular_unleaded,125.0,4.0,manual,front_wheel_drive,4.0,,compact,sedan,28,21,1720,2000
ford,windstar,2002,regular_unleaded,200.0,6.0,automatic,front_wheel_drive,4.0,,midsize,passenger_minivan,21,16,5657,27460
volkswagen,eos,2014,premium_unleaded_(recommended),200.0,4.0,automated_manual,front_wheel_drive,2.0,,compact,convertible,30,22,873,38325
chevrolet,c/k_1500_series,1997,regular_unleaded,200.0,6.0,manual,four_wheel_drive,2.0,,large,extended_cab_pickup,18,14,1385,3046
mitsubishi,raider,2008,regular_unleaded,210.0,6.0,manual,rear_wheel_drive,4.0,,compact,extended_cab_pickup,20,16,436,20490
mitsubishi,outlander_sport,2016,regular_unleaded,168.0,4.0,automatic,front_wheel_drive,4.0,crossover,compact,4dr_suv,28,23,436,22495
land_rover,freelander,2003,regular_unleaded,174.0,6.0,automatic,all_wheel_drive,4.0,"crossover,luxury",compact,4dr_suv,19,15,258,31575
toyota,tundra,2016,flex-fuel_(unleaded/e85),381.0,8.0,automatic,four_wheel_drive,4.0,flex_fuel,large,extended_cab_pickup,17,13,2031,34220
dodge,nitro,2010,regular_unleaded,260.0,6.0,automatic,four_wheel_drive,4.0,"crossover,performance",midsize,4dr_suv,20,16,1851,28410
bmw,activehybrid_x6,2011,premium_unleaded_(required),480.0,8.0,automatic,all_wheel_drive,4.0,"crossover,luxury,performance,hybrid",midsize,4dr_suv,19,17,3916,88900
honda,crosstour,2013,regular_unleaded,192.0,4.0,automatic,front_wheel_drive,4.0,"crossover,hatchback",midsize,4dr_hatchback,31,22,2202,33015
mercedes-benz,500-class,1993,regular_unleaded,315.0,8.0,automatic,rear_wheel_drive,2.0,luxury,large,coupe,16,12,617,3176
chevrolet,camaro,2015,premium_unleaded_(required),580.0,8.0,manual,rear_wheel_drive,2.0,"factory_tuner,high-performance",midsize,convertible,19,14,1385,60705
lexus,ls_460,2015,premium_unleaded_(required),386.0,8.0,automatic,rear_wheel_drive,4.0,"luxury,high-performance",large,sedan,24,16,454,84500
cadillac,xts,2017,regular_unleaded,304.0,6.0,automatic,front_wheel_drive,4.0,"luxury,performance",large,sedan,28,18,1624,64595
ford,f-250,1998,regular_unleaded,220.0,8.0,manual,four_wheel_drive,2.0,,large,regular_cab_pickup,16,13,5657,3223
mercedes-benz,gla-class,2016,premium_unleaded_(required),208.0,4.0,automated_manual,all_wheel_drive,4.0,"crossover,luxury",compact,4dr_suv,32,24,617,34500
volkswagen,gti,2013,premium_unleaded_(recommended),200.0,4.0,automated_manual,front_wheel_drive,4.0,"hatchback,performance",compact,4dr_hatchback,33,24,873,29895
hyundai,santa_fe,2017,regular_unleaded,290.0,6.0,automatic,all_wheel_drive,4.0,crossover,midsize,4dr_suv,24,18,1439,32550
toyota,sequoia,2015,regular_unleaded,381.0,8.0,automatic,four_wheel_drive,4.0,,large,4dr_suv,17,13,2031,47620
dodge,ram_50_pickup,1991,regular_unleaded,116.0,4.0,manual,rear_wheel_drive,2.0,,compact,regular_cab_pickup,22,17,1851,2000
buick,roadmaster,1995,regular_unleaded,260.0,8.0,automatic,rear_wheel_drive,4.0,,large,wagon,23,15,155,2000
suzuki,forenza,2007,regular_unleaded,127.0,4.0,automatic,front_wheel_drive,4.0,,compact,sedan,28,19,481,15449
chevrolet,tahoe,2016,flex-fuel_(unleaded/e85),355.0,8.0,automatic,rear_wheel_drive,4.0,flex_fuel,large,4dr_suv,23,16,1385,52030
toyota,venza,2013,regular_unleaded,181.0,4.0,automatic,front_wheel_drive,4.0,crossover,midsize,wagon,26,20,2031,31510
cadillac,xlr,2007,regular_unleaded,320.0,8.0,automatic,rear_wheel_drive,2.0,luxury,compact,convertible,24,15,1624,78335
chevrolet,traverse,2016,regular_unleaded,288.0,6.0,automatic,all_wheel_drive,4.0,crossover,midsize,4dr_suv,22,15,1385,44145
acura,cl,2003,premium_unleaded_(required),260.0,6.0,manual,front_wheel_drive,2.0,"factory_tuner,luxury,performance",midsize,coupe,26,17,204,30550
subaru,outback,2015,regular_unleaded,175.0,4.0,automatic,all_wheel_drive,4.0,crossover,midsize,4dr_suv,33,25,640,29995
chevrolet,venture,2003,regular_unleaded,185.0,6.0,automatic,all_wheel_drive,4.0,,midsize,passenger_minivan,22,16,1385,33790
ford,escape_hybrid,2011,regular_unleaded,177.0,4.0,automatic,front_wheel_drive,4.0,"crossover,hybrid",compact,4dr_suv,31,34,5657,33080
ford,escort,2002,regular_unleaded,130.0,4.0,manual,front_wheel_drive,2.0,,compact,coupe,31,22,5657,13860
toyota,tundra,2016,flex-fuel_(unleaded/e85),381.0,8.0,automatic,rear_wheel_drive,4.0,flex_fuel,large,extended_cab_pickup,18,13,2031,32650
cadillac,xt5,2017,premium_unleaded_(required),310.0,6.0,automatic,all_wheel_drive,4.0,"crossover,luxury",midsize,4dr_suv,26,18,1624,62500
oldsmobile,bravada,2002,regular_unleaded,270.0,6.0,automatic,all_wheel_drive,4.0,,midsize,4dr_suv,19,14,26,34745
pontiac,torrent,2009,regular_unleaded,264.0,6.0,automatic,front_wheel_drive,4.0,"crossover,factory_tuner,performance",compact,4dr_suv,24,17,210,29420
chevrolet,traverse,2015,regular_unleaded,281.0,6.0,automatic,all_wheel_drive,4.0,crossover,midsize,4dr_suv,23,16,1385,38295
nissan,stanza,1992,regular_unleaded,138.0,4.0,manual,front_wheel_drive,4.0,,compact,sedan,26,19,2009,2000
volvo,xc70,2016,regular_unleaded,250.0,5.0,automatic,all_wheel_drive,4.0,"crossover,luxury",midsize,wagon,26,19,870,47175
volkswagen,beetle_convertible,2015,premium_unleaded_(recommended),210.0,4.0,manual,front_wheel_drive,2.0,performance,compact,convertible,31,23,873,31495
mazda,protege5,2002,regular_unleaded,130.0,4.0,manual,front_wheel_drive,4.0,,compact,wagon,28,22,586,16455
acura,tsx,2012,premium_unleaded_(recommended),201.0,4.0,automatic,front_wheel_drive,4.0,luxury,midsize,sedan,31,22,204,33110
gmc,terrain,2015,regular_unleaded,182.0,4.0,automatic,front_wheel_drive,4.0,crossover,compact,4dr_suv,32,22,549,35490
subaru,forester,2015,premium_unleaded_(required),250.0,4.0,automatic,all_wheel_drive,4.0,crossover,midsize,4dr_suv,28,23,640,33095
maserati,coupe,2004,premium_unleaded_(required),390.0,8.0,manual,rear_wheel_drive,2.0,"exotic,luxury,high-performance",compact,coupe,15,10,238,81013
toyota,venza,2013,regular_unleaded,181.0,4.0,automatic,all_wheel_drive,4.0,crossover,midsize,wagon,26,20,2031,29300
honda,element,2010,regular_unleaded,166.0,4.0,automatic,all_wheel_drive,4.0,crossover,compact,4dr_suv,24,19,2202,21775
suzuki,sidekick,1998,regular_unleaded,95.0,4.0,manual,rear_wheel_drive,2.0,,compact,convertible_suv,24,21,481,2000
nissan,cube,2012,regular_unleaded,122.0,4.0,manual,front_wheel_drive,4.0,,compact,wagon,30,25,2009,14980
bentley,continental_gt,2015,flex-fuel_(premium_unleaded_required/e85),567.0,12.0,automatic,all_wheel_drive,2.0,"exotic,flex_fuel,luxury,high-performance",midsize,coupe,21,12,520,203500
land_rover,freelander,2003,regular_unleaded,174.0,6.0,automatic,all_wheel_drive,4.0,"crossover,luxury",compact,4dr_suv,19,15,258,24975
dodge,shadow,1993,regular_unleaded,100.0,4.0,manual,front_wheel_drive,2.0,,compact,convertible,29,22,1851,2000
porsche,cayman,2015,premium_unleaded_(required),340.0,6.0,manual,rear_wheel_drive,2.0,"luxury,high-performance",compact,coupe,26,19,1715,75200
gmc,canyon,2015,regular_unleaded,200.0,4.0,automatic,four_wheel_drive,4.0,,compact,extended_cab_pickup,25,19,549,27935
gmc,jimmy,1999,regular_unleaded,190.0,6.0,automatic,four_wheel_drive,4.0,,midsize,4dr_suv,19,14,549,2691
ford,bronco,1995,regular_unleaded,205.0,8.0,manual,four_wheel_drive,2.0,,midsize,2dr_suv,16,12,5657,2620
volkswagen,jetta_sportwagen,2012,diesel,140.0,4.0,automated_manual,front_wheel_drive,4.0,diesel,compact,wagon,39,29,873,28390
mercedes-benz,400-class,1993,regular_unleaded,275.0,8.0,automatic,rear_wheel_drive,4.0,"luxury,performance",midsize,sedan,22,16,617,2278
chrysler,town_and_country,2016,flex-fuel_(unleaded/e85),283.0,6.0,automatic,front_wheel_drive,4.0,flex_fuel,midsize,passenger_minivan,25,17,1013,35845
gmc,terrain,2017,regular_unleaded,182.0,4.0,automatic,front_wheel_drive,4.0,crossover,compact,4dr_suv,31,21,549,34275
ford,explorer,2016,regular_unleaded,365.0,6.0,automatic,all_wheel_drive,4.0,crossover,midsize,4dr_suv,22,16,5657,43500
infiniti,q50,2017,premium_unleaded_(required),400.0,6.0,automatic,rear_wheel_drive,4.0,"factory_tuner,luxury,high-performance",midsize,sedan,26,20,190,48700
infiniti,q60_coupe,2014,premium_unleaded_(required),348.0,6.0,manual,rear_wheel_drive,2.0,"factory_tuner,luxury,high-performance",midsize,coupe,25,17,190,51750
buick,terraza,2006,regular_unleaded,201.0,6.0,automatic,front_wheel_drive,4.0,,midsize,passenger_minivan,23,16,155,29750
suzuki,swift,2000,regular_unleaded,79.0,4.0,manual,front_wheel_drive,2.0,hatchback,compact,2dr_hatchback,38,31,481,2000
nissan,murano,2017,regular_unleaded,260.0,6.0,automatic,all_wheel_drive,4.0,crossover,midsize,4dr_suv,28,21,2009,40780
lexus,rx_400h,2007,regular_unleaded,268.0,6.0,automatic,all_wheel_drive,4.0,"crossover,luxury,hybrid",midsize,4dr_suv,25,27,454,42580
lexus,gs_350,2015,premium_unleaded_(required),306.0,6.0,automatic,all_wheel_drive,4.0,"luxury,performance",midsize,sedan,26,19,454,57330
volvo,xc60,2015,regular_unleaded,325.0,6.0,automatic,all_wheel_drive,4.0,"crossover,luxury,performance",midsize,4dr_suv,24,17,870,47200
mazda,3,2016,regular_unleaded,155.0,4.0,automatic,front_wheel_drive,4.0,hatchback,compact,4dr_hatchback,40,30,586,21795
kia,optima,2015,regular_unleaded,274.0,4.0,automatic,front_wheel_drive,4.0,performance,midsize,sedan,31,20,1720,35500
chevrolet,silverado_1500,2015,flex-fuel_(unleaded/e85),285.0,6.0,automatic,four_wheel_drive,2.0,flex_fuel,large,regular_cab_pickup,22,17,1385,37125
nissan,200sx,1996,regular_unleaded,140.0,4.0,manual,front_wheel_drive,2.0,performance,compact,coupe,29,21,2009,2000
mazda,mx-3,1995,regular_unleaded,88.0,4.0,manual,front_wheel_drive,2.0,hatchback,compact,2dr_hatchback,34,25,586,2000
kia,sedona,2017,regular_unleaded,276.0,6.0,automatic,front_wheel_drive,4.0,,midsize,passenger_minivan,25,18,1720,36900
volkswagen,phaeton,2005,premium_unleaded_(recommended),335.0,8.0,automatic,all_wheel_drive,4.0,"luxury,performance",large,sedan,21,14,873,66950
lamborghini,aventador,2014,premium_unleaded_(required),700.0,12.0,automated_manual,all_wheel_drive,2.0,"exotic,high-performance",midsize,convertible,16,10,1158,441600
ford,expedition,2016,regular_unleaded,365.0,6.0,automatic,four_wheel_drive,4.0,,large,4dr_suv,20,15,5657,48360
cadillac,escalade,2016,premium_unleaded_(recommended),420.0,8.0,automatic,four_wheel_drive,4.0,"luxury,performance",large,4dr_suv,21,15,1624,91950
gmc,savana,2015,flex-fuel_(unleaded/e85),285.0,8.0,automatic,rear_wheel_drive,3.0,flex_fuel,midsize,passenger_van,17,11,549,34015
honda,accord_hybrid,2014,regular_unleaded,195.0,4.0,automatic,front_wheel_drive,4.0,hybrid,midsize,sedan,45,50,2202,29155
dodge,shadow,1993,regular_unleaded,93.0,4.0,manual,front_wheel_drive,2.0,hatchback,compact,2dr_hatchback,29,23,1851,2000
toyota,corolla,2015,regular_unleaded,132.0,4.0,automatic,front_wheel_drive,4.0,,compact,sedan,38,29,2031,22025
infiniti,m35,2009,premium_unleaded_(recommended),303.0,6.0,automatic,rear_wheel_drive,4.0,"luxury,performance",large,sedan,25,17,190,45800
toyota,tundra,2015,regular_unleaded,381.0,8.0,automatic,rear_wheel_drive,4.0,,large,extended_cab_pickup,18,13,2031,30010
chevrolet,black_diamond_avalanche,2013,flex-fuel_(unleaded/e85),320.0,8.0,automatic,four_wheel_drive,4.0,"crossover,flex_fuel",large,crew_cab_pickup,21,15,1385,47885
toyota,sienna,2017,regular_unleaded,296.0,6.0,automatic,front_wheel_drive,4.0,,large,passenger_minivan,27,19,2031,40830
toyota,tacoma,2017,regular_unleaded,278.0,6.0,manual,four_wheel_drive,4.0,,compact,crew_cab_pickup,20,17,2031,40760
dodge,caliber,2011,regular_unleaded,172.0,4.0,manual,front_wheel_drive,4.0,,compact,wagon,29,23,1851,20585
porsche,911,2016,premium_unleaded_(required),500.0,6.0,automated_manual,rear_wheel_drive,2.0,"factory_tuner,luxury,high-performance",compact,coupe,20,14,1715,175900
volkswagen,cc,2017,premium_unleaded_(recommended),200.0,4.0,automated_manual,front_wheel_drive,4.0,performance,midsize,sedan,31,22,873,37820
buick,reatta,1991,regular_unleaded,170.0,6.0,automatic,front_wheel_drive,2.0,,compact,coupe,25,16,155,2000
audi,s4,2014,premium_unleaded_(required),333.0,6.0,manual,all_wheel_drive,4.0,"factory_tuner,luxury,high-performance",midsize,sedan,26,17,3105,48100
hyundai,veracruz,2011,regular_unleaded,260.0,6.0,automatic,all_wheel_drive,4.0,crossover,midsize,4dr_suv,21,16,1439,36095
chevrolet,camaro,2016,premium_unleaded_(recommended),275.0,4.0,manual,rear_wheel_drive,2.0,performance,midsize,convertible,30,21,1385,32700
porsche,cayman,2016,premium_unleaded_(required),275.0,6.0,manual,rear_wheel_drive,2.0,"luxury,high-performance",compact,coupe,30,20,1715,52600
hyundai,accent,2014,regular_unleaded,138.0,4.0,manual,front_wheel_drive,4.0,hatchback,compact,4dr_hatchback,38,27,1439,16395
suzuki,xl-7,2004,regular_unleaded,185.0,6.0,manual,rear_wheel_drive,4.0,,midsize,4dr_suv,20,15,481,20099
cadillac,ats,2015,flex-fuel_(unleaded/e85),321.0,6.0,automatic,all_wheel_drive,4.0,"flex_fuel,luxury,high-performance",compact,sedan,26,18,1624,48715
audi,80,1991,regular_unleaded,130.0,5.0,manual,all_wheel_drive,4.0,luxury,compact,sedan,22,16,3105,2000
hyundai,tucson,2016,regular_unleaded,175.0,4.0,automated_manual,all_wheel_drive,4.0,crossover,compact,4dr_suv,28,24,1439,27550
chevrolet,tracker,2002,regular_unleaded,127.0,4.0,manual,rear_wheel_drive,4.0,,compact,4dr_suv,24,20,1385,16790
chevrolet,silverado_1500,2016,regular_unleaded,355.0,8.0,automatic,four_wheel_drive,4.0,,large,crew_cab_pickup,22,16,1385,53315
mazda,mx-5_miata,2015,premium_unleaded_(recommended),167.0,4.0,manual,rear_wheel_drive,2.0,performance,compact,convertible,28,21,586,27550
infiniti,qx,2013,premium_unleaded_(recommended),400.0,8.0,automatic,rear_wheel_drive,4.0,luxury,large,4dr_suv,20,14,190,61350
mercedes-benz,e-class,2016,diesel,195.0,4.0,automatic,all_wheel_drive,4.0,"diesel,luxury",midsize,sedan,38,27,617,55150
honda,cr-v,2016,regular_unleaded,185.0,4.0,automatic,all_wheel_drive,4.0,crossover,compact,4dr_suv,31,25,2202,31245
volvo,s60,2016,regular_unleaded,302.0,4.0,automatic,front_wheel_drive,4.0,"luxury,high-performance",midsize,sedan,33,23,870,43300
cadillac,seville,2003,regular_unleaded,275.0,8.0,automatic,front_wheel_drive,4.0,luxury,large,sedan,25,16,1624,45535
chevrolet,silverado_1500,2016,flex-fuel_(unleaded/e85),285.0,6.0,automatic,rear_wheel_drive,4.0,flex_fuel,large,extended_cab_pickup,24,18,1385,31120
volkswagen,beetle,2015,regular_unleaded,170.0,4.0,automatic,front_wheel_drive,2.0,hatchback,compact,2dr_hatchback,33,25,873,24705
dodge,dakota,2010,regular_unleaded,210.0,6.0,automatic,rear_wheel_drive,4.0,flex_fuel,compact,crew_cab_pickup,20,15,1851,26325
acura,legend,1994,regular_unleaded,230.0,6.0,manual,front_wheel_drive,2.0,"luxury,performance",midsize,coupe,24,16,204,2384
nissan,armada,2017,regular_unleaded,390.0,8.0,automatic,rear_wheel_drive,4.0,,large,4dr_suv,19,14,2009,57590
toyota,highlander_hybrid,2016,regular_unleaded,280.0,6.0,automatic,all_wheel_drive,4.0,"crossover,hybrid",midsize,4dr_suv,28,27,2031,50485
chevrolet,captiva_sport,2015,flex-fuel_(unleaded/e85),180.0,4.0,automatic,front_wheel_drive,4.0,"crossover,flex_fuel",midsize,4dr_suv,28,20,1385,25155
chevrolet,impala_limited,2016,flex-fuel_(unleaded/e85),300.0,6.0,automatic,front_wheel_drive,4.0,flex_fuel,large,sedan,30,18,1385,25830
volvo,xc60,2015,regular_unleaded,250.0,5.0,automatic,all_wheel_drive,4.0,"crossover,luxury",midsize,4dr_suv,25,18,870,41150
kia,forte,2015,regular_unleaded,145.0,4.0,automatic,front_wheel_drive,4.0,,compact,sedan,39,26,1720,17490
dodge,journey,2015,regular_unleaded,173.0,4.0,automatic,front_wheel_drive,4.0,crossover,midsize,4dr_suv,26,19,1851,26595
hyundai,tucson,2016,regular_unleaded,175.0,4.0,automated_manual,front_wheel_drive,4.0,crossover,compact,4dr_suv,30,25,1439,26150
chevrolet,malibu_limited,2016,regular_unleaded,197.0,4.0,automatic,front_wheel_drive,4.0,,midsize,sedan,34,24,1385,23835
toyota,tundra,2017,flex-fuel_(unleaded/e85),381.0,8.0,automatic,rear_wheel_drive,4.0,flex_fuel,large,crew_cab_pickup,18,13,2031,35420
infiniti,q60_convertible,2014,premium_unleaded_(recommended),325.0,6.0,automatic,rear_wheel_drive,2.0,"luxury,performance",midsize,convertible,26,18,190,48550
toyota,camry_solara,2007,regular_unleaded,210.0,6.0,automatic,front_wheel_drive,2.0,,midsize,coupe,27,18,2031,22260
pontiac,sunbird,1993,regular_unleaded,110.0,4.0,manual,front_wheel_drive,4.0,,compact,sedan,32,22,210,2000
volkswagen,gti,2013,premium_unleaded_(recommended),200.0,4.0,automated_manual,front_wheel_drive,4.0,"hatchback,performance",compact,4dr_hatchback,33,24,873,32095
suzuki,sx4,2012,regular_unleaded,148.0,4.0,automatic,front_wheel_drive,4.0,"crossover,hatchback",compact,4dr_hatchback,30,23,481,18499
chevrolet,traverse,2015,regular_unleaded,281.0,6.0,automatic,front_wheel_drive,4.0,crossover,midsize,4dr_suv,24,17,1385,36295
toyota,prius_c,2015,regular_unleaded,99.0,4.0,automatic,front_wheel_drive,4.0,"hatchback,hybrid",compact,4dr_hatchback,46,53,2031,20340
oldsmobile,alero,2002,regular_unleaded,170.0,6.0,automatic,front_wheel_drive,4.0,,midsize,sedan,27,18,26,22145
gmc,envoy_xuv,2005,regular_unleaded,275.0,6.0,automatic,rear_wheel_drive,4.0,,large,4dr_suv,18,13,549,33865
ferrari,california,2013,premium_unleaded_(required),483.0,8.0,automated_manual,rear_wheel_drive,2.0,"exotic,high-performance",compact,convertible,19,13,2774,198190
ford,expedition,2016,regular_unleaded,365.0,6.0,automatic,rear_wheel_drive,4.0,,large,4dr_suv,22,16,5657,59375
dodge,dakota,2010,regular_unleaded,210.0,6.0,automatic,four_wheel_drive,4.0,flex_fuel,compact,crew_cab_pickup,18,14,1851,33180
buick,riviera,1997,regular_unleaded,240.0,6.0,automatic,front_wheel_drive,2.0,,large,coupe,24,16,155,2000
volkswagen,golf_r,2017,premium_unleaded_(recommended),292.0,4.0,automated_manual,all_wheel_drive,4.0,"hatchback,factory_tuner,high-performance",compact,4dr_hatchback,30,23,873,40475
hyundai,azera,2015,regular_unleaded,293.0,6.0,automatic,front_wheel_drive,4.0,performance,midsize,sedan,28,19,1439,38200
gmc,envoy_xl,2006,regular_unleaded,300.0,8.0,automatic,four_wheel_drive,4.0,,large,4dr_suv,18,13,549,37600
volkswagen,gti,2013,premium_unleaded_(recommended),200.0,4.0,manual,front_wheel_drive,2.0,"hatchback,performance",compact,2dr_hatchback,31,21,873,28195
suzuki,sidekick,1996,regular_unleaded,95.0,4.0,manual,four_wheel_drive,2.0,,compact,convertible_suv,24,21,481,2000
bmw,x4,2017,premium_unleaded_(required),355.0,6.0,automatic,all_wheel_drive,4.0,"crossover,factory_tuner,luxury,high-performance",midsize,4dr_suv,26,19,3916,58100
volkswagen,jetta_hybrid,2014,premium_unleaded_(required),170.0,4.0,automated_manual,front_wheel_drive,4.0,hybrid,midsize,sedan,48,42,873,31895
saab,9-3,2009,premium_unleaded_(recommended),210.0,4.0,automatic,all_wheel_drive,4.0,luxury,midsize,sedan,27,17,376,36395
chevrolet,sonic,2016,regular_unleaded,138.0,4.0,automatic,front_wheel_drive,4.0,hatchback,compact,4dr_hatchback,33,25,1385,21495
dodge,dakota,2010,regular_unleaded,210.0,6.0,automatic,four_wheel_drive,4.0,flex_fuel,compact,crew_cab_pickup,18,14,1851,29275
pontiac,solstice,2008,premium_unleaded_(required),260.0,4.0,manual,rear_wheel_drive,2.0,"factory_tuner,high-performance",compact,convertible,28,19,210,31750
cadillac,escalade,2016,premium_unleaded_(recommended),420.0,8.0,automatic,four_wheel_drive,4.0,"luxury,performance",large,4dr_suv,21,15,1624,79645
mercedes-benz,m-class,2015,premium_unleaded_(required),329.0,6.0,automatic,all_wheel_drive,4.0,"crossover,luxury,performance",midsize,4dr_suv,22,18,617,62900
volkswagen,passat,2015,diesel,150.0,4.0,automated_manual,front_wheel_drive,4.0,diesel,midsize,sedan,42,30,873,30850
ford,f-250,1997,regular_unleaded,220.0,8.0,manual,four_wheel_drive,2.0,,large,regular_cab_pickup,17,12,5657,3008
mazda,b-series,2001,regular_unleaded,150.0,6.0,manual,four_wheel_drive,2.0,,compact,regular_cab_pickup,19,15,586,18360
volkswagen,jetta,2015,regular_unleaded,170.0,4.0,automatic,front_wheel_drive,4.0,,midsize,sedan,37,25,873,20095
toyota,avalon,2016,regular_unleaded,268.0,6.0,automatic,front_wheel_drive,4.0,,midsize,sedan,31,21,2031,32650
rolls-royce,phantom_drophead_coupe,2016,premium_unleaded_(required),453.0,12.0,automatic,rear_wheel_drive,2.0,"exotic,luxury,performance",large,convertible,19,11,86,492000
nissan,370z,2017,premium_unleaded_(required),332.0,6.0,manual,rear_wheel_drive,2.0,high-performance,compact,coupe,26,18,2009,37970
suzuki,sx4,2011,regular_unleaded,150.0,4.0,manual,front_wheel_drive,4.0,,compact,sedan,33,23,481,13499
chevrolet,c/k_1500_series,1997,regular_unleaded,230.0,8.0,manual,four_wheel_drive,2.0,,large,extended_cab_pickup,17,11,1385,3046
dodge,ram_pickup_1500,2010,regular_unleaded,390.0,8.0,automatic,four_wheel_drive,4.0,,large,crew_cab_pickup,18,13,1851,42650
dodge,dart,2016,regular_unleaded,184.0,4.0,manual,front_wheel_drive,4.0,,midsize,sedan,35,22,1851,20995
chevrolet,colorado,2012,regular_unleaded,242.0,5.0,automatic,four_wheel_drive,4.0,,compact,extended_cab_pickup,23,17,1385,29480
porsche,911,2016,premium_unleaded_(required),350.0,6.0,manual,rear_wheel_drive,2.0,"luxury,high-performance",compact,coupe,27,19,1715,88800
gmc,s-15,1990,regular_unleaded,105.0,4.0,manual,rear_wheel_drive,2.0,,compact,regular_cab_pickup,25,21,549,2000
mazda,mx-5_miata,2016,premium_unleaded_(recommended),155.0,4.0,manual,rear_wheel_drive,2.0,performance,compact,convertible,34,27,586,30065
volvo,xc60,2015,regular_unleaded,325.0,6.0,automatic,all_wheel_drive,4.0,"crossover,luxury,performance",midsize,4dr_suv,24,17,870,51050
toyota,tundra,2017,flex-fuel_(unleaded/e85),381.0,8.0,automatic,four_wheel_drive,4.0,flex_fuel,large,crew_cab_pickup,17,13,2031,50030
infiniti,g_sedan,2012,premium_unleaded_(recommended),218.0,6.0,automatic,rear_wheel_drive,4.0,luxury,midsize,sedan,29,20,190,33100
volkswagen,golf_gti,2016,premium_unleaded_(recommended),210.0,4.0,automated_manual,front_wheel_drive,4.0,"hatchback,performance",compact,4dr_hatchback,33,25,873,31235
chevrolet,s-10_blazer,1994,regular_unleaded,165.0,6.0,manual,four_wheel_drive,2.0,,compact,2dr_suv,20,15,1385,2000
chevrolet,suburban,2017,flex-fuel_(unleaded/e85),355.0,8.0,automatic,rear_wheel_drive,4.0,"flex_fuel,performance",large,4dr_suv,23,16,1385,64730
volkswagen,beetle_convertible,2015,regular_unleaded,170.0,4.0,automatic,front_wheel_drive,2.0,,compact,convertible,32,24,873,30425
chevrolet,silverado_1500,2016,flex-fuel_(unleaded/e85),285.0,6.0,automatic,four_wheel_drive,2.0,flex_fuel,large,regular_cab_pickup,22,17,1385,31035
volkswagen,vanagon,1991,regular_unleaded,90.0,4.0,manual,rear_wheel_drive,3.0,,large,passenger_minivan,18,16,873,2000
subaru,tribeca,2012,regular_unleaded,256.0,6.0,automatic,all_wheel_drive,4.0,crossover,midsize,4dr_suv,21,16,640,30595
ford,edge,2015,premium_unleaded_(recommended),245.0,4.0,automatic,front_wheel_drive,4.0,crossover,midsize,4dr_suv,30,20,5657,28100
hummer,h3t,2010,regular_unleaded,239.0,5.0,manual,four_wheel_drive,4.0,"crossover,flex_fuel,luxury",compact,crew_cab_pickup,18,14,130,30915
dodge,nitro,2010,regular_unleaded,210.0,6.0,automatic,four_wheel_drive,4.0,crossover,midsize,4dr_suv,21,15,1851,23250
gmc,envoy,2008,regular_unleaded,300.0,8.0,automatic,rear_wheel_drive,4.0,,midsize,4dr_suv,20,14,549,34970
volkswagen,golf_gti,2015,premium_unleaded_(recommended),220.0,4.0,manual,front_wheel_drive,2.0,"hatchback,performance",compact,2dr_hatchback,34,25,873,29280
chevrolet,sonic,2017,regular_unleaded,138.0,4.0,automatic,front_wheel_drive,4.0,,compact,sedan,34,24,1385,18170
ford,f-150,2015,regular_unleaded,325.0,6.0,automatic,rear_wheel_drive,4.0,flex_fuel,large,crew_cab_pickup,26,19,5657,33655
ford,mustang_svt_cobra,1998,regular_unleaded,305.0,8.0,manual,rear_wheel_drive,2.0,"factory_tuner,performance",compact,convertible,24,16,5657,4059
mazda,tribute,2009,regular_unleaded,240.0,6.0,automatic,all_wheel_drive,4.0,crossover,compact,4dr_suv,24,17,586,27635
chevrolet,sportvan,1995,regular_unleaded,163.0,6.0,automatic,rear_wheel_drive,3.0,,midsize,passenger_van,15,13,1385,2000
suzuki,aerio,2007,regular_unleaded,155.0,4.0,automatic,front_wheel_drive,4.0,,compact,sedan,28,22,481,16199
dodge,shadow,1994,regular_unleaded,93.0,4.0,manual,front_wheel_drive,2.0,hatchback,compact,2dr_hatchback,30,23,1851,2000
gmc,sierra_1500,2017,flex-fuel_(unleaded/e85),285.0,6.0,automatic,four_wheel_drive,2.0,flex_fuel,large,regular_cab_pickup,22,17,549,32145
saab,9000,1996,regular_unleaded,170.0,4.0,manual,front_wheel_drive,4.0,"hatchback,luxury",midsize,4dr_hatchback,25,18,376,2000
mercedes-benz,sl-class,2017,premium_unleaded_(required),621.0,12.0,automatic,rear_wheel_drive,2.0,"factory_tuner,luxury,high-performance",compact,convertible,21,14,617,219850
nissan,frontier,2015,regular_unleaded,261.0,6.0,automatic,rear_wheel_drive,4.0,,compact,crew_cab_pickup,22,16,2009,25350
volvo,s60,2017,regular_unleaded,240.0,4.0,automatic,front_wheel_drive,4.0,luxury,midsize,sedan,36,25,870,36800
suzuki,xl7,2007,regular_unleaded,252.0,6.0,automatic,front_wheel_drive,4.0,crossover,midsize,4dr_suv,22,16,481,25399
toyota,tundra,2017,regular_unleaded,310.0,8.0,automatic,rear_wheel_drive,4.0,,large,extended_cab_pickup,19,15,2031,30020
volkswagen,gli,2012,premium_unleaded_(recommended),200.0,4.0,automated_manual,front_wheel_drive,4.0,performance,midsize,sedan,32,24,873,24845
audi,a3,2015,premium_unleaded_(recommended),220.0,4.0,automated_manual,all_wheel_drive,4.0,luxury,compact,sedan,33,24,3105,35750
porsche,panamera,2015,premium_unleaded_(required),440.0,8.0,automated_manual,all_wheel_drive,4.0,"luxury,high-performance",large,sedan,24,16,1715,113400
aston_martin,virage,2012,premium_unleaded_(required),490.0,12.0,automatic,rear_wheel_drive,2.0,"exotic,high-performance",midsize,coupe,18,13,259,208295
mercedes-benz,m-class,2014,premium_unleaded_(required),402.0,8.0,automatic,all_wheel_drive,4.0,"crossover,luxury,performance",midsize,4dr_suv,19,14,617,59450
oldsmobile,silhouette,2004,regular_unleaded,185.0,6.0,automatic,front_wheel_drive,4.0,,midsize,passenger_minivan,24,17,26,32125
nissan,murano,2016,regular_unleaded,250.0,4.0,automatic,all_wheel_drive,4.0,"crossover,hybrid",midsize,4dr_suv,30,26,2009,41730
ford,escape,2016,regular_unleaded,168.0,4.0,automatic,front_wheel_drive,4.0,crossover,compact,4dr_suv,31,22,5657,23590
infiniti,g35,2007,premium_unleaded_(required),306.0,6.0,automatic,all_wheel_drive,4.0,luxury,midsize,sedan,23,17,190,33950
ford,transit_connect,2015,regular_unleaded,169.0,4.0,automatic,front_wheel_drive,4.0,,compact,passenger_minivan,28,20,5657,25185
dodge,ram_pickup_1500,2008,flex-fuel_(unleaded/e85),310.0,8.0,automatic,four_wheel_drive,4.0,flex_fuel,large,crew_cab_pickup,17,13,1851,32155
dodge,monaco,1992,regular_unleaded,150.0,6.0,automatic,front_wheel_drive,4.0,,midsize,sedan,24,16,1851,2000
suzuki,xl-7,2005,regular_unleaded,185.0,6.0,automatic,four_wheel_drive,4.0,,midsize,4dr_suv,20,15,481,25799
hyundai,sonata,2015,regular_unleaded,185.0,4.0,automatic,front_wheel_drive,4.0,,midsize,sedan,35,24,1439,26525
volkswagen,jetta,2015,premium_unleaded_(recommended),210.0,4.0,automatic,front_wheel_drive,4.0,"factory_tuner,performance",midsize,sedan,32,24,873,30380
hyundai,elantra_coupe,2013,regular_unleaded,145.0,4.0,automatic,front_wheel_drive,2.0,,compact,coupe,37,27,1439,20895
mercedes-benz,300-class,1993,regular_unleaded,194.0,6.0,automatic,rear_wheel_drive,4.0,luxury,midsize,sedan,23,17,617,2247
nissan,versa,2015,regular_unleaded,109.0,4.0,automatic,front_wheel_drive,4.0,,compact,sedan,35,26,2009,13490
audi,a3,2017,premium_unleaded_(recommended),186.0,4.0,automated_manual,front_wheel_drive,4.0,luxury,compact,sedan,35,26,3105,34450
bentley,brooklands,2009,premium_unleaded_(required),530.0,8.0,automatic,rear_wheel_drive,2.0,"exotic,luxury,high-performance",large,coupe,14,10,520,340990
toyota,sienna,2017,regular_unleaded,296.0,6.0,automatic,front_wheel_drive,4.0,,large,passenger_minivan,27,19,2031,36310
suzuki,vitara,2002,regular_unleaded,127.0,4.0,manual,four_wheel_drive,2.0,,compact,convertible_suv,23,20,481,16999
lincoln,navigator,2017,regular_unleaded,380.0,6.0,automatic,rear_wheel_drive,4.0,luxury,large,4dr_suv,21,15,61,71260
ford,mustang,2015,regular_unleaded,300.0,6.0,manual,rear_wheel_drive,2.0,performance,midsize,convertible,28,17,5657,29300
porsche,911,2015,premium_unleaded_(required),430.0,6.0,manual,rear_wheel_drive,2.0,"luxury,high-performance",compact,convertible,25,18,1715,126100
ford,expedition,2017,regular_unleaded,365.0,6.0,automatic,four_wheel_drive,4.0,,large,4dr_suv,19,15,5657,51861
bmw,5_series_gran_turismo,2017,premium_unleaded_(required),445.0,8.0,automatic,all_wheel_drive,4.0,"hatchback,luxury,performance",large,4dr_hatchback,24,15,3916,72500
ford,transit_connect,2017,flex-fuel_(unleaded/e85),169.0,4.0,automatic,front_wheel_drive,4.0,,compact,passenger_minivan,27,19,5657,25590
kia,soul,2014,regular_unleaded,164.0,4.0,automatic,front_wheel_drive,4.0,,compact,wagon,31,23,1720,18400
cadillac,cts-v_coupe,2014,premium_unleaded_(required),556.0,8.0,manual,rear_wheel_drive,2.0,"factory_tuner,luxury,high-performance",midsize,coupe,19,14,1624,63600
buick,terraza,2005,regular_unleaded,200.0,6.0,automatic,all_wheel_drive,4.0,,midsize,passenger_minivan,21,15,155,30990
honda,s2000,2009,premium_unleaded_(required),237.0,4.0,manual,rear_wheel_drive,2.0,performance,compact,convertible,25,18,2202,34995
ford,focus_st,2017,premium_unleaded_(recommended),252.0,4.0,manual,front_wheel_drive,4.0,"hatchback,factory_tuner,performance",compact,4dr_hatchback,31,22,5657,24775
cadillac,srx,2014,regular_unleaded,308.0,6.0,automatic,front_wheel_drive,4.0,"crossover,luxury",midsize,4dr_suv,24,17,1624,48145
hyundai,veracruz,2010,regular_unleaded,260.0,6.0,automatic,all_wheel_drive,4.0,crossover,midsize,4dr_suv,22,16,1439,35895
hyundai,tiburon,2006,regular_unleaded,172.0,6.0,automatic,front_wheel_drive,2.0,hatchback,compact,2dr_hatchback,24,17,1439,21195
chevrolet,s-10_blazer,1992,regular_unleaded,160.0,6.0,manual,four_wheel_drive,2.0,,compact,2dr_suv,20,15,1385,2000
gmc,sierra_1500_classic,2007,flex-fuel_(unleaded/e85),295.0,8.0,automatic,rear_wheel_drive,4.0,flex_fuel,large,extended_cab_pickup,19,14,549,27730
bmw,4_series_gran_coupe,2015,premium_unleaded_(required),240.0,4.0,automatic,all_wheel_drive,4.0,luxury,midsize,sedan,33,22,3916,42300
suzuki,esteem,2001,regular_unleaded,122.0,4.0,manual,front_wheel_drive,4.0,,compact,wagon,31,24,481,14699
chevrolet,tahoe,2017,flex-fuel_(unleaded/e85),355.0,8.0,automatic,four_wheel_drive,4.0,"flex_fuel,performance",large,4dr_suv,22,16,1385,50215
chevrolet,malibu,2017,regular_unleaded,160.0,4.0,automatic,front_wheel_drive,4.0,,midsize,sedan,36,27,1385,23225
dodge,stealth,1996,regular_unleaded,320.0,6.0,manual,all_wheel_drive,2.0,"factory_tuner,performance",compact,coupe,22,16,1851,3732
bmw,3_series,2015,diesel,180.0,4.0,automatic,all_wheel_drive,4.0,"diesel,luxury",midsize,sedan,43,31,3916,41000
dodge,ram_50_pickup,1991,regular_unleaded,143.0,6.0,manual,four_wheel_drive,2.0,,compact,extended_cab_pickup,20,15,1851,2000
chevrolet,equinox,2015,regular_unleaded,182.0,4.0,automatic,all_wheel_drive,4.0,"crossover,flex_fuel",compact,4dr_suv,29,20,1385,29920
bmw,z4,2016,premium_unleaded_(required),240.0,4.0,manual,rear_wheel_drive,2.0,"luxury,performance",compact,convertible,34,22,3916,49700
mazda,mx-5_miata,2014,premium_unleaded_(recommended),167.0,4.0,manual,rear_wheel_drive,2.0,performance,compact,convertible,28,21,586,28665
chevrolet,sonic,2015,regular_unleaded,138.0,4.0,manual,front_wheel_drive,4.0,,compact,sedan,35,26,1385,14245
nissan,370z,2016,premium_unleaded_(required),332.0,6.0,manual,rear_wheel_drive,2.0,high-performance,compact,coupe,26,18,2009,37070
suzuki,xl7,2007,regular_unleaded,252.0,6.0,automatic,all_wheel_drive,4.0,crossover,midsize,4dr_suv,21,16,481,26199
chevrolet,cobalt,2008,regular_unleaded,148.0,4.0,manual,front_wheel_drive,2.0,,compact,coupe,33,24,1385,15120
mazda,tribute,2011,flex-fuel_(unleaded/e85),240.0,6.0,automatic,all_wheel_drive,4.0,"crossover,flex_fuel",compact,4dr_suv,23,18,586,29065
chrysler,200,2017,flex-fuel_(unleaded/e85),184.0,4.0,automatic,front_wheel_drive,4.0,flex_fuel,midsize,sedan,36,23,1013,27795
ford,f-150,2016,regular_unleaded,325.0,6.0,automatic,rear_wheel_drive,4.0,flex_fuel,large,crew_cab_pickup,26,19,5657,42725
pontiac,aztek,2005,regular_unleaded,185.0,6.0,automatic,front_wheel_drive,4.0,crossover,midsize,4dr_suv,24,17,210,21530
acura,integra,2001,regular_unleaded,140.0,4.0,manual,front_wheel_drive,4.0,luxury,compact,sedan,28,22,204,21600
nissan,frontier,2015,regular_unleaded,261.0,6.0,automatic,four_wheel_drive,4.0,,compact,crew_cab_pickup,21,15,2009,28050
suzuki,equator,2010,regular_unleaded,152.0,4.0,manual,rear_wheel_drive,4.0,,compact,extended_cab_pickup,23,19,481,18825
toyota,tacoma,2017,regular_unleaded,278.0,6.0,automatic,rear_wheel_drive,4.0,,compact,extended_cab_pickup,24,19,2031,25730
volvo,s60,2015,regular_unleaded,250.0,5.0,automatic,all_wheel_drive,4.0,"luxury,performance",midsize,sedan,29,20,870,34800
chrysler,sebring,2009,regular_unleaded,173.0,4.0,automatic,front_wheel_drive,4.0,,midsize,sedan,30,21,1013,25920
toyota,4runner,2015,regular_unleaded,270.0,6.0,automatic,rear_wheel_drive,4.0,,midsize,4dr_suv,22,17,2031,33210
mazda,3,2015,regular_unleaded,155.0,4.0,automatic,front_wheel_drive,4.0,hatchback,compact,4dr_hatchback,40,30,586,21145
chevrolet,colorado,2015,regular_unleaded,200.0,4.0,automatic,rear_wheel_drive,4.0,,compact,crew_cab_pickup,27,20,1385,27110
scion,tc,2015,regular_unleaded,179.0,4.0,manual,front_wheel_drive,2.0,hatchback,compact,2dr_hatchback,31,23,105,19210
acura,rsx,2006,regular_unleaded,155.0,4.0,automatic,front_wheel_drive,2.0,"hatchback,luxury",compact,2dr_hatchback,31,22,204,22375
audi,r8,2017,premium_unleaded_(required),610.0,10.0,automated_manual,all_wheel_drive,2.0,"luxury,high-performance",compact,coupe,22,14,3105,189900
ford,freestyle,2006,regular_unleaded,203.0,6.0,automatic,front_wheel_drive,4.0,crossover,large,wagon,25,18,5657,26505
hyundai,elantra,2016,regular_unleaded,166.0,4.0,automatic,front_wheel_drive,4.0,,compact,sedan,35,24,1439,21250
maserati,quattroporte,2017,premium_unleaded_(required),404.0,6.0,automatic,all_wheel_drive,4.0,"exotic,luxury,high-performance",large,sedan,23,16,238,116000
cadillac,xts,2017,regular_unleaded,304.0,6.0,automatic,all_wheel_drive,4.0,"luxury,performance",large,sedan,26,17,1624,66795
toyota,echo,2003,regular_unleaded,108.0,4.0,automatic,front_wheel_drive,2.0,,compact,coupe,36,28,2031,11045
land_rover,range_rover_evoque,2015,premium_unleaded_(recommended),240.0,4.0,automatic,all_wheel_drive,4.0,"crossover,luxury",compact,4dr_suv,30,21,258,48900
volvo,850,1995,regular_unleaded,168.0,5.0,manual,front_wheel_drive,4.0,luxury,midsize,wagon,26,18,870,2000
hyundai,scoupe,1993,regular_unleaded,115.0,4.0,manual,front_wheel_drive,2.0,,compact,coupe,29,23,1439,2000
dodge,dakota,2010,regular_unleaded,210.0,6.0,automatic,four_wheel_drive,4.0,flex_fuel,compact,crew_cab_pickup,18,14,1851,28255
land_rover,range_rover_evoque,2017,premium_unleaded_(recommended),240.0,4.0,automatic,all_wheel_drive,4.0,"crossover,luxury",compact,4dr_suv,29,21,258,45800
ford,freestar,2006,regular_unleaded,193.0,6.0,automatic,front_wheel_drive,4.0,,midsize,passenger_minivan,22,16,5657,23655
nissan,frontier,2017,regular_unleaded,261.0,6.0,automatic,rear_wheel_drive,4.0,,compact,crew_cab_pickup,23,16,2009,32510
lexus,ls_400,2000,regular_unleaded,290.0,8.0,automatic,rear_wheel_drive,4.0,luxury,midsize,sedan,23,16,454,5035
gmc,yukon_xl,2016,premium_unleaded_(recommended),420.0,8.0,automatic,rear_wheel_drive,4.0,performance,large,4dr_suv,22,15,549,68025
nissan,370z,2017,premium_unleaded_(required),332.0,6.0,manual,rear_wheel_drive,2.0,high-performance,compact,coupe,26,18,2009,29990
chevrolet,aveo,2009,regular_unleaded,107.0,4.0,manual,front_wheel_drive,4.0,hatchback,compact,4dr_hatchback,34,27,1385,15365
toyota,camry,2015,regular_unleaded,268.0,6.0,automatic,front_wheel_drive,4.0,,midsize,sedan,31,21,2031,31370
pontiac,torrent,2009,regular_unleaded,185.0,6.0,automatic,all_wheel_drive,4.0,crossover,compact,4dr_suv,24,17,210,26815
infiniti,jx,2013,premium_unleaded_(recommended),265.0,6.0,automatic,front_wheel_drive,4.0,"crossover,luxury",large,4dr_suv,24,18,190,41250
kia,rondo,2007,regular_unleaded,182.0,6.0,automatic,front_wheel_drive,4.0,,compact,wagon,25,18,1720,18895
volkswagen,jetta,2015,premium_unleaded_(recommended),210.0,4.0,automatic,front_wheel_drive,4.0,"factory_tuner,performance",midsize,sedan,32,24,873,28020
mercedes-benz,350-class,1990,diesel,134.0,6.0,automatic,rear_wheel_drive,4.0,"diesel,luxury",large,sedan,23,19,617,2098
volkswagen,golf,2015,regular_unleaded,170.0,4.0,automatic,front_wheel_drive,4.0,hatchback,compact,4dr_hatchback,36,25,873,27395
land_rover,range_rover_sport,2016,premium_unleaded_(recommended),510.0,8.0,automatic,four_wheel_drive,4.0,"luxury,high-performance",midsize,4dr_suv,19,14,258,82695
land_rover,range_rover,2015,flex-fuel_(premium_unleaded_required/e85),510.0,8.0,automatic,four_wheel_drive,4.0,"flex_fuel,luxury,high-performance",large,4dr_suv,19,13,258,101995
ford,explorer_sport_trac,2008,regular_unleaded,210.0,6.0,automatic,rear_wheel_drive,4.0,,compact,crew_cab_pickup,20,14,5657,27490
cadillac,ats,2016,premium_unleaded_(recommended),272.0,4.0,automatic,all_wheel_drive,4.0,"luxury,performance",midsize,sedan,30,22,1624,45155
infiniti,g37,2008,premium_unleaded_(required),330.0,6.0,manual,rear_wheel_drive,2.0,"luxury,high-performance",midsize,coupe,26,17,190,36200
ford,transit_connect,2015,regular_unleaded,169.0,4.0,automatic,front_wheel_drive,4.0,,compact,passenger_minivan,28,20,5657,26710
kia,rio,2017,regular_unleaded,138.0,4.0,automatic,front_wheel_drive,4.0,hatchback,compact,4dr_hatchback,36,27,1720,20905
lamborghini,gallardo,2012,premium_unleaded_(required),550.0,10.0,manual,rear_wheel_drive,2.0,"exotic,high-performance",compact,coupe,20,12,1158,187900
volkswagen,gti,2013,premium_unleaded_(recommended),200.0,4.0,automated_manual,front_wheel_drive,2.0,"hatchback,performance",compact,2dr_hatchback,33,24,873,25300
plymouth,grand_voyager,1998,regular_unleaded,150.0,6.0,automatic,front_wheel_drive,4.0,,large,passenger_minivan,24,17,535,2048
toyota,matrix,2012,regular_unleaded,158.0,4.0,manual,front_wheel_drive,4.0,hatchback,compact,4dr_hatchback,28,21,2031,19565
infiniti,ex,2013,premium_unleaded_(recommended),325.0,6.0,automatic,rear_wheel_drive,4.0,"crossover,luxury,performance",midsize,4dr_suv,25,17,190,39250
bmw,4_series,2017,premium_unleaded_(recommended),320.0,6.0,automatic,all_wheel_drive,2.0,"luxury,performance",midsize,coupe,31,21,3916,50500
lexus,nx_300h,2015,regular_unleaded,194.0,4.0,automatic,all_wheel_drive,4.0,"crossover,luxury,hybrid",midsize,4dr_suv,30,33,454,41310
nissan,armada,2014,regular_unleaded,317.0,8.0,automatic,four_wheel_drive,4.0,flex_fuel,large,4dr_suv,18,12,2009,42890
mercedes-benz,slr_mclaren,2009,premium_unleaded_(required),617.0,8.0,automatic,rear_wheel_drive,2.0,"exotic,factory_tuner,luxury,high-performance",compact,convertible,16,12,617,495000
gmc,canyon,2015,regular_unleaded,200.0,4.0,automatic,rear_wheel_drive,4.0,,compact,crew_cab_pickup,27,20,549,25205
aston_martin,dbs,2012,premium_unleaded_(required),510.0,12.0,automatic,rear_wheel_drive,2.0,"exotic,high-performance",midsize,coupe,18,12,259,284976
gmc,yukon_hybrid,2013,regular_unleaded,332.0,8.0,automatic,rear_wheel_drive,4.0,"luxury,hybrid",large,4dr_suv,23,20,549,61960
chevrolet,tracker,2004,regular_unleaded,165.0,6.0,automatic,four_wheel_drive,4.0,,compact,4dr_suv,20,17,1385,22715
nissan,versa_note,2016,regular_unleaded,109.0,4.0,manual,front_wheel_drive,4.0,hatchback,compact,4dr_hatchback,36,27,2009,14230
dodge,dart,2014,regular_unleaded,184.0,4.0,manual,front_wheel_drive,4.0,,midsize,sedan,33,23,1851,20995
volkswagen,golf_gti,2015,premium_unleaded_(recommended),220.0,4.0,manual,front_wheel_drive,4.0,"hatchback,performance",compact,4dr_hatchback,34,25,873,29880
acura,mdx,2017,premium_unleaded_(recommended),290.0,6.0,automatic,all_wheel_drive,4.0,"crossover,luxury",midsize,4dr_suv,26,18,204,50360
chrysler,300m,2003,regular_unleaded,250.0,6.0,automatic,front_wheel_drive,4.0,performance,large,sedan,25,16,1013,28885
lamborghini,aventador,2015,premium_unleaded_(required),720.0,12.0,automated_manual,all_wheel_drive,2.0,"exotic,high-performance",midsize,coupe,18,11,1158,497650
ford,transit_wagon,2016,premium_unleaded_(recommended),310.0,6.0,automatic,rear_wheel_drive,3.0,diesel,large,passenger_van,19,14,5657,43995
buick,lacrosse,2017,regular_unleaded,310.0,6.0,automatic,all_wheel_drive,4.0,performance,large,sedan,29,20,155,43265
mercedes-benz,e55_amg,2000,regular_unleaded,349.0,8.0,automatic,rear_wheel_drive,4.0,"factory_tuner,luxury,performance",midsize,sedan,21,15,617,6120
nissan,pathfinder,2016,regular_unleaded,260.0,6.0,automatic,front_wheel_drive,4.0,crossover,large,4dr_suv,27,20,2009,41610
chrysler,tc,1990,regular_unleaded,141.0,6.0,automatic,front_wheel_drive,2.0,luxury,compact,convertible,22,15,1013,2000
subaru,legacy,2017,regular_unleaded,256.0,6.0,automatic,all_wheel_drive,4.0,performance,midsize,sedan,28,20,640,31640
dodge,journey,2016,flex-fuel_(unleaded/e85),283.0,6.0,automatic,front_wheel_drive,4.0,"crossover,flex_fuel",midsize,4dr_suv,25,17,1851,31795
volkswagen,beetle_convertible,2015,regular_unleaded,170.0,4.0,automatic,front_wheel_drive,2.0,,compact,convertible,32,24,873,30425
oldsmobile,silhouette,2003,regular_unleaded,185.0,6.0,automatic,all_wheel_drive,4.0,,midsize,passenger_minivan,22,16,26,36340
mitsubishi,outlander_sport,2016,regular_unleaded,168.0,4.0,automatic,four_wheel_drive,4.0,crossover,compact,4dr_suv,27,22,436,25395
mitsubishi,montero_sport,2003,regular_unleaded,165.0,6.0,automatic,rear_wheel_drive,4.0,,midsize,4dr_suv,21,16,436,25637
ford,escape,2015,premium_unleaded_(recommended),178.0,4.0,automatic,all_wheel_drive,4.0,crossover,compact,4dr_suv,30,22,5657,27400
ford,escort,2002,regular_unleaded,130.0,4.0,manual,front_wheel_drive,2.0,,compact,coupe,31,22,5657,14315
mazda,2,2014,regular_unleaded,100.0,4.0,automatic,front_wheel_drive,4.0,hatchback,compact,4dr_hatchback,34,28,586,15560
mitsubishi,lancer,2015,regular_unleaded,148.0,4.0,automatic,front_wheel_drive,4.0,,compact,sedan,34,26,436,18295
volkswagen,beetle,2015,regular_unleaded,170.0,4.0,automatic,front_wheel_drive,2.0,hatchback,compact,2dr_hatchback,33,25,873,21795
hyundai,accent,2016,regular_unleaded,137.0,4.0,manual,front_wheel_drive,4.0,,compact,sedan,38,27,1439,14745
bmw,z3,2002,premium_unleaded_(required),184.0,6.0,manual,rear_wheel_drive,2.0,"luxury,performance",compact,convertible,25,18,3916,31300
saab,900,1997,regular_unleaded,185.0,4.0,manual,front_wheel_drive,4.0,"hatchback,luxury,performance",compact,4dr_hatchback,25,18,376,2000
suzuki,aerio,2006,regular_unleaded,155.0,4.0,manual,front_wheel_drive,4.0,,compact,sedan,28,22,481,14099
ford,fusion_hybrid,2016,regular_unleaded,188.0,4.0,automatic,front_wheel_drive,4.0,hybrid,midsize,sedan,41,44,5657,25675
chevrolet,sonic,2016,regular_unleaded,138.0,4.0,manual,front_wheel_drive,4.0,,compact,sedan,34,27,1385,20095
scion,tc,2016,regular_unleaded,179.0,4.0,automatic,front_wheel_drive,2.0,hatchback,compact,2dr_hatchback,31,23,105,20535
gmc,yukon_xl,2016,flex-fuel_(unleaded/e85),355.0,8.0,automatic,rear_wheel_drive,4.0,"flex_fuel,performance",large,4dr_suv,23,16,549,59700
chevrolet,silverado_1500,2015,flex-fuel_(unleaded/e85),285.0,6.0,automatic,rear_wheel_drive,2.0,flex_fuel,large,regular_cab_pickup,24,18,1385,33340
chrysler,concorde,2002,regular_unleaded,250.0,6.0,automatic,four_wheel_drive,4.0,performance,large,sedan,24,16,1013,28415
suzuki,sidekick,1997,regular_unleaded,95.0,4.0,manual,four_wheel_drive,4.0,,compact,4dr_suv,24,21,481,2000
chevrolet,cobalt,2009,regular_unleaded,155.0,4.0,manual,front_wheel_drive,4.0,,compact,sedan,35,25,1385,15660
ford,e-series_wagon,2014,flex-fuel_(unleaded/e85),255.0,8.0,automatic,rear_wheel_drive,3.0,flex_fuel,midsize,passenger_van,15,11,5657,35860
gmc,jimmy,2000,regular_unleaded,190.0,6.0,unknown,rear_wheel_drive,2.0,,compact,2dr_suv,20,15,549,2407
gmc,yukon_hybrid,2011,regular_unleaded,332.0,8.0,automatic,four_wheel_drive,4.0,"luxury,hybrid",large,4dr_suv,23,20,549,54420
chevrolet,silverado_1500,2017,regular_unleaded,355.0,8.0,automatic,rear_wheel_drive,4.0,,large,crew_cab_pickup,22,16,1385,44050
cadillac,cts-v_coupe,2015,premium_unleaded_(required),556.0,8.0,manual,rear_wheel_drive,2.0,"factory_tuner,luxury,high-performance",midsize,coupe,19,14,1624,69900
nissan,armada,2014,regular_unleaded,317.0,8.0,automatic,rear_wheel_drive,4.0,flex_fuel,large,4dr_suv,19,13,2009,49960
bmw,z4,2015,premium_unleaded_(required),300.0,6.0,automated_manual,rear_wheel_drive,2.0,"luxury,high-performance",compact,convertible,24,17,3916,56950
volkswagen,beetle,2016,regular_unleaded,170.0,4.0,automatic,front_wheel_drive,2.0,hatchback,compact,2dr_hatchback,34,25,873,19795
bentley,continental_gt,2015,premium_unleaded_(required),500.0,8.0,automatic,all_wheel_drive,2.0,"exotic,luxury,high-performance",midsize,coupe,25,15,520,187900
suzuki,equator,2010,regular_unleaded,261.0,6.0,automatic,four_wheel_drive,4.0,,compact,crew_cab_pickup,19,15,481,28850
volkswagen,rabbit,2009,regular_unleaded,170.0,5.0,manual,front_wheel_drive,2.0,hatchback,compact,2dr_hatchback,30,21,873,16300
chevrolet,silverado_1500,2016,flex-fuel_(unleaded/e85),285.0,6.0,automatic,rear_wheel_drive,2.0,flex_fuel,large,regular_cab_pickup,24,18,1385,33170
hyundai,santa_fe,2015,regular_unleaded,290.0,6.0,automatic,all_wheel_drive,4.0,crossover,midsize,4dr_suv,24,18,1439,36000
chevrolet,camaro,2015,premium_unleaded_(required),505.0,8.0,manual,rear_wheel_drive,2.0,"factory_tuner,high-performance",midsize,coupe,19,13,1385,72305
toyota,tundra,2015,regular_unleaded,381.0,8.0,automatic,rear_wheel_drive,4.0,,large,extended_cab_pickup,18,13,2031,31990
acura,mdx,2015,premium_unleaded_(recommended),290.0,6.0,automatic,front_wheel_drive,4.0,"crossover,luxury",midsize,4dr_suv,28,20,204,42565
chevrolet,monte_carlo,2007,flex-fuel_(unleaded/e85),211.0,6.0,automatic,front_wheel_drive,2.0,flex_fuel,midsize,coupe,29,19,1385,22625
acura,integra,1999,regular_unleaded,140.0,4.0,manual,front_wheel_drive,4.0,luxury,compact,sedan,29,22,204,3000
subaru,impreza,2016,regular_unleaded,148.0,4.0,automatic,all_wheel_drive,4.0,,compact,sedan,37,28,640,22595
volvo,v50,2010,premium_unleaded_(recommended),227.0,5.0,manual,all_wheel_drive,4.0,luxury,compact,wagon,26,20,870,33050
gmc,sierra_classic_1500,1999,regular_unleaded,200.0,8.0,automatic,four_wheel_drive,3.0,,large,extended_cab_pickup,16,12,549,4827
saab,9-3,2011,premium_unleaded_(recommended),210.0,4.0,automatic,front_wheel_drive,2.0,luxury,compact,convertible,27,19,376,45080
dodge,daytona,1993,regular_unleaded,224.0,4.0,manual,front_wheel_drive,2.0,"hatchback,factory_tuner,performance",compact,2dr_hatchback,24,17,1851,2000
volkswagen,jetta,2015,diesel,150.0,4.0,manual,front_wheel_drive,4.0,diesel,midsize,sedan,46,31,873,26410
infiniti,g_coupe,2013,premium_unleaded_(recommended),348.0,6.0,automatic,rear_wheel_drive,2.0,"factory_tuner,luxury,high-performance",midsize,coupe,27,19,190,53100
toyota,tundra,2015,flex-fuel_(unleaded/e85),381.0,8.0,automatic,four_wheel_drive,4.0,flex_fuel,large,extended_cab_pickup,17,13,2031,33390
cadillac,escalade,2016,premium_unleaded_(recommended),420.0,8.0,automatic,rear_wheel_drive,4.0,"luxury,performance",large,4dr_suv,22,15,1624,81545
volvo,240,1992,regular_unleaded,114.0,4.0,manual,rear_wheel_drive,4.0,luxury,midsize,sedan,26,19,870,2000
mazda,b-series_pickup,1998,regular_unleaded,119.0,4.0,manual,rear_wheel_drive,4.0,,compact,extended_cab_pickup,24,19,586,2717
dodge,ram_pickup_1500,2008,regular_unleaded,345.0,8.0,automatic,rear_wheel_drive,4.0,,large,crew_cab_pickup,19,13,1851,36230
suzuki,forenza,2007,regular_unleaded,127.0,4.0,automatic,front_wheel_drive,4.0,,compact,wagon,27,19,481,16949
lexus,rx_300,2001,premium_unleaded_(required),220.0,6.0,automatic,front_wheel_drive,4.0,"crossover,luxury",midsize,4dr_suv,21,17,454,33955
ford,transit_connect,2017,flex-fuel_(unleaded/e85),169.0,4.0,automatic,front_wheel_drive,4.0,,compact,cargo_minivan,27,20,5657,24425
chevrolet,prizm,2001,regular_unleaded,125.0,4.0,manual,front_wheel_drive,4.0,,compact,sedan,37,27,1385,14155
suzuki,forenza,2006,regular_unleaded,126.0,4.0,manual,front_wheel_drive,4.0,,compact,sedan,28,20,481,13799
toyota,previa,1995,regular_unleaded,161.0,4.0,automatic,rear_wheel_drive,3.0,,compact,passenger_minivan,20,16,2031,2000
volvo,xc60,2015,regular_unleaded,302.0,4.0,automatic,front_wheel_drive,4.0,"crossover,luxury,performance",midsize,4dr_suv,30,22,870,41150
gmc,sonoma,2002,regular_unleaded,190.0,6.0,automatic,four_wheel_drive,3.0,,compact,extended_cab_pickup,18,14,549,20793
fiat,500e,2017,electric,,0.0,direct_drive,front_wheel_drive,2.0,hatchback,compact,2dr_hatchback,103,121,819,31800
audi,a3,2016,diesel,150.0,4.0,automated_manual,front_wheel_drive,4.0,"diesel,luxury",compact,sedan,43,31,3105,42050
suzuki,forenza,2008,regular_unleaded,127.0,4.0,automatic,front_wheel_drive,4.0,,compact,sedan,28,19,481,16089
scion,tc,2014,regular_unleaded,179.0,4.0,automatic,front_wheel_drive,2.0,hatchback,compact,2dr_hatchback,31,23,105,22440
pontiac,g8,2009,regular_unleaded,355.0,8.0,automatic,rear_wheel_drive,4.0,high-performance,large,sedan,24,15,210,31755
toyota,sequoia,2016,regular_unleaded,381.0,8.0,automatic,rear_wheel_drive,4.0,,large,4dr_suv,17,13,2031,54115
acura,tl,2014,premium_unleaded_(recommended),305.0,6.0,manual,all_wheel_drive,4.0,"luxury,performance",midsize,sedan,25,17,204,43310
nissan,versa_note,2017,regular_unleaded,109.0,4.0,automatic,front_wheel_drive,4.0,hatchback,compact,4dr_hatchback,39,31,2009,17980
chevrolet,corvette,2017,premium_unleaded_(required),650.0,8.0,manual,rear_wheel_drive,2.0,"factory_tuner,high-performance",compact,coupe,22,15,1385,83015
ford,f-150,2016,flex-fuel_(unleaded/e85),385.0,8.0,automatic,four_wheel_drive,4.0,flex_fuel,large,crew_cab_pickup,21,15,5657,56235
bmw,4_series,2017,premium_unleaded_(recommended),320.0,6.0,automatic,all_wheel_drive,2.0,"luxury,performance",midsize,convertible,30,20,3916,59300
audi,s3,2015,premium_unleaded_(required),292.0,4.0,automated_manual,all_wheel_drive,4.0,"factory_tuner,luxury,high-performance",compact,sedan,31,23,3105,47000
cadillac,cts_coupe,2014,regular_unleaded,318.0,6.0,automatic,all_wheel_drive,2.0,"luxury,performance",midsize,coupe,27,18,1624,41495
subaru,impreza,2016,regular_unleaded,148.0,4.0,manual,all_wheel_drive,4.0,,compact,sedan,34,25,640,18295
chrysler,sebring,2008,regular_unleaded,173.0,4.0,automatic,front_wheel_drive,2.0,,midsize,convertible,30,21,1013,26600
ford,transit_wagon,2015,flex-fuel_(unleaded/e85),275.0,6.0,automatic,rear_wheel_drive,3.0,flex_fuel,large,passenger_van,19,14,5657,35430
volkswagen,beetle_convertible,2015,regular_unleaded,170.0,4.0,automatic,front_wheel_drive,2.0,,compact,convertible,32,24,873,27475
volvo,v60,2015,regular_unleaded,325.0,6.0,automatic,all_wheel_drive,4.0,"luxury,high-performance",midsize,wagon,28,19,870,45150
mazda,3,2016,regular_unleaded,184.0,4.0,manual,front_wheel_drive,4.0,performance,compact,sedan,37,25,586,24745
lexus,rx_350,2017,regular_unleaded,295.0,6.0,automatic,front_wheel_drive,4.0,"crossover,luxury",midsize,4dr_suv,27,20,454,48920
toyota,tacoma,2016,regular_unleaded,278.0,6.0,automatic,four_wheel_drive,4.0,,compact,crew_cab_pickup,23,18,2031,34700
gmc,vandura,1995,regular_unleaded,165.0,6.0,automatic,rear_wheel_drive,3.0,,compact,cargo_van,20,15,549,2000
audi,a3,2015,diesel,150.0,4.0,automated_manual,front_wheel_drive,4.0,"diesel,luxury",compact,sedan,43,31,3105,32600
volkswagen,golf,2015,regular_unleaded,170.0,4.0,automatic,front_wheel_drive,4.0,hatchback,compact,4dr_hatchback,36,25,873,24895
mazda,b-series_pickup,1999,flex-fuel_(unleaded/e85),150.0,6.0,manual,four_wheel_drive,2.0,flex_fuel,compact,regular_cab_pickup,20,16,586,3011
gmc,terrain,2016,regular_unleaded,182.0,4.0,automatic,front_wheel_drive,4.0,crossover,compact,4dr_suv,32,22,549,26800
ford,f-150_heritage,2004,regular_unleaded,202.0,6.0,manual,rear_wheel_drive,2.0,,large,regular_cab_pickup,19,15,5657,23160
ford,windstar_cargo,2001,regular_unleaded,200.0,6.0,automatic,front_wheel_drive,3.0,,midsize,cargo_minivan,22,16,5657,20220
lotus,exige,2011,premium_unleaded_(recommended),257.0,4.0,manual,rear_wheel_drive,2.0,"exotic,high-performance",compact,coupe,26,20,613,70750
honda,accord,2016,regular_unleaded,185.0,4.0,automatic,front_wheel_drive,2.0,,midsize,coupe,35,26,2202,24725
chrysler,concorde,2003,regular_unleaded,250.0,6.0,automatic,front_wheel_drive,4.0,performance,large,sedan,25,17,1013,28805
suzuki,reno,2008,regular_unleaded,127.0,4.0,manual,front_wheel_drive,4.0,hatchback,compact,4dr_hatchback,28,20,481,13839
ford,probe,1996,regular_unleaded,118.0,4.0,manual,front_wheel_drive,2.0,hatchback,compact,2dr_hatchback,30,23,5657,2000
bentley,brooklands,2010,premium_unleaded_(required),530.0,8.0,automatic,rear_wheel_drive,2.0,"exotic,luxury,high-performance",large,coupe,15,9,520,340990
volkswagen,golf,2015,diesel,150.0,4.0,automated_manual,front_wheel_drive,4.0,"hatchback,diesel",compact,4dr_hatchback,43,31,873,23445
lexus,ls_400,1998,regular_unleaded,290.0,8.0,automatic,rear_wheel_drive,4.0,luxury,midsize,sedan,23,17,454,4207
chevrolet,caprice,1995,regular_unleaded,200.0,8.0,automatic,rear_wheel_drive,4.0,,large,sedan,24,16,1385,2000
cadillac,escalade_esv,2015,flex-fuel_(unleaded/e85),420.0,8.0,automatic,four_wheel_drive,4.0,"flex_fuel,luxury,performance",large,4dr_suv,20,14,1624,82570
nissan,truck,1997,regular_unleaded,134.0,4.0,manual,rear_wheel_drive,2.0,,compact,regular_cab_pickup,23,19,2009,2391
volkswagen,passat,2015,regular_unleaded,170.0,4.0,automatic,front_wheel_drive,4.0,,midsize,sedan,36,24,873,28105
bmw,1_series,2013,premium_unleaded_(required),230.0,6.0,manual,rear_wheel_drive,2.0,luxury,compact,convertible,28,19,3916,37200
mitsubishi,eclipse_spyder,2012,premium_unleaded_(recommended),265.0,6.0,automatic,front_wheel_drive,2.0,performance,compact,convertible,24,16,436,32599
audi,a3,2016,premium_unleaded_(recommended),220.0,4.0,automated_manual,all_wheel_drive,4.0,luxury,compact,sedan,33,24,3105,36900
acura,cl,2002,premium_unleaded_(required),225.0,6.0,automatic,front_wheel_drive,2.0,luxury,midsize,coupe,27,17,204,28030
fiat,500e,2016,electric,,0.0,direct_drive,front_wheel_drive,2.0,hatchback,compact,2dr_hatchback,103,121,819,31800
toyota,camry_solara,2007,regular_unleaded,210.0,6.0,automatic,front_wheel_drive,2.0,,midsize,convertible,26,18,2031,29460
lexus,is_350,2014,premium_unleaded_(required),306.0,6.0,automatic,rear_wheel_drive,4.0,"luxury,high-performance",midsize,sedan,28,19,454,39615
volkswagen,beetle_convertible,2015,premium_unleaded_(recommended),210.0,4.0,automated_manual,front_wheel_drive,2.0,performance,compact,convertible,29,23,873,30995
gmc,envoy,2009,regular_unleaded,285.0,6.0,automatic,four_wheel_drive,4.0,,midsize,4dr_suv,20,14,549,35615
bmw,3_series,2015,premium_unleaded_(required),240.0,4.0,automatic,rear_wheel_drive,4.0,"luxury,performance",midsize,sedan,35,23,3916,37500
lexus,ls_600h_l,2016,premium_unleaded_(required),438.0,8.0,automatic,all_wheel_drive,4.0,"luxury,high-performance,hybrid",large,sedan,23,19,454,120440
mazda,b-series_pickup,2000,flex-fuel_(unleaded/e85),143.0,6.0,manual,four_wheel_drive,2.0,flex_fuel,compact,regular_cab_pickup,20,15,586,3190
dodge,ram_van,1998,regular_unleaded,230.0,8.0,automatic,rear_wheel_drive,3.0,,large,cargo_van,17,12,1851,2245
toyota,tacoma,2016,regular_unleaded,159.0,4.0,automatic,rear_wheel_drive,4.0,,compact,extended_cab_pickup,23,19,2031,25745
toyota,tacoma,2017,regular_unleaded,159.0,4.0,automatic,rear_wheel_drive,4.0,,compact,crew_cab_pickup,23,19,2031,27095
suzuki,grand_vitara,2011,regular_unleaded,166.0,4.0,automatic,four_wheel_drive,4.0,crossover,compact,4dr_suv,23,19,481,22899
oldsmobile,alero,2003,regular_unleaded,140.0,4.0,automatic,front_wheel_drive,2.0,,midsize,coupe,30,21,26,18085
subaru,xv_crosstrek,2015,regular_unleaded,160.0,4.0,automatic,all_wheel_drive,4.0,"crossover,hybrid",compact,4dr_suv,34,30,640,25995
ford,taurus_x,2008,regular_unleaded,260.0,6.0,automatic,all_wheel_drive,4.0,crossover,large,wagon,22,15,5657,31620
ford,taurus,2016,flex-fuel_(unleaded/e85),288.0,6.0,automatic,all_wheel_drive,4.0,"flex_fuel,performance",large,sedan,24,17,5657,31390
chevrolet,silverado_1500,2017,regular_unleaded,355.0,8.0,automatic,four_wheel_drive,4.0,,large,extended_cab_pickup,20,15,1385,46180
oldsmobile,lss,1999,regular_unleaded,240.0,6.0,automatic,front_wheel_drive,4.0,,large,sedan,25,16,26,2681
suzuki,vitara,2002,regular_unleaded,127.0,4.0,manual,rear_wheel_drive,2.0,,compact,convertible_suv,24,20,481,15999
bentley,continental_gtc_speed,2011,flex-fuel_(premium_unleaded_required/e85),600.0,12.0,automatic,all_wheel_drive,2.0,"exotic,flex_fuel,factory_tuner,luxury,high-performance",midsize,convertible,17,10,520,236100
nissan,juke,2016,premium_unleaded_(required),215.0,4.0,automatic,all_wheel_drive,4.0,"crossover,hatchback,factory_tuner,performance",compact,4dr_hatchback,29,25,2009,30020
acura,tl,2012,premium_unleaded_(required),305.0,6.0,automatic,all_wheel_drive,4.0,"luxury,performance",midsize,sedan,26,18,204,45185
mitsubishi,lancer_sportback,2014,regular_unleaded,168.0,4.0,automatic,front_wheel_drive,4.0,hatchback,compact,4dr_hatchback,29,22,436,21945
ford,f-150_heritage,2004,regular_unleaded,231.0,8.0,automatic,four_wheel_drive,4.0,,large,extended_cab_pickup,17,13,5657,26160
toyota,sienna,2017,regular_unleaded,296.0,6.0,automatic,front_wheel_drive,4.0,,large,passenger_minivan,27,19,2031,29750
nissan,370z,2016,premium_unleaded_(required),332.0,6.0,automatic,rear_wheel_drive,2.0,high-performance,compact,convertible,25,18,2009,46570
scion,xa,2004,regular_unleaded,108.0,4.0,automatic,front_wheel_drive,4.0,hatchback,compact,4dr_hatchback,34,27,105,13280
pontiac,g5,2009,regular_unleaded,155.0,4.0,manual,front_wheel_drive,2.0,,compact,coupe,37,25,210,16980
acura,cl,2002,premium_unleaded_(required),225.0,6.0,automatic,front_wheel_drive,2.0,luxury,midsize,coupe,27,17,204,30030
infiniti,q50,2016,premium_unleaded_(required),300.0,6.0,automatic,all_wheel_drive,4.0,"luxury,performance",midsize,sedan,27,19,190,41900
maserati,granturismo_convertible,2016,premium_unleaded_(required),454.0,8.0,automatic,rear_wheel_drive,2.0,"exotic,factory_tuner,luxury,high-performance",midsize,convertible,20,13,238,161070
mazda,3,2017,regular_unleaded,155.0,4.0,manual,front_wheel_drive,4.0,,midsize,sedan,37,27,586,17845
infiniti,g_coupe,2013,premium_unleaded_(recommended),348.0,6.0,manual,rear_wheel_drive,2.0,"factory_tuner,luxury,high-performance",midsize,coupe,25,17,190,51200
subaru,forester,2016,regular_unleaded,170.0,4.0,manual,all_wheel_drive,4.0,crossover,midsize,4dr_suv,29,22,640,25295
suzuki,aerio,2005,regular_unleaded,155.0,4.0,manual,front_wheel_drive,4.0,,compact,wagon,28,22,481,15949
nissan,350z,2009,regular_unleaded,306.0,6.0,manual,rear_wheel_drive,2.0,high-performance,compact,convertible,24,17,2009,39220
cadillac,eldorado,2001,regular_unleaded,300.0,8.0,automatic,front_wheel_drive,2.0,luxury,large,coupe,25,15,1624,44011
kia,forte,2017,regular_unleaded,147.0,4.0,automatic,front_wheel_drive,4.0,,compact,sedan,38,29,1720,17500
mercedes-benz,c-class,2017,premium_unleaded_(required),241.0,4.0,automatic,rear_wheel_drive,4.0,luxury,midsize,sedan,34,24,617,39500
volkswagen,eurovan,2001,premium_unleaded_(required),201.0,6.0,automatic,front_wheel_drive,3.0,,large,passenger_minivan,18,15,873,26200
volvo,s40,2009,premium_unleaded_(recommended),227.0,5.0,automatic,all_wheel_drive,4.0,luxury,compact,sedan,26,18,870,33800
chevrolet,c/k_1500_series,1997,regular_unleaded,200.0,6.0,manual,four_wheel_drive,2.0,,large,regular_cab_pickup,18,14,1385,2541
mazda,mx-5_miata,2014,premium_unleaded_(recommended),167.0,4.0,manual,rear_wheel_drive,2.0,performance,compact,convertible,28,22,586,23720
gmc,sierra_1500_classic,2007,regular_unleaded,285.0,8.0,automatic,four_wheel_drive,4.0,flex_fuel,large,extended_cab_pickup,18,14,549,29380
dodge,ram_pickup_1500,2009,regular_unleaded,210.0,6.0,automatic,rear_wheel_drive,4.0,flex_fuel,large,crew_cab_pickup,20,14,1851,25575
honda,element,2011,regular_unleaded,166.0,4.0,automatic,all_wheel_drive,4.0,crossover,compact,4dr_suv,24,19,2202,24185
volkswagen,jetta_hybrid,2014,premium_unleaded_(required),170.0,4.0,automated_manual,front_wheel_drive,4.0,hybrid,midsize,sedan,48,42,873,25560
mazda,cx-9,2015,regular_unleaded,273.0,6.0,automatic,front_wheel_drive,4.0,crossover,large,4dr_suv,24,17,586,32480
buick,verano,2016,premium_unleaded_(recommended),250.0,4.0,automatic,front_wheel_drive,4.0,performance,midsize,sedan,30,21,155,28670
pontiac,grand_prix,2008,regular_unleaded,303.0,8.0,automatic,front_wheel_drive,4.0,"factory_tuner,high-performance",large,sedan,25,16,210,29325
ford,edge,2016,premium_unleaded_(recommended),245.0,4.0,automatic,front_wheel_drive,4.0,crossover,midsize,4dr_suv,30,20,5657,35600
dodge,neon,2003,premium_unleaded_(required),215.0,4.0,manual,front_wheel_drive,4.0,"factory_tuner,performance",compact,sedan,27,19,1851,19450
lincoln,mkt,2017,regular_unleaded,303.0,6.0,automatic,front_wheel_drive,4.0,"crossover,luxury",large,wagon,24,16,61,43530
lamborghini,gallardo,2014,premium_unleaded_(required),570.0,10.0,manual,all_wheel_drive,2.0,"exotic,factory_tuner,high-performance",compact,convertible,20,13,1158,251600
cadillac,escalade_hybrid,2011,regular_unleaded,332.0,8.0,automatic,four_wheel_drive,4.0,"luxury,hybrid",large,4dr_suv,23,20,1624,76685
lamborghini,gallardo,2014,premium_unleaded_(required),560.0,10.0,manual,rear_wheel_drive,2.0,"exotic,high-performance",compact,coupe,20,15,1158,198900
toyota,avalon_hybrid,2017,regular_unleaded,200.0,4.0,automatic,front_wheel_drive,4.0,hybrid,midsize,sedan,39,40,2031,38700
chevrolet,silverado_1500,2016,flex-fuel_(unleaded/e85),285.0,6.0,automatic,four_wheel_drive,2.0,flex_fuel,large,regular_cab_pickup,22,17,1385,38890
toyota,prius,2016,regular_unleaded,121.0,4.0,automatic,front_wheel_drive,4.0,"hatchback,hybrid",compact,4dr_hatchback,50,54,2031,30000
chevrolet,venture,2003,regular_unleaded,185.0,6.0,automatic,all_wheel_drive,4.0,,midsize,passenger_minivan,22,16,1385,31790
acura,legend,1993,regular_unleaded,230.0,6.0,manual,front_wheel_drive,2.0,"luxury,performance",midsize,coupe,23,15,204,2000
mazda,3,2015,regular_unleaded,155.0,4.0,manual,front_wheel_drive,4.0,hatchback,compact,4dr_hatchback,40,29,586,18945
mercedes-benz,600-class,1992,regular_unleaded,402.0,12.0,automatic,rear_wheel_drive,4.0,luxury,large,sedan,14,10,617,2960
lexus,lfa,2012,premium_unleaded_(required),552.0,10.0,automated_manual,rear_wheel_drive,2.0,"exotic,luxury,high-performance",compact,coupe,16,11,454,375000
suzuki,x-90,1997,regular_unleaded,95.0,4.0,manual,rear_wheel_drive,2.0,,compact,2dr_suv,26,22,481,2000
dodge,magnum,2007,regular_unleaded,340.0,8.0,automatic,rear_wheel_drive,4.0,performance,large,wagon,23,15,1851,31515
chevrolet,equinox,2015,regular_unleaded,182.0,4.0,automatic,front_wheel_drive,4.0,"crossover,flex_fuel",compact,4dr_suv,32,22,1385,31920
dodge,ramcharger,1991,regular_unleaded,170.0,8.0,automatic,rear_wheel_drive,2.0,,midsize,2dr_suv,12,11,1851,2000
toyota,highlander,2016,regular_unleaded,185.0,4.0,automatic,front_wheel_drive,4.0,crossover,midsize,4dr_suv,25,20,2031,30490
ford,thunderbird,2004,premium_unleaded_(required),280.0,8.0,automatic,rear_wheel_drive,2.0,performance,midsize,convertible,21,15,5657,37435
bmw,6_series,2015,premium_unleaded_(required),315.0,6.0,automatic,all_wheel_drive,2.0,"luxury,performance",midsize,convertible,29,20,3916,86600
rolls-royce,ghost,2014,premium_unleaded_(required),563.0,12.0,automatic,rear_wheel_drive,4.0,"exotic,luxury,performance",large,sedan,21,13,86,263200
dodge,ram_150,1991,regular_unleaded,125.0,6.0,unknown,rear_wheel_drive,2.0,,large,regular_cab_pickup,17,12,1851,2000
suzuki,xl7,2009,regular_unleaded,252.0,6.0,automatic,all_wheel_drive,4.0,crossover,midsize,4dr_suv,23,16,481,27395
ford,fusion_hybrid,2015,regular_unleaded,188.0,4.0,automatic,front_wheel_drive,4.0,hybrid,midsize,sedan,41,44,5657,27380
mazda,cx-5,2015,regular_unleaded,184.0,4.0,automatic,all_wheel_drive,4.0,crossover,midsize,4dr_suv,30,24,586,24395
chevrolet,traverse,2016,regular_unleaded,281.0,6.0,automatic,front_wheel_drive,4.0,crossover,midsize,4dr_suv,22,15,1385,28700
nissan,nv200,2017,regular_unleaded,131.0,4.0,automatic,front_wheel_drive,4.0,,compact,cargo_minivan,26,24,2009,22230
gmc,canyon,2016,regular_unleaded,200.0,4.0,manual,rear_wheel_drive,4.0,,compact,extended_cab_pickup,26,19,549,20955
volkswagen,gti,2013,premium_unleaded_(recommended),200.0,4.0,automated_manual,front_wheel_drive,4.0,"hatchback,performance",compact,4dr_hatchback,33,24,873,29895
suzuki,equator,2011,regular_unleaded,261.0,6.0,automatic,four_wheel_drive,4.0,,compact,crew_cab_pickup,19,14,481,29150
gmc,sonoma,2003,flex-fuel_(unleaded/e85),120.0,4.0,manual,rear_wheel_drive,3.0,flex_fuel,compact,extended_cab_pickup,25,19,549,18270
honda,pilot,2017,regular_unleaded,280.0,6.0,automatic,front_wheel_drive,4.0,crossover,midsize,4dr_suv,27,19,2202,34030
kia,rondo,2009,regular_unleaded,192.0,6.0,automatic,front_wheel_drive,4.0,,compact,wagon,26,18,1720,22295
mitsubishi,outlander,2015,premium_unleaded_(recommended),224.0,6.0,automatic,all_wheel_drive,4.0,crossover,midsize,4dr_suv,28,20,436,28195
oldsmobile,alero,2002,regular_unleaded,170.0,6.0,automatic,front_wheel_drive,2.0,,midsize,coupe,27,18,26,22395
dodge,shadow,1994,regular_unleaded,100.0,4.0,manual,front_wheel_drive,2.0,hatchback,compact,2dr_hatchback,27,21,1851,2000
dodge,ram_cargo,2003,regular_unleaded,175.0,6.0,automatic,rear_wheel_drive,3.0,,midsize,cargo_van,15,13,1851,20080
volkswagen,tiguan,2015,premium_unleaded_(recommended),200.0,4.0,automatic,front_wheel_drive,4.0,crossover,compact,4dr_suv,26,21,873,33590
dodge,ram_150,1993,regular_unleaded,230.0,8.0,manual,four_wheel_drive,2.0,,large,extended_cab_pickup,15,12,1851,2008
chevrolet,sonic,2016,regular_unleaded,138.0,4.0,automatic,front_wheel_drive,4.0,,compact,sedan,33,25,1385,21495
volkswagen,e-golf,2015,electric,115.0,,direct_drive,front_wheel_drive,4.0,hatchback,compact,4dr_hatchback,105,126,873,35445
chevrolet,s-10_blazer,1992,regular_unleaded,160.0,6.0,manual,four_wheel_drive,2.0,,compact,2dr_suv,20,15,1385,2000
toyota,tundra,2015,regular_unleaded,381.0,8.0,automatic,rear_wheel_drive,4.0,,large,extended_cab_pickup,18,13,2031,30340
dodge,ram_pickup_1500,2010,flex-fuel_(unleaded/e85),310.0,8.0,automatic,four_wheel_drive,2.0,flex_fuel,large,regular_cab_pickup,18,13,1851,28425
hyundai,elantra,2015,regular_unleaded,145.0,4.0,manual,front_wheel_drive,4.0,,compact,sedan,37,27,1439,17250
chevrolet,silverado_1500,2016,flex-fuel_(unleaded/e85),285.0,6.0,automatic,rear_wheel_drive,4.0,flex_fuel,large,extended_cab_pickup,24,18,1385,32955
lexus,is_250,2014,premium_unleaded_(required),204.0,6.0,automatic,rear_wheel_drive,4.0,luxury,midsize,sedan,30,21,454,36100
nissan,pathfinder,2017,regular_unleaded,284.0,6.0,automatic,front_wheel_drive,4.0,crossover,large,4dr_suv,27,20,2009,42070
tesla,model_s,2016,electric,,0.0,direct_drive,all_wheel_drive,,"exotic,performance",large,sedan,107,101,1391,71000
suzuki,esteem,2002,regular_unleaded,122.0,4.0,automatic,front_wheel_drive,4.0,,compact,sedan,30,23,481,14299
dodge,challenger,2017,regular_unleaded,375.0,8.0,manual,rear_wheel_drive,2.0,high-performance,large,coupe,23,15,1851,32890
bmw,2_series,2017,premium_unleaded_(recommended),335.0,6.0,automatic,rear_wheel_drive,2.0,"factory_tuner,luxury,high-performance",compact,coupe,32,21,3916,44450
mitsubishi,outlander_sport,2015,regular_unleaded,168.0,4.0,automatic,front_wheel_drive,4.0,crossover,compact,4dr_suv,28,23,436,23595
volkswagen,gti,2012,premium_unleaded_(recommended),200.0,4.0,manual,front_wheel_drive,2.0,"hatchback,performance",compact,2dr_hatchback,31,21,873,23995
kia,cadenza,2015,regular_unleaded,293.0,6.0,automatic,front_wheel_drive,4.0,performance,midsize,sedan,28,19,1720,43800
ford,f-150,2017,regular_unleaded,450.0,6.0,automatic,four_wheel_drive,4.0,,large,extended_cab_pickup,18,15,5657,48325
scion,iq,2015,regular_unleaded,94.0,4.0,automatic,front_wheel_drive,2.0,hatchback,compact,2dr_hatchback,37,36,105,15665
volkswagen,jetta,2015,premium_unleaded_(recommended),210.0,4.0,manual,front_wheel_drive,4.0,"factory_tuner,performance",midsize,sedan,33,23,873,29280
cadillac,cts,2016,premium_unleaded_(required),420.0,6.0,automatic,rear_wheel_drive,4.0,"factory_tuner,luxury,high-performance",large,sedan,24,16,1624,59955
volvo,xc90,2016,premium_unleaded_(recommended),250.0,4.0,automatic,front_wheel_drive,4.0,"crossover,luxury",large,4dr_suv,26,22,870,49350
gmc,sierra_1500,2016,regular_unleaded,355.0,8.0,automatic,rear_wheel_drive,4.0,flex_fuel,large,crew_cab_pickup,23,16,549,37625
maserati,granturismo,2015,premium_unleaded_(required),454.0,8.0,automatic,rear_wheel_drive,2.0,"exotic,luxury,high-performance",large,coupe,21,13,238,132825
nissan,murano_crosscabriolet,2013,premium_unleaded_(recommended),265.0,6.0,automatic,all_wheel_drive,2.0,crossover,midsize,convertible_suv,22,17,2009,44540
ford,f-150,2016,regular_unleaded,325.0,6.0,automatic,four_wheel_drive,4.0,flex_fuel,large,extended_cab_pickup,23,18,5657,43490
ford,flex,2015,regular_unleaded,287.0,6.0,automatic,front_wheel_drive,4.0,crossover,large,wagon,25,18,5657,32100
suzuki,equator,2010,regular_unleaded,261.0,6.0,automatic,rear_wheel_drive,4.0,,compact,crew_cab_pickup,20,15,481,25125
buick,verano,2016,regular_unleaded,180.0,4.0,automatic,front_wheel_drive,4.0,,midsize,sedan,32,21,155,23480
chevrolet,trax,2016,regular_unleaded,138.0,4.0,automatic,front_wheel_drive,4.0,crossover,compact,4dr_suv,34,26,1385,25230
ford,transit_connect,2015,regular_unleaded,169.0,4.0,automatic,front_wheel_drive,4.0,,compact,cargo_minivan,29,21,5657,24855
dodge,durango,2017,regular_unleaded,295.0,6.0,automatic,rear_wheel_drive,4.0,"crossover,performance",large,4dr_suv,26,19,1851,42490
chevrolet,hhr,2009,premium_unleaded_(recommended),260.0,4.0,manual,front_wheel_drive,4.0,"factory_tuner,performance",compact,wagon,29,21,1385,24815
bentley,supersports_convertible_isr,2013,flex-fuel_(premium_unleaded_required/e85),631.0,12.0,automatic,all_wheel_drive,2.0,"exotic,flex_fuel,factory_tuner,luxury,high-performance",midsize,convertible,19,12,520,291900
scion,xd,2013,regular_unleaded,128.0,4.0,automatic,front_wheel_drive,4.0,hatchback,compact,4dr_hatchback,33,27,105,18955
honda,pilot,2017,regular_unleaded,280.0,6.0,automatic,all_wheel_drive,4.0,crossover,midsize,4dr_suv,26,18,2202,34830
gmc,sierra_1500_classic,2007,flex-fuel_(unleaded/e85),295.0,8.0,automatic,rear_wheel_drive,4.0,flex_fuel,large,extended_cab_pickup,19,14,549,29355
ferrari,458_italia,2014,premium_unleaded_(required),562.0,8.0,automated_manual,rear_wheel_drive,2.0,"exotic,high-performance",compact,convertible,17,13,2774,257412
chevrolet,malibu,2016,premium_unleaded_(recommended),250.0,4.0,automatic,front_wheel_drive,4.0,performance,midsize,sedan,33,22,1385,30920
volvo,s70,2000,regular_unleaded,190.0,5.0,automatic,all_wheel_drive,4.0,luxury,midsize,sedan,23,16,870,2637
suzuki,xl-7,2004,regular_unleaded,185.0,6.0,automatic,rear_wheel_drive,4.0,,midsize,4dr_suv,21,16,481,25799
mercedes-benz,sls_amg_gt,2013,premium_unleaded_(required),583.0,8.0,automated_manual,rear_wheel_drive,2.0,"exotic,factory_tuner,luxury,high-performance",compact,coupe,19,13,617,199500
cadillac,ats_coupe,2015,flex-fuel_(unleaded/e85),321.0,6.0,automatic,rear_wheel_drive,2.0,"flex_fuel,luxury,high-performance",compact,coupe,28,18,1624,50325
kia,sedona,2016,regular_unleaded,276.0,6.0,automatic,front_wheel_drive,4.0,,midsize,passenger_minivan,24,18,1720,26400
volkswagen,e-golf,2015,electric,115.0,,direct_drive,front_wheel_drive,4.0,hatchback,compact,4dr_hatchback,105,126,873,33450
audi,s4,2014,premium_unleaded_(required),333.0,6.0,automated_manual,all_wheel_drive,4.0,"factory_tuner,luxury,high-performance",midsize,sedan,28,18,3105,49500
cadillac,eldorado,2002,regular_unleaded,300.0,8.0,automatic,front_wheel_drive,2.0,luxury,large,coupe,25,16,1624,45265
infiniti,g_coupe,2011,premium_unleaded_(recommended),348.0,6.0,manual,rear_wheel_drive,2.0,"factory_tuner,luxury,high-performance",midsize,coupe,25,17,190,48900
volkswagen,cc,2016,premium_unleaded_(recommended),200.0,4.0,automated_manual,front_wheel_drive,4.0,performance,midsize,sedan,31,22,873,35755
toyota,avalon_hybrid,2016,regular_unleaded,200.0,4.0,automatic,front_wheel_drive,4.0,hybrid,midsize,sedan,39,40,2031,38100
buick,cascada,2016,premium_unleaded_(recommended),200.0,4.0,automatic,front_wheel_drive,2.0,,midsize,convertible,27,20,155,33065
suzuki,aerio,2007,regular_unleaded,155.0,4.0,manual,front_wheel_drive,4.0,,compact,sedan,28,22,481,14299
oldsmobile,cutlass_ciera,1992,regular_unleaded,160.0,6.0,automatic,front_wheel_drive,4.0,,midsize,wagon,27,17,26,2000
mercedes-benz,cla-class,2016,premium_unleaded_(required),208.0,4.0,automated_manual,all_wheel_drive,4.0,luxury,midsize,sedan,33,24,617,34050
land_rover,freelander,2003,regular_unleaded,174.0,6.0,automatic,all_wheel_drive,4.0,"crossover,luxury",compact,4dr_suv,19,15,258,27775
lexus,is_250,2015,premium_unleaded_(required),204.0,6.0,automatic,rear_wheel_drive,4.0,luxury,midsize,sedan,30,21,454,36550
buick,regal,2017,premium_unleaded_(recommended),259.0,4.0,automatic,all_wheel_drive,4.0,performance,midsize,sedan,27,19,155,34040
kia,optima_hybrid,2017,regular_unleaded,192.0,4.0,automatic,front_wheel_drive,4.0,hybrid,midsize,sedan,46,39,1720,25995
nissan,350z,2009,regular_unleaded,306.0,6.0,manual,rear_wheel_drive,2.0,high-performance,compact,convertible,24,17,2009,36870
pontiac,solstice,2009,premium_unleaded_(recommended),173.0,4.0,manual,rear_wheel_drive,2.0,performance,compact,convertible,25,19,210,29410
buick,electra,1990,regular_unleaded,165.0,6.0,automatic,front_wheel_drive,4.0,,midsize,sedan,25,16,155,2000
chevrolet,tracker,2002,regular_unleaded,155.0,6.0,automatic,four_wheel_drive,4.0,,compact,4dr_suv,19,16,1385,21510
cadillac,ats,2015,flex-fuel_(unleaded/e85),321.0,6.0,automatic,rear_wheel_drive,4.0,"flex_fuel,luxury,high-performance",compact,sedan,28,18,1624,41340
suzuki,forenza,2006,regular_unleaded,126.0,4.0,manual,front_wheel_drive,4.0,,compact,sedan,28,20,481,15099
ford,aspire,1995,regular_unleaded,63.0,4.0,manual,front_wheel_drive,2.0,hatchback,compact,2dr_hatchback,38,31,5657,2000
audi,a6,2016,premium_unleaded_(required),333.0,6.0,automatic,all_wheel_drive,4.0,"luxury,performance",midsize,sedan,30,20,3105,57400
toyota,corolla,2016,regular_unleaded,132.0,4.0,automatic,front_wheel_drive,4.0,,compact,sedan,36,27,2031,17900
volvo,xc70,2016,regular_unleaded,240.0,4.0,automatic,front_wheel_drive,4.0,"crossover,luxury",midsize,wagon,31,23,870,45675
honda,ridgeline,2017,regular_unleaded,280.0,6.0,automatic,all_wheel_drive,4.0,,large,crew_cab_pickup,25,18,2202,33315
volvo,740,1992,regular_unleaded,162.0,4.0,automatic,rear_wheel_drive,4.0,"luxury,performance",midsize,wagon,20,17,870,2000
mercedes-benz,b-class_electric_drive,2016,electric,177.0,0.0,direct_drive,front_wheel_drive,4.0,"hatchback,luxury",compact,4dr_hatchback,82,85,617,41450
cadillac,ats,2016,premium_unleaded_(recommended),272.0,4.0,automatic,rear_wheel_drive,4.0,"luxury,performance",midsize,sedan,31,22,1624,46110
pontiac,le_mans,1991,regular_unleaded,74.0,4.0,manual,front_wheel_drive,4.0,,compact,sedan,36,27,210,2000
mercedes-benz,300-class,1991,regular_unleaded,177.0,6.0,automatic,rear_wheel_drive,4.0,luxury,large,sedan,19,15,617,2232
gmc,envoy_xl,2006,regular_unleaded,291.0,6.0,automatic,four_wheel_drive,4.0,,large,4dr_suv,18,13,549,29630
toyota,sequoia,2015,flex-fuel_(unleaded/e85),381.0,8.0,automatic,four_wheel_drive,4.0,flex_fuel,large,4dr_suv,17,13,2031,64320
nissan,titan,2015,regular_unleaded,317.0,8.0,automatic,four_wheel_drive,4.0,flex_fuel,large,crew_cab_pickup,17,12,2009,36990
dodge,challenger,2016,premium_unleaded_(recommended),485.0,8.0,manual,rear_wheel_drive,2.0,"factory_tuner,high-performance",large,coupe,23,14,1851,49195
fiat,500x,2017,regular_unleaded,180.0,4.0,automatic,front_wheel_drive,4.0,crossover,compact,4dr_suv,30,22,819,23335
volkswagen,gli,2012,premium_unleaded_(recommended),200.0,4.0,manual,front_wheel_drive,4.0,performance,midsize,sedan,33,22,873,26695
dodge,ram_150,1992,regular_unleaded,180.0,6.0,manual,rear_wheel_drive,2.0,,large,regular_cab_pickup,17,14,1851,2000
aston_martin,db9,2014,premium_unleaded_(required),510.0,12.0,automatic,rear_wheel_drive,2.0,"exotic,high-performance",midsize,coupe,19,13,259,185800
land_rover,range_rover_sport,2016,premium_unleaded_(recommended),510.0,8.0,automatic,four_wheel_drive,4.0,"luxury,high-performance",midsize,4dr_suv,19,14,258,93295
ford,expedition,2017,regular_unleaded,365.0,6.0,automatic,four_wheel_drive,4.0,,large,4dr_suv,20,15,5657,49150
chevrolet,silverado_1500,2017,flex-fuel_(unleaded/e85),285.0,6.0,automatic,four_wheel_drive,2.0,flex_fuel,large,regular_cab_pickup,22,17,1385,39580
honda,pilot,2017,regular_unleaded,280.0,6.0,automatic,front_wheel_drive,4.0,crossover,midsize,4dr_suv,27,19,2202,37455
mitsubishi,mirage_g4,2017,regular_unleaded,78.0,3.0,manual,front_wheel_drive,4.0,,compact,sedan,40,33,436,13995
mazda,b-series_pickup,1999,regular_unleaded,160.0,6.0,manual,four_wheel_drive,4.0,,compact,extended_cab_pickup,19,15,586,3696
suzuki,kizashi,2011,regular_unleaded,180.0,4.0,automatic,front_wheel_drive,4.0,,midsize,sedan,30,23,481,24149
chevrolet,equinox,2015,regular_unleaded,182.0,4.0,automatic,front_wheel_drive,4.0,"crossover,flex_fuel",compact,4dr_suv,32,22,1385,24520
bentley,continental_gt,2016,premium_unleaded_(required),500.0,8.0,automatic,all_wheel_drive,2.0,"exotic,luxury,high-performance",midsize,coupe,25,15,520,198500
mazda,tribute,2009,regular_unleaded,171.0,4.0,automatic,all_wheel_drive,4.0,crossover,compact,4dr_suv,25,19,586,23545
chevrolet,silverado_1500_classic,2007,regular_unleaded,285.0,8.0,automatic,four_wheel_drive,4.0,,large,crew_cab_pickup,18,14,1385,28485
gmc,yukon_xl,2015,premium_unleaded_(recommended),420.0,8.0,automatic,four_wheel_drive,4.0,performance,large,4dr_suv,20,14,549,70220
volvo,xc60,2016,regular_unleaded,302.0,4.0,automatic,all_wheel_drive,4.0,"crossover,luxury,performance",midsize,4dr_suv,28,20,870,43350
ford,focus,2016,flex-fuel_(unleaded/e85),160.0,4.0,automated_manual,front_wheel_drive,4.0,"hatchback,flex_fuel",compact,4dr_hatchback,40,27,5657,23725
acura,tlx,2015,premium_unleaded_(recommended),206.0,4.0,automated_manual,front_wheel_drive,4.0,luxury,midsize,sedan,35,24,204,35500
pontiac,grand_prix,2006,regular_unleaded,260.0,6.0,automatic,front_wheel_drive,4.0,,midsize,sedan,26,17,210,24330
pontiac,sunbird,1994,regular_unleaded,140.0,6.0,manual,front_wheel_drive,2.0,,compact,coupe,26,17,210,2000
mazda,2,2012,regular_unleaded,100.0,4.0,manual,front_wheel_drive,4.0,hatchback,compact,4dr_hatchback,35,29,586,14530
subaru,b9_tribeca,2006,premium_unleaded_(required),250.0,6.0,automatic,all_wheel_drive,4.0,crossover,midsize,4dr_suv,21,16,640,34195
volkswagen,beetle,2016,premium_unleaded_(recommended),210.0,4.0,automated_manual,front_wheel_drive,2.0,"hatchback,performance",compact,2dr_hatchback,31,24,873,27095
dodge,ram_50_pickup,1991,regular_unleaded,143.0,6.0,manual,four_wheel_drive,2.0,,compact,regular_cab_pickup,20,15,1851,2000
chrysler,aspen,2009,regular_unleaded,303.0,8.0,automatic,rear_wheel_drive,4.0,performance,large,4dr_suv,19,14,1013,34730
pontiac,sunbird,1993,regular_unleaded,140.0,6.0,manual,front_wheel_drive,2.0,,compact,coupe,26,17,210,2000
suzuki,sx4,2011,regular_unleaded,150.0,4.0,manual,all_wheel_drive,4.0,"crossover,hatchback",compact,4dr_hatchback,30,22,481,18249
audi,80,1991,regular_unleaded,130.0,5.0,manual,front_wheel_drive,4.0,luxury,compact,sedan,24,18,3105,2000
buick,rendezvous,2005,regular_unleaded,185.0,6.0,automatic,all_wheel_drive,4.0,crossover,midsize,4dr_suv,22,16,155,29970
chevrolet,silverado_1500,2015,flex-fuel_(unleaded/e85),285.0,6.0,automatic,four_wheel_drive,4.0,flex_fuel,large,extended_cab_pickup,22,17,1385,35920
toyota,tacoma,2017,regular_unleaded,278.0,6.0,automatic,four_wheel_drive,4.0,,compact,crew_cab_pickup,23,18,2031,29735
chevrolet,corvette,2017,premium_unleaded_(recommended),460.0,8.0,manual,rear_wheel_drive,2.0,high-performance,compact,convertible,25,16,1385,68905
ford,fiesta,2015,regular_unleaded,120.0,4.0,manual,front_wheel_drive,4.0,hatchback,compact,4dr_hatchback,36,28,5657,14855
mazda,3,2016,regular_unleaded,184.0,4.0,automatic,front_wheel_drive,4.0,performance,compact,sedan,39,28,586,24795
scion,tc,2015,regular_unleaded,179.0,4.0,automatic,front_wheel_drive,2.0,hatchback,compact,2dr_hatchback,31,23,105,20360
nissan,truck,1995,regular_unleaded,134.0,4.0,manual,rear_wheel_drive,2.0,,compact,regular_cab_pickup,24,19,2009,2000
toyota,corolla,2017,regular_unleaded,132.0,4.0,automatic,front_wheel_drive,4.0,,compact,sedan,35,28,2031,20445
chrysler,town_and_country,2016,flex-fuel_(unleaded/e85),283.0,6.0,automatic,front_wheel_drive,4.0,flex_fuel,midsize,passenger_minivan,25,17,1013,31875
volkswagen,passat,2015,regular_unleaded,170.0,4.0,automatic,front_wheel_drive,4.0,,midsize,sedan,36,24,873,24375
buick,skylark,1997,regular_unleaded,155.0,6.0,automatic,front_wheel_drive,2.0,,midsize,coupe,26,18,155,2000
suzuki,forenza,2008,regular_unleaded,127.0,4.0,manual,front_wheel_drive,4.0,,compact,sedan,28,20,481,14489
chevrolet,silverado_1500,2017,regular_unleaded,355.0,8.0,automatic,four_wheel_drive,4.0,,large,crew_cab_pickup,20,15,1385,49040
chevrolet,spark,2017,regular_unleaded,98.0,4.0,manual,front_wheel_drive,4.0,hatchback,compact,4dr_hatchback,38,29,1385,13000
suzuki,sidekick,1998,regular_unleaded,95.0,4.0,automatic,four_wheel_drive,4.0,,compact,4dr_suv,24,19,481,2107
acura,vigor,1994,regular_unleaded,176.0,5.0,manual,front_wheel_drive,4.0,luxury,midsize,sedan,24,18,204,2000
ford,f-150,2016,flex-fuel_(unleaded/e85),385.0,8.0,automatic,four_wheel_drive,4.0,flex_fuel,large,crew_cab_pickup,21,15,5657,53475
dodge,charger,2017,regular_unleaded,292.0,6.0,automatic,rear_wheel_drive,4.0,,large,sedan,30,19,1851,27995
volvo,xc60,2015,regular_unleaded,325.0,6.0,automatic,all_wheel_drive,4.0,"crossover,luxury,performance",midsize,4dr_suv,24,17,870,46950
cadillac,ct6,2017,regular_unleaded,335.0,6.0,automatic,all_wheel_drive,4.0,"luxury,high-performance",large,sedan,27,18,1624,60395
gmc,s-15_jimmy,1991,regular_unleaded,150.0,6.0,manual,rear_wheel_drive,2.0,,compact,2dr_suv,22,15,549,2000
cadillac,xlr,2008,regular_unleaded,320.0,8.0,automatic,rear_wheel_drive,2.0,luxury,compact,convertible,24,15,1624,81855
land_rover,range_rover,2015,flex-fuel_(premium_unleaded_required/e85),340.0,6.0,automatic,four_wheel_drive,4.0,"flex_fuel,luxury",large,4dr_suv,23,17,258,83495
suzuki,xl7,2007,regular_unleaded,252.0,6.0,automatic,front_wheel_drive,4.0,crossover,midsize,4dr_suv,22,16,481,22999
gmc,s-15_jimmy,1991,regular_unleaded,150.0,6.0,manual,rear_wheel_drive,2.0,,compact,2dr_suv,22,15,549,2000
chevrolet,tracker,2002,regular_unleaded,127.0,4.0,manual,four_wheel_drive,2.0,,compact,convertible_suv,23,20,1385,19060
honda,pilot,2016,regular_unleaded,280.0,6.0,automatic,front_wheel_drive,4.0,crossover,midsize,4dr_suv,27,19,2202,37655
land_rover,range_rover,2016,premium_unleaded_(recommended),510.0,8.0,automatic,four_wheel_drive,4.0,"luxury,high-performance",large,4dr_suv,19,14,258,144995
hyundai,tiburon,2006,regular_unleaded,138.0,4.0,automatic,front_wheel_drive,2.0,hatchback,compact,2dr_hatchback,27,19,1439,17095
mazda,navajo,1992,regular_unleaded,155.0,6.0,manual,rear_wheel_drive,2.0,,compact,2dr_suv,20,15,586,2000
chevrolet,malibu,2017,regular_unleaded,160.0,4.0,automatic,front_wheel_drive,4.0,,midsize,sedan,36,27,1385,21680
aston_martin,dbs,2012,premium_unleaded_(required),510.0,12.0,automatic,rear_wheel_drive,2.0,"exotic,high-performance",midsize,coupe,18,12,259,275861
bmw,alpina,2003,premium_unleaded_(required),375.0,8.0,automatic,rear_wheel_drive,2.0,"exotic,factory_tuner,luxury,high-performance",compact,convertible,19,13,3916,136900
infiniti,m45,2010,premium_unleaded_(required),325.0,8.0,automatic,rear_wheel_drive,4.0,"luxury,performance",large,sedan,21,16,190,52150
gmc,terrain,2017,regular_unleaded,182.0,4.0,automatic,all_wheel_drive,4.0,crossover,compact,4dr_suv,28,20,549,30550
nissan,frontier,2015,regular_unleaded,261.0,6.0,automatic,four_wheel_drive,4.0,,compact,crew_cab_pickup,21,15,2009,27630
ford,transit_connect,2016,regular_unleaded,169.0,4.0,automatic,front_wheel_drive,4.0,,compact,cargo_minivan,29,21,5657,25200
volkswagen,eos,2015,premium_unleaded_(recommended),200.0,4.0,automated_manual,front_wheel_drive,2.0,,compact,convertible,30,22,873,36145
toyota,4runner,2016,regular_unleaded,270.0,6.0,automatic,four_wheel_drive,4.0,,midsize,4dr_suv,21,17,2031,35885
ford,explorer_sport_trac,2008,regular_unleaded,292.0,8.0,automatic,rear_wheel_drive,4.0,,compact,crew_cab_pickup,20,13,5657,28800
mitsubishi,3000gt,1998,regular_unleaded,218.0,6.0,manual,front_wheel_drive,2.0,"hatchback,performance",compact,2dr_hatchback,23,17,436,4671
mercedes-benz,190-class,1991,regular_unleaded,130.0,4.0,manual,rear_wheel_drive,4.0,luxury,compact,sedan,26,18,617,2000
nissan,350z,2008,regular_unleaded,306.0,6.0,automatic,rear_wheel_drive,2.0,high-performance,compact,coupe,24,17,2009,37740
cadillac,escalade,2017,premium_unleaded_(recommended),420.0,8.0,automatic,four_wheel_drive,4.0,"luxury,performance",large,4dr_suv,20,15,1624,85495
nissan,rogue,2017,regular_unleaded,170.0,4.0,automatic,front_wheel_drive,4.0,crossover,midsize,4dr_suv,33,26,2009,25240
chevrolet,uplander,2006,regular_unleaded,201.0,6.0,automatic,front_wheel_drive,4.0,,compact,passenger_minivan,23,16,1385,19250
dodge,ram_pickup_1500,2009,flex-fuel_(unleaded/e85),310.0,8.0,automatic,four_wheel_drive,4.0,flex_fuel,large,crew_cab_pickup,18,13,1851,32750
subaru,forester,2017,premium_unleaded_(required),250.0,4.0,automatic,all_wheel_drive,4.0,crossover,midsize,4dr_suv,27,23,640,29295
volkswagen,new_beetle,2010,regular_unleaded,150.0,5.0,automatic,front_wheel_drive,2.0,hatchback,compact,2dr_hatchback,29,20,873,20390
toyota,prius,2016,regular_unleaded,121.0,4.0,automatic,front_wheel_drive,4.0,"hatchback,hybrid",compact,4dr_hatchback,50,54,2031,28100
toyota,celica,2004,premium_unleaded_(required),180.0,4.0,automatic,front_wheel_drive,2.0,"hatchback,performance",compact,2dr_hatchback,28,22,2031,22935
mazda,cx-5,2015,regular_unleaded,155.0,4.0,automatic,all_wheel_drive,4.0,crossover,midsize,4dr_suv,31,25,586,24195
kia,cadenza,2016,regular_unleaded,293.0,6.0,automatic,front_wheel_drive,4.0,performance,midsize,sedan,28,19,1720,32990
gmc,envoy_xl,2005,regular_unleaded,275.0,6.0,automatic,four_wheel_drive,4.0,,large,4dr_suv,17,12,549,31945
lexus,ls_460,2016,premium_unleaded_(required),360.0,8.0,automatic,all_wheel_drive,4.0,"luxury,performance",large,sedan,23,16,454,75465
chevrolet,silverado_1500,2017,flex-fuel_(unleaded/e85),285.0,6.0,automatic,four_wheel_drive,2.0,flex_fuel,large,regular_cab_pickup,22,17,1385,31525
hyundai,veracruz,2012,regular_unleaded,260.0,6.0,automatic,front_wheel_drive,4.0,crossover,midsize,4dr_suv,22,17,1439,28345
mazda,mx-5_miata,2014,premium_unleaded_(recommended),158.0,4.0,automatic,rear_wheel_drive,2.0,performance,compact,convertible,28,21,586,30550
mazda,cx-7,2010,premium_unleaded_(recommended),244.0,4.0,automatic,front_wheel_drive,4.0,crossover,midsize,4dr_suv,25,18,586,31335
nissan,xterra,2014,regular_unleaded,261.0,6.0,automatic,four_wheel_drive,4.0,,midsize,4dr_suv,20,15,2009,25440
dodge,caravan,2006,regular_unleaded,180.0,6.0,automatic,front_wheel_drive,4.0,,large,passenger_minivan,24,17,1851,22520
bmw,3_series,2017,premium_unleaded_(recommended),248.0,4.0,automatic,all_wheel_drive,4.0,luxury,midsize,wagon,33,23,3916,42950
toyota,prius,2015,regular_unleaded,134.0,4.0,automatic,front_wheel_drive,4.0,"hatchback,hybrid",compact,4dr_hatchback,48,51,2031,28435
lexus,rx_400h,2008,premium_unleaded_(required),268.0,6.0,automatic,front_wheel_drive,4.0,"crossover,luxury,hybrid",midsize,4dr_suv,24,27,454,42080
porsche,911,2015,premium_unleaded_(required),430.0,6.0,manual,all_wheel_drive,2.0,"luxury,high-performance",compact,convertible,25,18,1715,132800
porsche,911,2015,premium_unleaded_(required),400.0,6.0,manual,all_wheel_drive,2.0,"luxury,high-performance",compact,coupe,26,18,1715,116200
toyota,echo,2005,regular_unleaded,108.0,4.0,manual,front_wheel_drive,4.0,,compact,sedan,38,30,2031,10985
hyundai,azera,2017,regular_unleaded,293.0,6.0,automatic,front_wheel_drive,4.0,performance,midsize,sedan,28,19,1439,39300
ford,f-150,2017,flex-fuel_(unleaded/e85),282.0,6.0,automatic,rear_wheel_drive,2.0,flex_fuel,large,regular_cab_pickup,25,18,5657,26540
lamborghini,murcielago,2009,premium_unleaded_(required),631.0,12.0,automated_manual,all_wheel_drive,2.0,"exotic,high-performance",compact,coupe,14,9,1158,364000
volvo,xc60,2016,regular_unleaded,240.0,4.0,automatic,front_wheel_drive,4.0,"crossover,luxury",midsize,4dr_suv,31,23,870,39850
dodge,caliber,2010,regular_unleaded,158.0,4.0,automatic,front_wheel_drive,4.0,,compact,wagon,27,23,1851,19995
chrysler,200,2015,flex-fuel_(unleaded/e85),184.0,4.0,automatic,front_wheel_drive,4.0,flex_fuel,midsize,sedan,36,23,1013,25170
dodge,ram_pickup_1500,2009,regular_unleaded,390.0,8.0,automatic,four_wheel_drive,4.0,,large,crew_cab_pickup,18,13,1851,43490
subaru,impreza,2017,regular_unleaded,152.0,4.0,automatic,all_wheel_drive,4.0,hatchback,compact,4dr_hatchback,37,28,640,24595
acura,tsx_sport_wagon,2014,premium_unleaded_(recommended),201.0,4.0,automatic,front_wheel_drive,4.0,luxury,midsize,wagon,30,22,204,31985
buick,envision,2017,flex-fuel_(unleaded/e85),197.0,4.0,automatic,all_wheel_drive,4.0,"crossover,flex_fuel",midsize,4dr_suv,28,21,155,39570
toyota,4runner,2016,regular_unleaded,270.0,6.0,automatic,four_wheel_drive,4.0,,midsize,4dr_suv,21,17,2031,39595
chevrolet,silverado_1500,2015,flex-fuel_(unleaded/e85),285.0,6.0,automatic,rear_wheel_drive,4.0,flex_fuel,large,extended_cab_pickup,24,18,1385,30130
nissan,370z,2017,premium_unleaded_(required),332.0,6.0,automatic,rear_wheel_drive,2.0,high-performance,compact,convertible,25,18,2009,49400
ford,five_hundred,2007,regular_unleaded,203.0,6.0,automatic,front_wheel_drive,4.0,,large,sedan,26,19,5657,26610
volkswagen,jetta_sportwagen,2014,diesel,140.0,4.0,manual,front_wheel_drive,4.0,diesel,compact,wagon,42,30,873,26565
gmc,sierra_1500,2015,regular_unleaded,355.0,8.0,automatic,rear_wheel_drive,4.0,,large,crew_cab_pickup,23,16,549,49965
maserati,granturismo,2016,premium_unleaded_(required),454.0,8.0,automatic,rear_wheel_drive,2.0,"exotic,factory_tuner,luxury,high-performance",large,coupe,21,13,238,150570
nissan,pathfinder,2015,regular_unleaded,260.0,6.0,automatic,front_wheel_drive,4.0,crossover,large,4dr_suv,27,20,2009,29510
lexus,nx_200t,2017,premium_unleaded_(required),235.0,4.0,automatic,all_wheel_drive,4.0,"crossover,luxury",midsize,4dr_suv,27,22,454,38585
bmw,x3,2016,premium_unleaded_(required),300.0,6.0,automatic,all_wheel_drive,4.0,"crossover,luxury,performance",midsize,4dr_suv,27,19,3916,46800
ford,expedition,2016,regular_unleaded,365.0,6.0,automatic,four_wheel_drive,4.0,,large,4dr_suv,20,14,5657,66025
chevrolet,silverado_1500,2015,flex-fuel_(unleaded/e85),285.0,6.0,automatic,rear_wheel_drive,4.0,flex_fuel,large,crew_cab_pickup,24,18,1385,36090
bmw,6_series_gran_coupe,2016,premium_unleaded_(required),315.0,6.0,automatic,rear_wheel_drive,4.0,"luxury,performance",large,sedan,31,20,3916,79500
acura,rdx,2017,premium_unleaded_(recommended),279.0,6.0,automatic,front_wheel_drive,4.0,"crossover,luxury",midsize,4dr_suv,28,20,204,39270
chrysler,crossfire,2008,premium_unleaded_(required),215.0,6.0,manual,rear_wheel_drive,2.0,"hatchback,performance",compact,2dr_hatchback,23,15,1013,34735
land_rover,lr4,2015,premium_unleaded_(required),340.0,6.0,automatic,four_wheel_drive,4.0,luxury,midsize,4dr_suv,19,14,258,55300
gmc,sonoma,2003,regular_unleaded,190.0,6.0,automatic,four_wheel_drive,4.0,,compact,crew_cab_pickup,18,14,549,24670
chevrolet,aveo,2009,regular_unleaded,107.0,4.0,manual,front_wheel_drive,4.0,hatchback,compact,4dr_hatchback,34,27,1385,11965
kia,borrego,2009,regular_unleaded,276.0,6.0,automatic,four_wheel_drive,4.0,,midsize,4dr_suv,21,16,1720,28295
hyundai,santa_fe_sport,2017,regular_unleaded,265.0,4.0,automatic,front_wheel_drive,4.0,crossover,midsize,4dr_suv,28,20,1439,31700
chevrolet,cobalt,2009,regular_unleaded,155.0,4.0,manual,front_wheel_drive,2.0,,compact,coupe,35,25,1385,16460
kia,amanti,2009,regular_unleaded,264.0,6.0,automatic,front_wheel_drive,4.0,,midsize,sedan,24,17,1720,26045
bmw,8_series,1996,regular_unleaded,282.0,8.0,automatic,rear_wheel_drive,2.0,"luxury,performance",midsize,coupe,19,14,3916,5680
mitsubishi,raider,2008,regular_unleaded,210.0,6.0,automatic,four_wheel_drive,4.0,,compact,crew_cab_pickup,18,14,436,28780
acura,rlx,2016,premium_unleaded_(recommended),310.0,6.0,automatic,front_wheel_drive,4.0,"luxury,performance",midsize,sedan,31,20,204,60450
infiniti,m,2013,premium_unleaded_(required),420.0,8.0,automatic,rear_wheel_drive,4.0,"luxury,performance",large,sedan,24,16,190,61200
chevrolet,s-10_blazer,1993,regular_unleaded,165.0,6.0,manual,four_wheel_drive,2.0,,compact,2dr_suv,20,15,1385,2000
mitsubishi,outlander_sport,2017,regular_unleaded,148.0,4.0,automatic,four_wheel_drive,4.0,crossover,compact,4dr_suv,29,23,436,22495
audi,q3,2015,premium_unleaded_(recommended),200.0,4.0,automatic,front_wheel_drive,4.0,"crossover,luxury",compact,4dr_suv,29,20,3105,36400
lexus,rx_330,2004,regular_unleaded,230.0,6.0,automatic,front_wheel_drive,4.0,"crossover,luxury,performance",midsize,4dr_suv,24,17,454,35275
volkswagen,gti,2014,premium_unleaded_(recommended),200.0,4.0,manual,front_wheel_drive,4.0,"hatchback,performance",compact,4dr_hatchback,31,21,873,29695
cadillac,dts,2010,premium_unleaded_(recommended),275.0,8.0,automatic,front_wheel_drive,4.0,luxury,large,sedan,23,15,1624,51525
pontiac,vibe,2010,regular_unleaded,158.0,4.0,automatic,all_wheel_drive,4.0,hatchback,compact,4dr_hatchback,26,20,210,20275
porsche,911,2016,premium_unleaded_(required),400.0,6.0,manual,rear_wheel_drive,2.0,"luxury,high-performance",compact,convertible,27,19,1715,110800
bmw,m,2001,premium_unleaded_(required),315.0,6.0,manual,rear_wheel_drive,2.0,"factory_tuner,luxury,high-performance",compact,coupe,23,15,3916,44990
land_rover,discovery_sport,2016,premium_unleaded_(recommended),240.0,4.0,automatic,all_wheel_drive,4.0,"crossover,luxury",midsize,4dr_suv,26,20,258,41955
nissan,frontier,2015,regular_unleaded,261.0,6.0,automatic,rear_wheel_drive,4.0,,compact,crew_cab_pickup,21,15,2009,32560
infiniti,q50,2017,premium_unleaded_(recommended),360.0,6.0,automatic,all_wheel_drive,4.0,"luxury,high-performance,hybrid",compact,sedan,30,26,190,49800
ford,f-150,2017,regular_unleaded,325.0,6.0,automatic,four_wheel_drive,4.0,flex_fuel,large,extended_cab_pickup,23,18,5657,43490
chevrolet,impala,2015,regular_unleaded,195.0,4.0,automatic,front_wheel_drive,4.0,,large,sedan,31,21,1385,27060
bmw,1_series_m,2011,premium_unleaded_(required),335.0,6.0,manual,rear_wheel_drive,2.0,"factory_tuner,luxury,high-performance",compact,coupe,26,19,3916,46135
volkswagen,eos,2015,premium_unleaded_(recommended),200.0,4.0,automated_manual,front_wheel_drive,2.0,,compact,convertible,30,22,873,39545
ford,f-250,1997,regular_unleaded,220.0,8.0,manual,four_wheel_drive,3.0,,large,extended_cab_pickup,17,12,5657,3433
gmc,yukon_xl,2015,premium_unleaded_(recommended),420.0,8.0,automatic,rear_wheel_drive,4.0,performance,large,4dr_suv,21,15,549,67220
chevrolet,tracker,2004,regular_unleaded,165.0,6.0,automatic,rear_wheel_drive,4.0,,compact,4dr_suv,20,17,1385,21615
gmc,sierra_1500hd,2006,regular_unleaded,300.0,8.0,automatic,rear_wheel_drive,4.0,,large,crew_cab_pickup,18,13,549,29745
ford,focus,2017,flex-fuel_(unleaded/e85),160.0,4.0,automated_manual,front_wheel_drive,4.0,"hatchback,flex_fuel",compact,4dr_hatchback,40,27,5657,21675
chevrolet,colorado,2015,regular_unleaded,305.0,6.0,automatic,rear_wheel_drive,4.0,,compact,crew_cab_pickup,26,18,1385,30785
bmw,x6_m,2017,premium_unleaded_(required),567.0,8.0,automatic,all_wheel_drive,4.0,"crossover,factory_tuner,luxury,high-performance",midsize,4dr_suv,19,14,3916,102200
honda,insight,2012,regular_unleaded,98.0,4.0,automatic,front_wheel_drive,4.0,"hatchback,hybrid",compact,4dr_hatchback,44,41,2202,18500
honda,accord_crosstour,2010,regular_unleaded,271.0,6.0,automatic,all_wheel_drive,4.0,"crossover,hatchback",midsize,4dr_hatchback,25,17,2202,36220
buick,encore,2016,regular_unleaded,138.0,4.0,automatic,all_wheel_drive,4.0,crossover,compact,4dr_suv,30,23,155,29800
aston_martin,v8_vantage,2015,premium_unleaded_(required),430.0,8.0,automated_manual,rear_wheel_drive,2.0,"exotic,high-performance",compact,convertible,21,14,259,153195
porsche,cayenne,2016,premium_unleaded_(required),520.0,8.0,automatic,all_wheel_drive,4.0,"crossover,luxury,performance",midsize,4dr_suv,21,14,1715,114700
toyota,highlander,2015,regular_unleaded,270.0,6.0,automatic,front_wheel_drive,4.0,crossover,midsize,4dr_suv,25,19,2031,42680
nissan,versa_note,2015,regular_unleaded,109.0,4.0,automatic,front_wheel_drive,4.0,hatchback,compact,4dr_hatchback,40,31,2009,18660
infiniti,qx56,2011,premium_unleaded_(recommended),400.0,8.0,automatic,four_wheel_drive,4.0,luxury,large,4dr_suv,20,14,190,61800
bentley,continental_gt,2015,premium_unleaded_(required),500.0,8.0,automatic,all_wheel_drive,2.0,"exotic,luxury,high-performance",midsize,convertible,24,14,520,206300
plymouth,sundance,1994,regular_unleaded,93.0,4.0,manual,front_wheel_drive,4.0,hatchback,compact,4dr_hatchback,30,23,535,2000
nissan,300zx,1996,regular_unleaded,222.0,6.0,manual,rear_wheel_drive,2.0,performance,compact,coupe,22,17,2009,3185
lexus,ls_460,2015,premium_unleaded_(required),360.0,8.0,automatic,all_wheel_drive,4.0,"luxury,performance",large,sedan,23,16,454,75465
saab,9000,1997,regular_unleaded,200.0,4.0,manual,front_wheel_drive,4.0,"hatchback,luxury",midsize,4dr_hatchback,26,18,376,2063
porsche,911,2016,premium_unleaded_(required),520.0,6.0,automated_manual,all_wheel_drive,2.0,"luxury,high-performance",compact,convertible,24,17,1715,163000
toyota,tundra,2017,regular_unleaded,381.0,8.0,automatic,rear_wheel_drive,4.0,,large,extended_cab_pickup,18,13,2031,31290
honda,cr-v,2014,regular_unleaded,185.0,4.0,automatic,front_wheel_drive,4.0,crossover,compact,4dr_suv,31,23,2202,27870
acura,cl,2001,premium_unleaded_(required),225.0,6.0,automatic,front_wheel_drive,2.0,luxury,midsize,coupe,27,17,204,29980
saab,9-3,2011,premium_unleaded_(recommended),210.0,4.0,automatic,all_wheel_drive,4.0,luxury,midsize,sedan,27,17,376,38115
hyundai,tucson,2016,regular_unleaded,175.0,4.0,automated_manual,front_wheel_drive,4.0,crossover,compact,4dr_suv,33,26,1439,24150
ferrari,599,2010,premium_unleaded_(required),611.0,12.0,manual,rear_wheel_drive,2.0,"exotic,high-performance",midsize,coupe,15,11,2774,310543
kia,k900,2016,premium_unleaded_(recommended),420.0,8.0,automatic,rear_wheel_drive,4.0,"luxury,high-performance",large,sedan,23,15,1720,61900
volkswagen,cc,2015,premium_unleaded_(recommended),200.0,4.0,automated_manual,front_wheel_drive,4.0,performance,midsize,sedan,31,22,873,35375
ferrari,f430,2007,premium_unleaded_(required),483.0,8.0,automated_manual,rear_wheel_drive,2.0,"exotic,factory_tuner,high-performance",compact,coupe,16,11,2774,234945
chevrolet,uplander,2006,regular_unleaded,201.0,6.0,automatic,front_wheel_drive,4.0,,midsize,passenger_minivan,23,16,1385,22750
toyota,prius_c,2016,regular_unleaded,99.0,4.0,automatic,front_wheel_drive,4.0,"hatchback,hybrid",compact,4dr_hatchback,46,53,2031,19560
cadillac,cts_wagon,2013,regular_unleaded,270.0,6.0,automatic,all_wheel_drive,4.0,luxury,midsize,wagon,26,18,1624,41105
pontiac,le_mans,1993,regular_unleaded,74.0,4.0,manual,front_wheel_drive,2.0,,compact,coupe,34,24,210,2000
gmc,s-15_jimmy,1991,regular_unleaded,150.0,6.0,manual,four_wheel_drive,4.0,,midsize,4dr_suv,18,14,549,2000
toyota,corolla,2015,regular_unleaded,140.0,4.0,automatic,front_wheel_drive,4.0,,compact,sedan,40,30,2031,19665
chrysler,crossfire,2006,premium_unleaded_(required),330.0,6.0,automatic,rear_wheel_drive,2.0,"factory_tuner,high-performance",compact,convertible,22,15,1013,49470
chevrolet,suburban,2016,flex-fuel_(unleaded/e85),355.0,8.0,automatic,four_wheel_drive,4.0,"flex_fuel,performance",large,4dr_suv,22,15,1385,57730
hyundai,genesis_coupe,2014,premium_unleaded_(recommended),274.0,4.0,manual,rear_wheel_drive,2.0,performance,midsize,coupe,27,19,1439,27200
infiniti,q70,2016,premium_unleaded_(required),330.0,6.0,automatic,all_wheel_drive,4.0,"luxury,performance",large,sedan,24,18,190,53500
dodge,srt_viper,2014,premium_unleaded_(required),640.0,10.0,manual,rear_wheel_drive,2.0,"exotic,high-performance",compact,coupe,19,12,1851,84885
dodge,avenger,2013,flex-fuel_(unleaded/e85),283.0,6.0,automatic,front_wheel_drive,4.0,"flex_fuel,performance",midsize,sedan,29,19,1851,25695
honda,cr-v,2016,regular_unleaded,185.0,4.0,automatic,all_wheel_drive,4.0,crossover,compact,4dr_suv,31,25,2202,33395
volvo,850,1997,regular_unleaded,190.0,5.0,automatic,front_wheel_drive,4.0,"luxury,performance",midsize,wagon,24,18,870,2000
bmw,alpina_b7,2015,premium_unleaded_(required),540.0,8.0,automatic,rear_wheel_drive,4.0,"factory_tuner,luxury,high-performance",large,sedan,25,16,3916,132200
volkswagen,golf_r,2016,premium_unleaded_(recommended),292.0,4.0,automated_manual,all_wheel_drive,4.0,"hatchback,factory_tuner,high-performance",compact,4dr_hatchback,30,23,873,38995
volkswagen,golf_r,2016,premium_unleaded_(recommended),292.0,4.0,manual,all_wheel_drive,4.0,"hatchback,factory_tuner,high-performance",compact,4dr_hatchback,31,22,873,35650
volkswagen,new_beetle,2010,regular_unleaded,150.0,5.0,manual,front_wheel_drive,2.0,hatchback,compact,2dr_hatchback,28,20,873,18690
chevrolet,avalanche,2010,flex-fuel_(unleaded/e85),320.0,8.0,automatic,rear_wheel_drive,4.0,"crossover,flex_fuel",large,crew_cab_pickup,21,15,1385,35725
chevrolet,s-10,2002,flex-fuel_(unleaded/e85),120.0,4.0,manual,rear_wheel_drive,2.0,flex_fuel,compact,regular_cab_pickup,25,19,1385,13961
buick,skylark,1996,regular_unleaded,155.0,4.0,automatic,front_wheel_drive,4.0,,midsize,sedan,29,19,155,2000
honda,pilot,2017,regular_unleaded,280.0,6.0,automatic,front_wheel_drive,4.0,crossover,midsize,4dr_suv,27,19,2202,36455
volvo,xc60,2015,regular_unleaded,300.0,6.0,automatic,all_wheel_drive,4.0,"crossover,luxury,performance",midsize,4dr_suv,24,17,870,47050
toyota,tundra,2017,regular_unleaded,381.0,8.0,automatic,four_wheel_drive,4.0,,large,crew_cab_pickup,17,13,2031,38470
land_rover,range_rover,2014,premium_unleaded_(required),340.0,6.0,automatic,four_wheel_drive,4.0,luxury,large,4dr_suv,23,17,258,88300
lincoln,ls,2004,premium_unleaded_(required),232.0,6.0,automatic,rear_wheel_drive,4.0,"luxury,performance",midsize,sedan,24,17,61,32370
gmc,jimmy,2000,regular_unleaded,190.0,6.0,unknown,four_wheel_drive,2.0,,compact,2dr_suv,18,14,549,2578
volvo,s70,1999,regular_unleaded,236.0,5.0,manual,front_wheel_drive,4.0,"luxury,performance",midsize,sedan,25,18,870,2382
ford,mustang,2015,premium_unleaded_(recommended),435.0,8.0,manual,rear_wheel_drive,2.0,high-performance,midsize,coupe,25,15,5657,32300
lexus,ls_430,2006,premium_unleaded_(required),278.0,8.0,automatic,rear_wheel_drive,4.0,"luxury,performance",large,sedan,23,16,454,56525
land_rover,lr2,2015,premium_unleaded_(recommended),240.0,4.0,automatic,all_wheel_drive,4.0,"crossover,luxury",compact,4dr_suv,24,17,258,41700
dodge,shadow,1994,regular_unleaded,100.0,4.0,manual,front_wheel_drive,4.0,hatchback,compact,4dr_hatchback,27,21,1851,2000
chrysler,pacifica,2007,regular_unleaded,255.0,6.0,automatic,all_wheel_drive,4.0,crossover,large,wagon,22,14,1013,35825
volkswagen,beetle,2015,premium_unleaded_(recommended),210.0,4.0,automated_manual,front_wheel_drive,2.0,"hatchback,performance",compact,2dr_hatchback,30,24,873,26550
toyota,prius,2017,regular_unleaded,121.0,4.0,automatic,front_wheel_drive,4.0,"hatchback,hybrid",compact,4dr_hatchback,53,58,2031,25165
buick,enclave,2016,regular_unleaded,288.0,6.0,automatic,front_wheel_drive,4.0,crossover,midsize,4dr_suv,22,15,155,39065
audi,q5,2015,premium_unleaded_(required),220.0,4.0,automatic,all_wheel_drive,4.0,"crossover,luxury",midsize,4dr_suv,28,20,3105,39300
hyundai,equus,2015,premium_unleaded_(recommended),429.0,8.0,automatic,rear_wheel_drive,4.0,"luxury,high-performance",large,sedan,23,15,1439,61500
mazda,cx-9,2014,regular_unleaded,273.0,6.0,automatic,all_wheel_drive,4.0,crossover,large,4dr_suv,22,16,586,31575
volkswagen,golf_gti,2015,premium_unleaded_(recommended),220.0,4.0,automated_manual,front_wheel_drive,4.0,"hatchback,performance",compact,4dr_hatchback,33,25,873,27980
chevrolet,corvette,2016,premium_unleaded_(required),650.0,8.0,manual,rear_wheel_drive,2.0,"factory_tuner,high-performance",compact,coupe,22,15,1385,88345
mazda,rx-8,2010,premium_unleaded_(required),212.0,,automatic,rear_wheel_drive,4.0,performance,compact,coupe,23,16,586,26645
ford,expedition,2016,regular_unleaded,365.0,6.0,automatic,rear_wheel_drive,4.0,,large,4dr_suv,21,15,5657,62985
honda,civic,2017,regular_unleaded,158.0,4.0,manual,front_wheel_drive,4.0,,midsize,sedan,40,28,2202,18740
nissan,sentra,2017,regular_unleaded,130.0,4.0,manual,front_wheel_drive,4.0,,midsize,sedan,35,27,2009,16990
toyota,corolla,2016,regular_unleaded,132.0,4.0,automatic,front_wheel_drive,4.0,,compact,sedan,37,29,2031,20635
suzuki,verona,2005,regular_unleaded,155.0,6.0,automatic,front_wheel_drive,4.0,,midsize,sedan,25,18,481,19349
dodge,colt,1992,regular_unleaded,92.0,4.0,manual,front_wheel_drive,2.0,hatchback,compact,2dr_hatchback,33,27,1851,2000
lexus,is_350,2016,premium_unleaded_(required),306.0,6.0,automatic,all_wheel_drive,4.0,"luxury,performance",midsize,sedan,26,19,454,43035
scion,fr-s,2015,premium_unleaded_(required),200.0,4.0,manual,rear_wheel_drive,2.0,performance,compact,coupe,30,22,105,24900
cadillac,ct6,2016,regular_unleaded,335.0,6.0,automatic,all_wheel_drive,4.0,"luxury,performance",large,sedan,27,18,1624,83465
chevrolet,c/k_2500_series,1998,regular_unleaded,230.0,8.0,manual,rear_wheel_drive,2.0,,large,regular_cab_pickup,17,13,1385,2949
chrysler,crossfire,2008,premium_unleaded_(required),215.0,6.0,manual,rear_wheel_drive,2.0,performance,compact,convertible,23,15,1013,39130
subaru,legacy,2016,regular_unleaded,175.0,4.0,automatic,all_wheel_drive,4.0,,midsize,sedan,36,26,640,26845
chevrolet,malibu,2017,premium_unleaded_(recommended),250.0,4.0,automatic,front_wheel_drive,4.0,performance,midsize,sedan,33,22,1385,30975
mitsubishi,outlander_sport,2016,regular_unleaded,148.0,4.0,manual,front_wheel_drive,4.0,crossover,compact,4dr_suv,29,23,436,19595
mercedes-benz,e-class,2015,premium_unleaded_(required),329.0,6.0,automatic,all_wheel_drive,4.0,"luxury,performance",midsize,sedan,28,20,617,64850
mitsubishi,montero_sport,2002,regular_unleaded,197.0,6.0,automatic,four_wheel_drive,4.0,,midsize,4dr_suv,17,14,436,29627
honda,passport,2001,regular_unleaded,205.0,6.0,automatic,rear_wheel_drive,4.0,,midsize,4dr_suv,20,15,2202,26800
nissan,maxima,2016,premium_unleaded_(recommended),300.0,6.0,automatic,front_wheel_drive,4.0,high-performance,midsize,sedan,30,22,2009,39960
dodge,avenger,2013,regular_unleaded,173.0,4.0,automatic,front_wheel_drive,4.0,flex_fuel,midsize,sedan,29,21,1851,19795
dodge,dakota,2009,regular_unleaded,210.0,6.0,automatic,rear_wheel_drive,4.0,flex_fuel,compact,crew_cab_pickup,20,15,1851,28630
subaru,loyale,1992,regular_unleaded,90.0,4.0,manual,front_wheel_drive,4.0,,compact,sedan,29,22,640,2000
audi,s3,2017,premium_unleaded_(required),292.0,4.0,automated_manual,all_wheel_drive,4.0,"factory_tuner,luxury,high-performance",compact,sedan,28,21,3105,42900
toyota,venza,2015,regular_unleaded,181.0,4.0,automatic,front_wheel_drive,4.0,crossover,midsize,wagon,26,20,2031,29065
honda,prelude,2000,regular_unleaded,200.0,4.0,manual,front_wheel_drive,2.0,"factory_tuner,performance",compact,coupe,25,20,2202,3843
bmw,5_series_gran_turismo,2015,premium_unleaded_(required),445.0,8.0,automatic,rear_wheel_drive,4.0,"hatchback,luxury,performance",large,4dr_hatchback,25,16,3916,69100
scion,fr-s,2014,premium_unleaded_(required),200.0,4.0,manual,rear_wheel_drive,2.0,performance,compact,coupe,30,22,105,24700
lotus,evora,2014,premium_unleaded_(required),276.0,6.0,manual,rear_wheel_drive,2.0,"exotic,high-performance",compact,coupe,26,18,613,69980
hyundai,veloster,2014,regular_unleaded,201.0,4.0,automatic,front_wheel_drive,3.0,"hatchback,performance",compact,2dr_hatchback,31,24,1439,23300
toyota,tundra,2015,regular_unleaded,310.0,8.0,automatic,rear_wheel_drive,4.0,,large,extended_cab_pickup,19,15,2031,30160
land_rover,range_rover_sport,2014,premium_unleaded_(required),510.0,8.0,automatic,four_wheel_drive,4.0,"luxury,high-performance",midsize,4dr_suv,19,14,258,92400
chevrolet,uplander,2007,regular_unleaded,240.0,6.0,automatic,front_wheel_drive,4.0,flex_fuel,midsize,passenger_minivan,23,16,1385,29350
lincoln,aviator,2003,premium_unleaded_(required),302.0,8.0,automatic,all_wheel_drive,4.0,luxury,midsize,4dr_suv,17,12,61,42435
audi,r8,2014,premium_unleaded_(required),525.0,10.0,manual,all_wheel_drive,2.0,"luxury,high-performance",compact,convertible,19,12,3105,164700
ford,c-max_hybrid,2016,regular_unleaded,188.0,4.0,automatic,front_wheel_drive,4.0,hybrid,compact,wagon,37,42,5657,24170
volkswagen,touareg,2015,premium_unleaded_(recommended),280.0,6.0,automatic,all_wheel_drive,4.0,"crossover,performance",midsize,4dr_suv,23,17,873,58700
chevrolet,colorado,2015,regular_unleaded,305.0,6.0,automatic,four_wheel_drive,4.0,,compact,crew_cab_pickup,24,17,1385,32085
buick,lucerne,2011,premium_unleaded_(recommended),292.0,8.0,automatic,front_wheel_drive,4.0,performance,large,sedan,23,15,155,44460
toyota,prius_c,2015,regular_unleaded,99.0,4.0,automatic,front_wheel_drive,4.0,"hatchback,hybrid",compact,4dr_hatchback,46,53,2031,24475
chevrolet,captiva_sport,2013,flex-fuel_(unleaded/e85),180.0,4.0,automatic,front_wheel_drive,4.0,"crossover,flex_fuel",midsize,4dr_suv,28,20,1385,24155
volkswagen,beetle_convertible,2014,regular_unleaded,170.0,5.0,automatic,front_wheel_drive,2.0,,compact,convertible,27,21,873,27295
honda,accord,2017,regular_unleaded,185.0,4.0,automatic,front_wheel_drive,2.0,,midsize,coupe,34,26,2202,27000
ford,f-250,1998,regular_unleaded,220.0,8.0,manual,four_wheel_drive,2.0,,large,regular_cab_pickup,16,13,5657,3099
honda,civic,2016,regular_unleaded,158.0,4.0,manual,front_wheel_drive,4.0,,midsize,sedan,40,27,2202,18640
chevrolet,trailblazer,2008,regular_unleaded,285.0,6.0,automatic,four_wheel_drive,4.0,,midsize,4dr_suv,20,14,1385,31910
lincoln,town_car,2011,flex-fuel_(unleaded/e85),239.0,8.0,automatic,rear_wheel_drive,4.0,"flex_fuel,luxury",large,sedan,24,16,61,47000
chevrolet,equinox,2015,regular_unleaded,182.0,4.0,automatic,front_wheel_drive,4.0,"crossover,flex_fuel",compact,4dr_suv,32,22,1385,28170
audi,s7,2015,premium_unleaded_(required),420.0,8.0,automated_manual,all_wheel_drive,4.0,"factory_tuner,luxury,high-performance",large,sedan,27,17,3105,82500
ford,expedition,2016,regular_unleaded,365.0,6.0,automatic,four_wheel_drive,4.0,,large,4dr_suv,20,15,5657,62295
audi,a4,2015,premium_unleaded_(required),220.0,4.0,manual,all_wheel_drive,4.0,luxury,midsize,sedan,32,22,3105,38500
chevrolet,trailblazer,2008,regular_unleaded,285.0,6.0,automatic,four_wheel_drive,4.0,,midsize,4dr_suv,20,14,1385,33945
cadillac,cts-v,2017,premium_unleaded_(required),640.0,8.0,automatic,rear_wheel_drive,4.0,"factory_tuner,luxury,high-performance",large,sedan,21,14,1624,85995
maserati,ghibli,2015,premium_unleaded_(required),345.0,6.0,automatic,rear_wheel_drive,4.0,"exotic,luxury,high-performance",midsize,sedan,25,15,238,69800
lexus,lx_450,1996,regular_unleaded,212.0,6.0,automatic,four_wheel_drive,4.0,luxury,midsize,4dr_suv,14,12,454,3667
porsche,911,2016,premium_unleaded_(required),430.0,6.0,manual,all_wheel_drive,2.0,"luxury,high-performance",compact,coupe,26,18,1715,120900
hyundai,excel,1993,regular_unleaded,81.0,4.0,manual,front_wheel_drive,2.0,hatchback,compact,2dr_hatchback,30,25,1439,2000
land_rover,range_rover_evoque,2015,premium_unleaded_(recommended),240.0,4.0,automatic,all_wheel_drive,4.0,"crossover,luxury",compact,4dr_suv,30,21,258,44100
dodge,stratus,2004,regular_unleaded,142.0,4.0,automatic,front_wheel_drive,2.0,,midsize,coupe,26,19,1851,20675
plymouth,grand_voyager,2000,regular_unleaded,158.0,6.0,automatic,front_wheel_drive,4.0,,large,passenger_minivan,23,16,535,2267
bmw,3_series,2015,premium_unleaded_(required),335.0,6.0,automatic,rear_wheel_drive,4.0,"luxury,high-performance,hybrid",midsize,sedan,33,25,3916,50150
acura,mdx,2016,premium_unleaded_(recommended),290.0,6.0,automatic,front_wheel_drive,4.0,"crossover,luxury",midsize,4dr_suv,27,19,204,44515
saab,9-2x,2006,regular_unleaded,173.0,4.0,manual,all_wheel_drive,4.0,luxury,compact,wagon,26,19,376,22990
bmw,4_series_gran_coupe,2017,premium_unleaded_(recommended),320.0,6.0,automatic,rear_wheel_drive,4.0,"luxury,high-performance",midsize,sedan,32,21,3916,48300
chrysler,300,2016,regular_unleaded,292.0,6.0,automatic,all_wheel_drive,4.0,,large,sedan,27,18,1013,37755
kia,sephia,2001,regular_unleaded,125.0,4.0,manual,front_wheel_drive,4.0,,compact,sedan,28,22,1720,10845
mercedes-benz,e-class,2015,premium_unleaded_(required),302.0,6.0,automatic,rear_wheel_drive,4.0,"luxury,performance",midsize,sedan,29,20,617,52300
mazda,b-series,2001,regular_unleaded,150.0,6.0,manual,rear_wheel_drive,2.0,,compact,regular_cab_pickup,21,15,586,15125
mercedes-benz,c36_amg,1996,regular_unleaded,276.0,6.0,automatic,rear_wheel_drive,4.0,"factory_tuner,luxury,performance",compact,sedan,20,16,617,3996
ford,flex,2017,regular_unleaded,287.0,6.0,automatic,front_wheel_drive,4.0,"crossover,performance",large,wagon,23,16,5657,38230
chevrolet,colorado,2012,regular_unleaded,185.0,4.0,manual,four_wheel_drive,4.0,,compact,extended_cab_pickup,24,18,1385,23030
chevrolet,cavalier,2003,regular_unleaded,140.0,4.0,manual,front_wheel_drive,2.0,,compact,coupe,30,22,1385,15530
chevrolet,uplander,2006,regular_unleaded,201.0,6.0,automatic,front_wheel_drive,4.0,,midsize,passenger_minivan,23,16,1385,30250
honda,pilot,2015,regular_unleaded,250.0,6.0,automatic,front_wheel_drive,4.0,crossover,midsize,4dr_suv,25,18,2202,35370
suzuki,forenza,2007,regular_unleaded,127.0,4.0,automatic,front_wheel_drive,4.0,,compact,sedan,28,19,481,15099
gmc,savana_cargo,2014,flex-fuel_(unleaded/e85),285.0,8.0,automatic,rear_wheel_drive,3.0,flex_fuel,large,cargo_van,17,11,549,33420
audi,a6,2016,premium_unleaded_(required),333.0,6.0,automatic,all_wheel_drive,4.0,"luxury,performance",midsize,sedan,30,20,3105,61600
buick,regal,2016,premium_unleaded_(recommended),259.0,4.0,automatic,front_wheel_drive,4.0,performance,midsize,sedan,30,21,155,31565
infiniti,fx,2013,premium_unleaded_(required),390.0,8.0,automatic,all_wheel_drive,4.0,"crossover,luxury,high-performance",midsize,4dr_suv,20,14,190,61500
subaru,forester,2016,regular_unleaded,170.0,4.0,automatic,all_wheel_drive,4.0,crossover,midsize,4dr_suv,32,24,640,23395
toyota,sequoia,2016,regular_unleaded,381.0,8.0,automatic,four_wheel_drive,4.0,,large,4dr_suv,17,13,2031,57340
mazda,b-series_truck,2009,regular_unleaded,143.0,4.0,manual,rear_wheel_drive,2.0,,compact,regular_cab_pickup,26,21,586,16060
hyundai,elantra,2016,regular_unleaded,145.0,4.0,automatic,front_wheel_drive,4.0,,compact,sedan,38,28,1439,18250
nissan,armada,2017,regular_unleaded,390.0,8.0,automatic,four_wheel_drive,4.0,,large,4dr_suv,18,13,2009,60490
oldsmobile,ninety-eight,1994,regular_unleaded,225.0,6.0,automatic,front_wheel_drive,4.0,,large,sedan,24,15,26,2000
toyota,tacoma,2017,regular_unleaded,278.0,6.0,automatic,four_wheel_drive,4.0,,compact,crew_cab_pickup,23,18,2031,32765
nissan,armada,2017,regular_unleaded,390.0,8.0,automatic,rear_wheel_drive,4.0,,large,4dr_suv,19,14,2009,44900
saab,9-3_griffin,2012,premium_unleaded_(recommended),220.0,4.0,automatic,all_wheel_drive,4.0,luxury,compact,wagon,29,18,376,34975
subaru,outback,2017,regular_unleaded,175.0,4.0,automatic,all_wheel_drive,4.0,crossover,midsize,4dr_suv,32,25,640,32390
fiat,500,2015,premium_unleaded_(recommended),101.0,4.0,manual,front_wheel_drive,2.0,,compact,convertible,34,28,819,20345
scion,fr-s,2014,premium_unleaded_(required),200.0,4.0,automatic,rear_wheel_drive,2.0,performance,compact,coupe,34,25,105,28500
toyota,camry_hybrid,2015,regular_unleaded,200.0,4.0,automatic,front_wheel_drive,4.0,hybrid,midsize,sedan,38,40,2031,29980
kia,amanti,2007,regular_unleaded,264.0,6.0,automatic,front_wheel_drive,4.0,,midsize,sedan,24,17,1720,25495
mazda,tribute_hybrid,2008,regular_unleaded,133.0,4.0,automatic,front_wheel_drive,4.0,"crossover,hybrid",compact,4dr_suv,30,34,586,27995
acura,rsx,2004,regular_unleaded,160.0,4.0,automatic,front_wheel_drive,2.0,"hatchback,luxury,performance",compact,2dr_hatchback,31,22,204,22000
volkswagen,jetta_gli,2014,premium_unleaded_(recommended),210.0,4.0,manual,front_wheel_drive,4.0,performance,midsize,sedan,33,23,873,28855
volvo,960,1997,regular_unleaded,181.0,6.0,automatic,rear_wheel_drive,4.0,luxury,midsize,sedan,24,16,870,2000
mercedes-benz,clk-class,2007,premium_unleaded_(required),268.0,6.0,automatic,rear_wheel_drive,2.0,"luxury,performance",compact,convertible,25,17,617,54200
ford,escape,2017,regular_unleaded,,4.0,automatic,front_wheel_drive,4.0,crossover,compact,4dr_suv,30,23,5657,29100
chevrolet,spark,2017,regular_unleaded,98.0,4.0,automatic,front_wheel_drive,4.0,hatchback,compact,4dr_hatchback,38,30,1385,14100
nissan,truck,1995,regular_unleaded,153.0,6.0,manual,four_wheel_drive,2.0,,compact,extended_cab_pickup,17,14,2009,2436
bmw,5_series,2016,diesel,255.0,6.0,automatic,rear_wheel_drive,4.0,"diesel,luxury",large,sedan,38,26,3916,57350
toyota,rav4,2016,regular_unleaded,176.0,4.0,automatic,all_wheel_drive,4.0,crossover,midsize,4dr_suv,29,22,2031,25750
bugatti,veyron_16.4,2008,premium_unleaded_(required),1001.0,16.0,automated_manual,all_wheel_drive,2.0,"exotic,high-performance",compact,coupe,14,8,820,2065902
dodge,ram_pickup_1500,2010,flex-fuel_(unleaded/e85),310.0,8.0,automatic,four_wheel_drive,4.0,flex_fuel,large,crew_cab_pickup,18,13,1851,31730
suzuki,xl-7,2005,regular_unleaded,185.0,6.0,automatic,four_wheel_drive,4.0,,midsize,4dr_suv,20,15,481,23299
chevrolet,camaro,2016,premium_unleaded_(recommended),275.0,4.0,manual,rear_wheel_drive,2.0,performance,midsize,coupe,30,21,1385,29800
dodge,dakota,2010,regular_unleaded,210.0,6.0,automatic,rear_wheel_drive,4.0,flex_fuel,compact,extended_cab_pickup,20,15,1851,23630
hyundai,veloster,2015,regular_unleaded,138.0,4.0,manual,front_wheel_drive,3.0,hatchback,compact,2dr_hatchback,35,26,1439,18000
maserati,ghibli,2016,premium_unleaded_(required),345.0,6.0,automatic,rear_wheel_drive,4.0,"exotic,luxury,high-performance",midsize,sedan,24,17,238,70600
volkswagen,beetle_convertible,2014,regular_unleaded,170.0,5.0,automatic,front_wheel_drive,2.0,,compact,convertible,27,21,873,27295
mazda,tribute_hybrid,2009,regular_unleaded,177.0,4.0,automatic,front_wheel_drive,4.0,"crossover,hybrid",compact,4dr_suv,31,34,586,31695
chevrolet,impala_limited,2015,flex-fuel_(unleaded/e85),300.0,6.0,automatic,front_wheel_drive,4.0,"flex_fuel,performance",large,sedan,30,18,1385,30535
dodge,ram_cargo,2002,regular_unleaded,175.0,6.0,automatic,rear_wheel_drive,3.0,,midsize,cargo_van,15,13,1851,19320
volkswagen,passat,2015,regular_unleaded,170.0,4.0,automatic,front_wheel_drive,4.0,,midsize,sedan,36,24,873,31790
kia,sorento,2017,regular_unleaded,185.0,4.0,automatic,all_wheel_drive,4.0,crossover,midsize,4dr_suv,25,21,1720,28500
hyundai,elantra_touring,2010,regular_unleaded,138.0,4.0,manual,front_wheel_drive,4.0,hatchback,compact,4dr_hatchback,31,23,1439,15995
nissan,370z,2015,premium_unleaded_(required),332.0,6.0,automatic,rear_wheel_drive,2.0,high-performance,compact,coupe,26,19,2009,38370
honda,pilot,2016,regular_unleaded,280.0,6.0,automatic,all_wheel_drive,4.0,crossover,midsize,4dr_suv,26,19,2202,46570
gmc,s-15_jimmy,1991,regular_unleaded,150.0,6.0,manual,four_wheel_drive,4.0,,midsize,4dr_suv,18,14,549,2000
gmc,s-15_jimmy,1991,regular_unleaded,150.0,6.0,manual,four_wheel_drive,4.0,,midsize,4dr_suv,18,14,549,2000
toyota,tundra,2017,regular_unleaded,381.0,8.0,automatic,rear_wheel_drive,4.0,,large,crew_cab_pickup,18,13,2031,46980
cadillac,cts_wagon,2013,regular_unleaded,318.0,6.0,automatic,all_wheel_drive,4.0,"luxury,performance",midsize,wagon,26,18,1624,51650
infiniti,g_coupe,2012,premium_unleaded_(recommended),330.0,6.0,automatic,all_wheel_drive,2.0,"luxury,performance",midsize,coupe,25,18,190,40900
mazda,mx-5_miata,2014,premium_unleaded_(recommended),158.0,4.0,automatic,rear_wheel_drive,2.0,performance,compact,convertible,28,21,586,28650
suzuki,aerio,2005,regular_unleaded,155.0,4.0,manual,front_wheel_drive,4.0,,compact,sedan,28,22,481,13449
ford,ranger,2009,regular_unleaded,207.0,6.0,manual,four_wheel_drive,4.0,,compact,extended_cab_pickup,19,15,5657,25805
chevrolet,monte_carlo,2007,regular_unleaded,303.0,8.0,automatic,front_wheel_drive,2.0,performance,midsize,coupe,24,16,1385,27740
bentley,continental,2001,premium_unleaded_(required),420.0,8.0,automatic,rear_wheel_drive,2.0,"exotic,factory_tuner,luxury,performance",large,coupe,15,10,520,319900
hyundai,santa_fe_sport,2015,regular_unleaded,264.0,4.0,automatic,all_wheel_drive,4.0,crossover,midsize,4dr_suv,24,18,1439,33000
nissan,sentra,2017,premium_unleaded_(recommended),188.0,4.0,manual,front_wheel_drive,4.0,,midsize,sedan,32,26,2009,21990
kia,forte,2015,regular_unleaded,145.0,4.0,manual,front_wheel_drive,4.0,,compact,sedan,37,25,1720,15890
kia,sorento,2016,regular_unleaded,290.0,6.0,automatic,front_wheel_drive,4.0,crossover,midsize,4dr_suv,26,18,1720,32100
ford,escape,2016,premium_unleaded_(recommended),178.0,4.0,automatic,all_wheel_drive,4.0,crossover,compact,4dr_suv,29,22,5657,27540
hyundai,equus,2015,premium_unleaded_(recommended),429.0,8.0,automatic,rear_wheel_drive,4.0,"luxury,high-performance",large,sedan,23,15,1439,68750
dodge,grand_caravan,2015,flex-fuel_(unleaded/e85),283.0,6.0,automatic,front_wheel_drive,4.0,flex_fuel,midsize,passenger_minivan,25,17,1851,21795
infiniti,j30,1997,regular_unleaded,210.0,6.0,automatic,rear_wheel_drive,4.0,luxury,midsize,sedan,22,16,190,2000
nissan,stanza,1990,regular_unleaded,138.0,4.0,manual,front_wheel_drive,4.0,,compact,sedan,26,19,2009,2000
cadillac,ats_coupe,2015,flex-fuel_(unleaded/e85),321.0,6.0,automatic,all_wheel_drive,2.0,"flex_fuel,luxury,high-performance",compact,coupe,26,18,1624,50165
toyota,camry_solara,2006,regular_unleaded,157.0,4.0,manual,front_wheel_drive,2.0,,midsize,coupe,30,21,2031,19530
volkswagen,jetta,2017,regular_unleaded,150.0,4.0,automatic,front_wheel_drive,4.0,,midsize,sedan,38,28,873,21995
ford,f-150,2015,flex-fuel_(unleaded/e85),385.0,8.0,automatic,four_wheel_drive,4.0,flex_fuel,large,extended_cab_pickup,21,15,5657,39485
cadillac,cts_coupe,2014,regular_unleaded,318.0,6.0,automatic,all_wheel_drive,2.0,"luxury,performance",midsize,coupe,27,18,1624,45795
chevrolet,c/k_1500_series,1998,regular_unleaded,200.0,6.0,manual,four_wheel_drive,2.0,,large,regular_cab_pickup,19,14,1385,3067
nissan,sentra,2016,regular_unleaded,130.0,4.0,automatic,front_wheel_drive,4.0,,midsize,sedan,40,30,2009,18160
dodge,challenger,2015,regular_unleaded,375.0,8.0,manual,rear_wheel_drive,2.0,performance,large,coupe,23,15,1851,38795
mercedes-benz,sls_amg_gt,2014,premium_unleaded_(required),583.0,8.0,automated_manual,rear_wheel_drive,2.0,"exotic,factory_tuner,luxury,high-performance",compact,convertible,19,13,617,208000
dodge,charger,2015,regular_unleaded,370.0,8.0,automatic,rear_wheel_drive,4.0,high-performance,large,sedan,25,16,1851,36595
chevrolet,s-10_blazer,1994,regular_unleaded,165.0,6.0,manual,rear_wheel_drive,4.0,,midsize,4dr_suv,20,15,1385,2000
ford,ranger,2010,regular_unleaded,207.0,6.0,manual,rear_wheel_drive,4.0,,compact,extended_cab_pickup,21,15,5657,23220
porsche,968,1993,regular_unleaded,236.0,4.0,manual,rear_wheel_drive,2.0,"luxury,performance",compact,coupe,24,15,1715,3839
gmc,sonoma,2002,flex-fuel_(unleaded/e85),120.0,4.0,manual,rear_wheel_drive,2.0,flex_fuel,compact,regular_cab_pickup,25,19,549,13975
saab,9000,1996,regular_unleaded,200.0,4.0,manual,front_wheel_drive,4.0,"hatchback,luxury",midsize,4dr_hatchback,25,18,376,2000
acura,ilx,2016,premium_unleaded_(recommended),201.0,4.0,automated_manual,front_wheel_drive,4.0,luxury,compact,sedan,36,25,204,32900
hyundai,xg300,2001,regular_unleaded,192.0,6.0,automatic,front_wheel_drive,4.0,,midsize,sedan,25,17,1439,23499
pontiac,grand_prix,2006,regular_unleaded,303.0,8.0,automatic,front_wheel_drive,4.0,"factory_tuner,high-performance",midsize,sedan,25,16,210,27330
mitsubishi,lancer_evolution,2015,premium_unleaded_(required),291.0,4.0,manual,all_wheel_drive,4.0,"factory_tuner,performance",compact,sedan,23,17,436,34495
chevrolet,sportvan,1994,regular_unleaded,200.0,8.0,automatic,rear_wheel_drive,3.0,,midsize,passenger_van,16,11,1385,2000
audi,a6,2016,premium_unleaded_(recommended),252.0,4.0,automated_manual,front_wheel_drive,4.0,luxury,midsize,sedan,35,24,3105,49900
nissan,altima,2015,regular_unleaded,270.0,6.0,automatic,front_wheel_drive,4.0,performance,midsize,sedan,32,22,2009,32350
audi,r8,2015,premium_unleaded_(required),550.0,10.0,automated_manual,all_wheel_drive,2.0,"luxury,high-performance",compact,coupe,22,13,3105,182500
honda,passport,2002,regular_unleaded,205.0,6.0,automatic,rear_wheel_drive,4.0,,midsize,4dr_suv,20,15,2202,24450
toyota,prius,2015,regular_unleaded,134.0,4.0,automatic,front_wheel_drive,4.0,"hatchback,hybrid",compact,4dr_hatchback,48,51,2031,23215
acura,rsx,2004,regular_unleaded,160.0,4.0,manual,front_wheel_drive,2.0,"hatchback,luxury,performance",compact,2dr_hatchback,30,24,204,20025
ford,fusion_hybrid,2017,regular_unleaded,188.0,4.0,automatic,front_wheel_drive,4.0,hybrid,midsize,sedan,41,43,5657,37020
infiniti,ex35,2009,premium_unleaded_(recommended),297.0,6.0,automatic,all_wheel_drive,4.0,"crossover,luxury",midsize,4dr_suv,23,16,190,37400
lamborghini,gallardo,2012,premium_unleaded_(required),570.0,10.0,manual,all_wheel_drive,2.0,"exotic,factory_tuner,high-performance",compact,coupe,20,12,1158,237600
volkswagen,touareg,2017,premium_unleaded_(recommended),280.0,6.0,automatic,all_wheel_drive,4.0,"crossover,performance",midsize,4dr_suv,23,17,873,60195
audi,a4_allroad,2017,premium_unleaded_(recommended),252.0,4.0,automated_manual,all_wheel_drive,4.0,luxury,midsize,wagon,28,23,3105,47000
cadillac,escalade_ext,2012,flex-fuel_(premium_unleaded_recommended/e85),403.0,8.0,automatic,all_wheel_drive,4.0,"crossover,flex_fuel,luxury,performance",large,crew_cab_pickup,18,13,1624,67250
volkswagen,passat,2016,regular_unleaded,170.0,4.0,automatic,front_wheel_drive,4.0,,midsize,sedan,38,25,873,24750
mitsubishi,montero_sport,2003,regular_unleaded,197.0,6.0,automatic,rear_wheel_drive,4.0,,midsize,4dr_suv,20,15,436,27607
acura,ilx,2017,premium_unleaded_(recommended),201.0,4.0,automated_manual,front_wheel_drive,4.0,luxury,compact,sedan,35,25,204,34980
mazda,2,2014,regular_unleaded,100.0,4.0,manual,front_wheel_drive,4.0,hatchback,compact,4dr_hatchback,35,29,586,16210
buick,envision,2016,premium_unleaded_(recommended),252.0,4.0,automatic,all_wheel_drive,4.0,crossover,midsize,4dr_suv,26,20,155,44710
suzuki,xl-7,2004,regular_unleaded,185.0,6.0,automatic,rear_wheel_drive,4.0,,midsize,4dr_suv,21,16,481,22599
toyota,camry_hybrid,2016,regular_unleaded,200.0,4.0,automatic,front_wheel_drive,4.0,hybrid,midsize,sedan,38,40,2031,30140
volkswagen,golf_sportwagen,2015,regular_unleaded,170.0,4.0,automatic,front_wheel_drive,4.0,,compact,wagon,35,25,873,22495
ford,f-150_heritage,2004,regular_unleaded,202.0,6.0,manual,rear_wheel_drive,2.0,,large,regular_cab_pickup,19,15,5657,22315
oldsmobile,toronado,1991,regular_unleaded,170.0,6.0,automatic,front_wheel_drive,2.0,,large,coupe,24,16,26,2000
nissan,murano,2015,regular_unleaded,260.0,6.0,automatic,front_wheel_drive,4.0,crossover,midsize,4dr_suv,28,21,2009,32620
ford,expedition,2017,regular_unleaded,365.0,6.0,automatic,rear_wheel_drive,4.0,,large,4dr_suv,21,15,5657,59940
volkswagen,golf_gti,2016,premium_unleaded_(recommended),210.0,4.0,manual,front_wheel_drive,4.0,"hatchback,performance",compact,4dr_hatchback,34,25,873,28625
gmc,s-15,1990,regular_unleaded,105.0,4.0,manual,rear_wheel_drive,2.0,,compact,regular_cab_pickup,25,21,549,2000
chevrolet,silverado_1500,2016,regular_unleaded,355.0,8.0,automatic,four_wheel_drive,4.0,flex_fuel,large,crew_cab_pickup,22,16,1385,43260
cadillac,escalade_hybrid,2012,regular_unleaded,332.0,8.0,automatic,rear_wheel_drive,4.0,"luxury,hybrid",large,4dr_suv,23,20,1624,73850
chevrolet,malibu_hybrid,2008,regular_unleaded,164.0,4.0,automatic,front_wheel_drive,4.0,hybrid,midsize,sedan,32,24,1385,23640
mazda,mx-5_miata,2014,premium_unleaded_(recommended),167.0,4.0,manual,rear_wheel_drive,2.0,performance,compact,convertible,28,21,586,26905
volkswagen,vanagon,1990,regular_unleaded,90.0,4.0,manual,rear_wheel_drive,3.0,,large,passenger_minivan,18,16,873,2000
dodge,viper,2016,premium_unleaded_(required),645.0,10.0,manual,rear_wheel_drive,2.0,"exotic,high-performance",compact,coupe,21,12,1851,95895
kia,sorento,2016,regular_unleaded,290.0,6.0,automatic,front_wheel_drive,4.0,crossover,midsize,4dr_suv,26,18,1720,38300
cadillac,escalade,2017,premium_unleaded_(recommended),420.0,8.0,automatic,rear_wheel_drive,4.0,"luxury,performance",large,4dr_suv,22,15,1624,82895
infiniti,ex35,2010,premium_unleaded_(recommended),297.0,6.0,automatic,rear_wheel_drive,4.0,"crossover,luxury",midsize,4dr_suv,24,17,190,33800
suzuki,aerio,2005,regular_unleaded,155.0,4.0,manual,front_wheel_drive,4.0,,compact,sedan,28,22,481,15149
nissan,juke,2017,premium_unleaded_(required),211.0,4.0,automatic,all_wheel_drive,4.0,"crossover,hatchback,factory_tuner,performance",compact,4dr_hatchback,29,25,2009,30020
chevrolet,camaro,2017,premium_unleaded_(recommended),275.0,4.0,manual,rear_wheel_drive,2.0,performance,midsize,convertible,30,20,1385,31905
buick,lacrosse,2017,regular_unleaded,310.0,6.0,automatic,front_wheel_drive,4.0,performance,large,sedan,31,21,155,32065
volkswagen,routan,2012,flex-fuel_(unleaded/e85),283.0,6.0,automatic,front_wheel_drive,4.0,flex_fuel,midsize,passenger_minivan,25,17,873,37890
land_rover,range_rover,2015,flex-fuel_(premium_unleaded_required/e85),510.0,8.0,automatic,four_wheel_drive,4.0,"flex_fuel,luxury,high-performance",large,4dr_suv,19,13,258,137995
porsche,911,2015,premium_unleaded_(required),560.0,6.0,automated_manual,all_wheel_drive,2.0,"luxury,high-performance",compact,coupe,24,17,1715,182700
ferrari,456m,2003,premium_unleaded_(required),442.0,12.0,automatic,rear_wheel_drive,2.0,"exotic,high-performance",compact,coupe,14,9,2774,228625
chrysler,pacifica,2017,regular_unleaded,287.0,6.0,automatic,front_wheel_drive,4.0,,midsize,passenger_minivan,28,18,1013,30495
mercedes-benz,420-class,1991,regular_unleaded,201.0,8.0,automatic,rear_wheel_drive,4.0,luxury,large,sedan,17,14,617,2186
cadillac,ats_coupe,2015,flex-fuel_(unleaded/e85),321.0,6.0,automatic,all_wheel_drive,2.0,"flex_fuel,luxury,high-performance",compact,coupe,26,18,1624,47750
lamborghini,huracan,2016,premium_unleaded_(required),610.0,10.0,automated_manual,all_wheel_drive,2.0,"exotic,high-performance",compact,coupe,21,14,1158,238500
acura,ilx,2015,premium_unleaded_(recommended),150.0,4.0,automatic,front_wheel_drive,4.0,luxury,compact,sedan,35,24,204,27050
ford,focus,2016,electric,,0.0,direct_drive,front_wheel_drive,4.0,hatchback,compact,4dr_hatchback,99,110,5657,29170
honda,cr-z,2016,regular_unleaded,130.0,4.0,manual,front_wheel_drive,2.0,"hatchback,hybrid",compact,2dr_hatchback,38,31,2202,22140
honda,cr-z,2016,regular_unleaded,130.0,4.0,automatic,front_wheel_drive,2.0,"hatchback,hybrid",compact,2dr_hatchback,39,36,2202,25090
toyota,sequoia,2016,flex-fuel_(unleaded/e85),381.0,8.0,automatic,four_wheel_drive,4.0,flex_fuel,large,4dr_suv,17,13,2031,57340
ford,windstar,2003,regular_unleaded,200.0,6.0,automatic,front_wheel_drive,4.0,,midsize,passenger_minivan,22,16,5657,29230
mercedes-benz,clk-class,2009,premium_unleaded_(required),268.0,6.0,automatic,rear_wheel_drive,2.0,"luxury,performance",midsize,convertible,25,17,617,56100
honda,civic,2017,regular_unleaded,158.0,4.0,automatic,front_wheel_drive,4.0,,midsize,sedan,40,31,2202,22140
toyota,echo,2004,regular_unleaded,108.0,4.0,automatic,front_wheel_drive,2.0,,compact,coupe,36,28,2031,11155
volkswagen,gti,2013,premium_unleaded_(recommended),200.0,4.0,manual,front_wheel_drive,2.0,"hatchback,performance",compact,2dr_hatchback,31,21,873,26795
land_rover,discovery_series_ii,2002,premium_unleaded_(required),188.0,8.0,automatic,four_wheel_drive,4.0,luxury,midsize,4dr_suv,16,12,258,37150
mazda,cx-9,2016,regular_unleaded,227.0,4.0,automatic,front_wheel_drive,4.0,crossover,large,4dr_suv,28,22,586,35970
lexus,hs_250h,2012,regular_unleaded,187.0,4.0,automatic,front_wheel_drive,4.0,"luxury,hybrid",midsize,sedan,34,35,454,37030
gmc,envoy,2007,regular_unleaded,302.0,8.0,automatic,four_wheel_drive,4.0,,midsize,4dr_suv,19,13,549,37190
cadillac,dts,2009,regular_unleaded,275.0,8.0,automatic,front_wheel_drive,4.0,luxury,large,sedan,23,15,1624,51460
oldsmobile,eighty-eight,1998,regular_unleaded,205.0,6.0,automatic,front_wheel_drive,4.0,,large,sedan,27,17,26,2098
lamborghini,aventador,2014,premium_unleaded_(required),720.0,12.0,automated_manual,all_wheel_drive,2.0,"exotic,high-performance",midsize,convertible,16,10,1158,548800
gmc,acadia,2016,regular_unleaded,281.0,6.0,automatic,all_wheel_drive,4.0,crossover,midsize,4dr_suv,22,15,549,44295
audi,a4_allroad,2017,premium_unleaded_(recommended),252.0,4.0,automated_manual,all_wheel_drive,4.0,luxury,midsize,wagon,28,23,3105,44000
volkswagen,jetta_sportwagen,2014,diesel,140.0,4.0,manual,front_wheel_drive,4.0,diesel,compact,wagon,42,30,873,28365
suzuki,xl-7,2005,regular_unleaded,185.0,6.0,automatic,rear_wheel_drive,4.0,,midsize,4dr_suv,21,16,481,22899
pontiac,g6,2009,regular_unleaded,164.0,4.0,automatic,front_wheel_drive,4.0,,midsize,sedan,30,22,210,19275
buick,lacrosse,2017,regular_unleaded,310.0,6.0,automatic,front_wheel_drive,4.0,performance,large,sedan,31,21,155,41065
cadillac,brougham,1990,regular_unleaded,140.0,8.0,automatic,rear_wheel_drive,4.0,luxury,large,sedan,22,15,1624,2000
chevrolet,corvette,2015,premium_unleaded_(recommended),455.0,8.0,manual,rear_wheel_drive,2.0,high-performance,compact,coupe,29,17,1385,64450
kia,k900,2016,regular_unleaded,311.0,6.0,automatic,rear_wheel_drive,4.0,luxury,large,sedan,26,17,1720,54900
ford,expedition,2016,regular_unleaded,365.0,6.0,automatic,four_wheel_drive,4.0,,large,4dr_suv,20,15,5657,63375
chevrolet,camaro,2017,premium_unleaded_(recommended),275.0,4.0,manual,rear_wheel_drive,2.0,performance,midsize,coupe,30,20,1385,25905
infiniti,q40,2015,premium_unleaded_(required),328.0,6.0,automatic,rear_wheel_drive,4.0,"luxury,performance",midsize,sedan,27,19,190,33950
ford,focus,2016,flex-fuel_(unleaded/e85),160.0,4.0,manual,front_wheel_drive,4.0,flex_fuel,compact,sedan,36,26,5657,17225
lotus,evora_400,2017,premium_unleaded_(required),400.0,6.0,manual,rear_wheel_drive,2.0,"exotic,high-performance",compact,coupe,39,21,613,91900
gmc,acadia,2017,regular_unleaded,194.0,4.0,automatic,front_wheel_drive,4.0,crossover,midsize,4dr_suv,26,21,549,35070
dodge,durango,2016,regular_unleaded,293.0,6.0,automatic,rear_wheel_drive,4.0,"crossover,performance",large,4dr_suv,27,19,1851,30495
chevrolet,silverado_1500_classic,2007,flex-fuel_(unleaded/e85),295.0,8.0,automatic,rear_wheel_drive,4.0,flex_fuel,large,extended_cab_pickup,19,14,1385,28705
chevrolet,silverado_1500_classic,2007,flex-fuel_(unleaded/e85),295.0,8.0,automatic,rear_wheel_drive,4.0,flex_fuel,large,crew_cab_pickup,19,14,1385,32330
suzuki,swift,1999,regular_unleaded,79.0,4.0,manual,front_wheel_drive,2.0,hatchback,compact,2dr_hatchback,39,33,481,2000
infiniti,qx70,2015,premium_unleaded_(required),325.0,6.0,automatic,rear_wheel_drive,4.0,"crossover,luxury,performance",midsize,4dr_suv,24,17,190,45850
acura,legend,1995,regular_unleaded,230.0,6.0,manual,front_wheel_drive,2.0,"luxury,performance",midsize,coupe,24,16,204,2506
nissan,rogue,2017,regular_unleaded,170.0,4.0,automatic,front_wheel_drive,4.0,crossover,midsize,4dr_suv,33,26,2009,29960
mitsubishi,lancer_evolution,2014,premium_unleaded_(required),291.0,4.0,manual,all_wheel_drive,4.0,"factory_tuner,performance",compact,sedan,23,17,436,34995
chevrolet,sonic,2016,regular_unleaded,138.0,4.0,manual,front_wheel_drive,4.0,hatchback,compact,4dr_hatchback,34,27,1385,20095
toyota,camry_solara,2006,regular_unleaded,225.0,6.0,automatic,front_wheel_drive,2.0,,midsize,coupe,27,18,2031,21860
ford,f-250,1997,regular_unleaded,220.0,8.0,manual,four_wheel_drive,2.0,,large,regular_cab_pickup,17,12,5657,3214
acura,zdx,2012,premium_unleaded_(required),300.0,6.0,automatic,all_wheel_drive,4.0,"crossover,hatchback,luxury",midsize,4dr_hatchback,23,16,204,50620
volkswagen,touareg,2016,premium_unleaded_(recommended),280.0,6.0,automatic,all_wheel_drive,4.0,"crossover,performance",midsize,4dr_suv,23,17,873,59745
audi,100,1992,regular_unleaded,172.0,6.0,automatic,all_wheel_drive,4.0,luxury,midsize,wagon,20,16,3105,2000
bmw,x3,2017,premium_unleaded_(required),240.0,4.0,automatic,all_wheel_drive,4.0,"crossover,luxury",midsize,4dr_suv,28,21,3916,41250
ford,explorer_sport,2002,regular_unleaded,203.0,6.0,automatic,rear_wheel_drive,2.0,,midsize,2dr_suv,20,15,5657,24615
toyota,prius,2015,regular_unleaded,134.0,4.0,automatic,front_wheel_drive,4.0,"hatchback,hybrid",compact,4dr_hatchback,48,51,2031,24200
subaru,baja,2004,regular_unleaded,165.0,4.0,automatic,all_wheel_drive,4.0,crossover,compact,crew_cab_pickup,25,19,640,22795
chevrolet,camaro,2016,premium_unleaded_(recommended),455.0,8.0,manual,rear_wheel_drive,2.0,high-performance,midsize,convertible,25,16,1385,48300
mitsubishi,outlander_sport,2015,regular_unleaded,148.0,4.0,manual,front_wheel_drive,4.0,crossover,compact,4dr_suv,30,24,436,19595
bmw,m4,2015,premium_unleaded_(required),425.0,6.0,manual,rear_wheel_drive,2.0,"factory_tuner,luxury,high-performance",midsize,coupe,26,17,3916,64200
chrysler,300,2015,regular_unleaded,292.0,6.0,automatic,all_wheel_drive,4.0,,large,sedan,27,18,1013,34195
volkswagen,cc,2015,premium_unleaded_(recommended),280.0,6.0,automated_manual,all_wheel_drive,4.0,performance,midsize,sedan,25,17,873,43575
nissan,xterra,2013,regular_unleaded,261.0,6.0,automatic,four_wheel_drive,4.0,,midsize,4dr_suv,20,15,2009,30490
mitsubishi,lancer_evolution,2015,premium_unleaded_(required),303.0,4.0,manual,all_wheel_drive,4.0,"factory_tuner,high-performance",compact,sedan,23,17,436,37995
acura,tsx,2012,premium_unleaded_(recommended),201.0,4.0,automatic,front_wheel_drive,4.0,luxury,midsize,sedan,31,22,204,30010
chrysler,300,2016,regular_unleaded,292.0,6.0,automatic,rear_wheel_drive,4.0,performance,large,sedan,31,19,1013,42690
volvo,v90,1998,regular_unleaded,181.0,6.0,automatic,rear_wheel_drive,4.0,luxury,midsize,wagon,23,16,870,2200
volvo,850,1995,regular_unleaded,168.0,5.0,manual,front_wheel_drive,4.0,luxury,midsize,wagon,26,18,870,2000
toyota,mr2_spyder,2005,regular_unleaded,138.0,4.0,manual,rear_wheel_drive,2.0,performance,compact,convertible,29,23,2031,25145
ford,taurus,2016,flex-fuel_(unleaded/e85),288.0,6.0,automatic,front_wheel_drive,4.0,flex_fuel,large,sedan,27,18,5657,27110
infiniti,g_sedan,2011,premium_unleaded_(recommended),328.0,6.0,automatic,rear_wheel_drive,4.0,"luxury,performance",midsize,sedan,27,19,190,39950
kia,amanti,2008,regular_unleaded,264.0,6.0,automatic,front_wheel_drive,4.0,,midsize,sedan,24,17,1720,25495
gmc,acadia,2017,regular_unleaded,310.0,6.0,automatic,all_wheel_drive,4.0,crossover,midsize,4dr_suv,25,18,549,46920
ford,explorer_sport,2003,regular_unleaded,203.0,6.0,automatic,rear_wheel_drive,2.0,,midsize,2dr_suv,19,14,5657,25595
mazda,929,1994,regular_unleaded,193.0,6.0,automatic,rear_wheel_drive,4.0,,midsize,sedan,22,17,586,2000
nissan,armada,2015,regular_unleaded,317.0,8.0,automatic,four_wheel_drive,4.0,,large,4dr_suv,18,12,2009,53680
pontiac,le_mans,1993,regular_unleaded,74.0,4.0,manual,front_wheel_drive,2.0,,compact,coupe,37,26,210,2000
cadillac,escalade,2015,flex-fuel_(unleaded/e85),420.0,8.0,automatic,four_wheel_drive,4.0,"flex_fuel,luxury",large,4dr_suv,21,14,1624,74295
volkswagen,jetta,2017,premium_unleaded_(recommended),170.0,4.0,automatic,front_wheel_drive,4.0,,midsize,sedan,35,25,873,24995
land_rover,discovery_sport,2015,premium_unleaded_(recommended),240.0,4.0,automatic,all_wheel_drive,4.0,"crossover,luxury",midsize,4dr_suv,26,20,258,41570
toyota,tundra,2016,flex-fuel_(unleaded/e85),381.0,8.0,automatic,four_wheel_drive,4.0,flex_fuel,large,crew_cab_pickup,17,13,2031,38020
mitsubishi,expo,1994,regular_unleaded,136.0,4.0,manual,front_wheel_drive,2.0,hatchback,compact,2dr_hatchback,25,19,436,2000
porsche,911,2017,premium_unleaded_(required),420.0,6.0,manual,all_wheel_drive,2.0,"luxury,high-performance",compact,coupe,28,20,1715,110300
suzuki,aerio,2007,regular_unleaded,155.0,4.0,automatic,all_wheel_drive,4.0,,compact,sedan,26,21,481,17199
mercedes-benz,e-class,2016,premium_unleaded_(required),329.0,6.0,automatic,rear_wheel_drive,4.0,"luxury,performance",midsize,sedan,29,20,617,63100
nissan,240sx,1997,regular_unleaded,155.0,4.0,manual,rear_wheel_drive,2.0,performance,compact,coupe,26,19,2009,4182
buick,regal,2016,premium_unleaded_(recommended),259.0,4.0,automatic,all_wheel_drive,4.0,performance,midsize,sedan,27,19,155,36490
chevrolet,silverado_1500,2015,flex-fuel_(unleaded/e85),285.0,6.0,automatic,four_wheel_drive,2.0,flex_fuel,large,regular_cab_pickup,22,17,1385,35135
acura,tlx,2015,premium_unleaded_(recommended),290.0,6.0,automatic,front_wheel_drive,4.0,luxury,midsize,sedan,34,21,204,35320
dodge,ram_pickup_1500,2009,flex-fuel_(unleaded/e85),310.0,8.0,automatic,rear_wheel_drive,4.0,flex_fuel,large,crew_cab_pickup,19,14,1851,29530
toyota,tundra,2016,flex-fuel_(unleaded/e85),381.0,8.0,automatic,four_wheel_drive,4.0,flex_fuel,large,extended_cab_pickup,17,13,2031,33890
chevrolet,aveo,2010,regular_unleaded,108.0,4.0,manual,front_wheel_drive,4.0,,compact,sedan,35,27,1385,14100
scion,tc,2014,regular_unleaded,179.0,4.0,automatic,front_wheel_drive,2.0,hatchback,compact,2dr_hatchback,31,23,105,22400
ford,explorer_sport_trac,2010,regular_unleaded,210.0,6.0,automatic,four_wheel_drive,4.0,crossover,compact,crew_cab_pickup,19,13,5657,30735
audi,a4,2015,premium_unleaded_(required),220.0,4.0,automatic,front_wheel_drive,4.0,luxury,midsize,sedan,32,24,3105,37600
audi,a3,2016,premium_unleaded_(recommended),220.0,4.0,automated_manual,all_wheel_drive,2.0,luxury,compact,convertible,32,23,3105,43100
bentley,azure,2007,premium_unleaded_(required),450.0,8.0,automatic,rear_wheel_drive,2.0,"exotic,luxury",large,convertible,15,10,520,329990
dodge,ram_50_pickup,1991,regular_unleaded,143.0,6.0,manual,four_wheel_drive,2.0,,compact,regular_cab_pickup,20,15,1851,2000
honda,pilot,2015,regular_unleaded,250.0,6.0,automatic,four_wheel_drive,4.0,crossover,midsize,4dr_suv,24,17,2202,38570
ford,escape_hybrid,2010,regular_unleaded,177.0,4.0,automatic,front_wheel_drive,4.0,"crossover,hybrid",compact,4dr_suv,31,34,5657,29860
fiat,500x,2016,regular_unleaded,180.0,4.0,automatic,front_wheel_drive,4.0,crossover,compact,4dr_suv,31,22,819,22735
dodge,durango,2015,regular_unleaded,290.0,6.0,automatic,rear_wheel_drive,4.0,"crossover,performance",large,4dr_suv,25,18,1851,36895
toyota,prius_v,2016,regular_unleaded,134.0,4.0,automatic,front_wheel_drive,4.0,hybrid,midsize,wagon,40,44,2031,28060
audi,allroad,2014,premium_unleaded_(recommended),220.0,4.0,automatic,all_wheel_drive,4.0,luxury,midsize,wagon,27,20,3105,40700
volkswagen,tiguan,2017,premium_unleaded_(recommended),200.0,4.0,automatic,all_wheel_drive,4.0,crossover,compact,4dr_suv,24,20,873,26970
dodge,magnum,2006,regular_unleaded,190.0,6.0,automatic,rear_wheel_drive,4.0,,large,wagon,26,18,1851,22680
bmw,i3,2015,electric,170.0,0.0,direct_drive,rear_wheel_drive,4.0,"hatchback,luxury",compact,4dr_hatchback,111,137,3916,42400
nissan,versa,2017,regular_unleaded,109.0,4.0,automatic,front_wheel_drive,4.0,,compact,sedan,39,31,2009,14130
hyundai,veloster,2014,regular_unleaded,132.0,4.0,automated_manual,front_wheel_drive,3.0,hatchback,compact,2dr_hatchback,36,28,1439,19050
infiniti,m35,2009,premium_unleaded_(recommended),275.0,6.0,automatic,all_wheel_drive,4.0,"luxury,performance",large,sedan,22,16,190,47950
volkswagen,jetta_sportwagen,2013,diesel,140.0,4.0,automated_manual,front_wheel_drive,4.0,diesel,compact,wagon,39,29,873,29495
mazda,929,1993,regular_unleaded,195.0,6.0,automatic,rear_wheel_drive,4.0,,midsize,sedan,22,17,586,2000
kia,spectra,2007,regular_unleaded,138.0,4.0,manual,front_wheel_drive,4.0,,compact,wagon,30,23,1720,15995
volvo,850,1996,regular_unleaded,222.0,5.0,automatic,front_wheel_drive,4.0,"luxury,performance",midsize,wagon,24,17,870,2000
porsche,911,2015,premium_unleaded_(required),430.0,6.0,manual,all_wheel_drive,2.0,"luxury,high-performance",compact,coupe,26,18,1715,120900
dodge,ram_van,2000,regular_unleaded,175.0,6.0,automatic,rear_wheel_drive,3.0,,midsize,cargo_van,16,13,1851,2237
lexus,rx_330,2005,regular_unleaded,230.0,6.0,automatic,all_wheel_drive,4.0,"crossover,luxury",midsize,4dr_suv,22,16,454,37425
maserati,granturismo,2014,premium_unleaded_(required),454.0,8.0,automatic,rear_wheel_drive,2.0,"exotic,luxury,high-performance",large,coupe,21,13,238,126500
lincoln,navigator,2015,regular_unleaded,365.0,6.0,automatic,four_wheel_drive,4.0,luxury,large,4dr_suv,20,15,61,65055
dodge,dart,2014,regular_unleaded,184.0,4.0,manual,front_wheel_drive,4.0,,midsize,sedan,35,22,1851,18595
ford,flex,2016,regular_unleaded,287.0,6.0,automatic,all_wheel_drive,4.0,"crossover,performance",large,wagon,22,16,5657,34250
chevrolet,spark,2015,regular_unleaded,84.0,4.0,automatic,front_wheel_drive,4.0,hatchback,compact,4dr_hatchback,39,30,1385,16535
mercedes-benz,g-class,2016,premium_unleaded_(required),563.0,8.0,automatic,four_wheel_drive,4.0,"factory_tuner,luxury",midsize,4dr_suv,14,12,617,139900
dodge,shadow,1993,regular_unleaded,100.0,4.0,manual,front_wheel_drive,2.0,hatchback,compact,2dr_hatchback,29,22,1851,2000
mazda,millenia,2000,regular_unleaded,170.0,6.0,automatic,front_wheel_drive,4.0,,midsize,sedan,24,17,586,2138
dodge,ram_pickup_1500,2008,regular_unleaded,310.0,8.0,manual,four_wheel_drive,2.0,flex_fuel,large,regular_cab_pickup,16,12,1851,29395
chevrolet,camaro,2016,premium_unleaded_(recommended),275.0,4.0,manual,rear_wheel_drive,2.0,performance,midsize,coupe,30,21,1385,25700
nissan,370z,2017,premium_unleaded_(required),350.0,6.0,manual,rear_wheel_drive,2.0,"factory_tuner,high-performance",compact,coupe,26,18,2009,41990
ford,f-150,2015,flex-fuel_(unleaded/e85),282.0,6.0,automatic,four_wheel_drive,4.0,flex_fuel,large,crew_cab_pickup,23,17,5657,40050
pontiac,solstice,2009,premium_unleaded_(recommended),260.0,4.0,manual,rear_wheel_drive,2.0,"factory_tuner,high-performance",compact,coupe,28,19,210,30375
chrysler,new_yorker,1994,regular_unleaded,214.0,6.0,automatic,front_wheel_drive,4.0,,large,sedan,24,16,1013,2000
honda,civic,2017,regular_unleaded,174.0,4.0,automatic,front_wheel_drive,2.0,performance,compact,coupe,40,31,2202,26225
dodge,dakota,2010,regular_unleaded,210.0,6.0,automatic,rear_wheel_drive,4.0,flex_fuel,compact,crew_cab_pickup,20,15,1851,26325
ford,explorer,2017,flex-fuel_(unleaded/e85),290.0,6.0,automatic,front_wheel_drive,4.0,"crossover,flex_fuel",midsize,4dr_suv,24,17,5657,31160
bmw,activehybrid_x6,2010,premium_unleaded_(required),480.0,8.0,automatic,all_wheel_drive,4.0,"crossover,luxury,performance,hybrid",midsize,4dr_suv,19,17,3916,88900
mazda,3,2015,regular_unleaded,155.0,4.0,automatic,front_wheel_drive,4.0,,compact,sedan,41,30,586,23795
land_rover,range_rover_sport,2015,flex-fuel_(premium_unleaded_required/e85),510.0,8.0,automatic,four_wheel_drive,4.0,"flex_fuel,luxury,high-performance",midsize,4dr_suv,19,14,258,79995
oldsmobile,cutlass_calais,1991,regular_unleaded,160.0,4.0,automatic,front_wheel_drive,2.0,,compact,coupe,30,21,26,2000
chevrolet,c/k_2500_series,1998,regular_unleaded,230.0,8.0,manual,rear_wheel_drive,2.0,,large,regular_cab_pickup,17,13,1385,2697
gmc,sierra_1500,2015,regular_unleaded,355.0,8.0,automatic,rear_wheel_drive,4.0,,large,crew_cab_pickup,23,16,549,43660
ford,ranger,2011,regular_unleaded,207.0,6.0,manual,four_wheel_drive,4.0,,compact,extended_cab_pickup,19,15,5657,25060
lotus,exige,2009,premium_unleaded_(recommended),240.0,4.0,manual,rear_wheel_drive,2.0,"exotic,high-performance",compact,coupe,26,20,613,65690
nissan,stanza,1992,regular_unleaded,138.0,4.0,automatic,front_wheel_drive,4.0,,compact,sedan,25,18,2009,2000
cadillac,cts_wagon,2014,regular_unleaded,270.0,6.0,automatic,rear_wheel_drive,4.0,luxury,midsize,wagon,26,18,1624,42195
chevrolet,aveo,2010,regular_unleaded,108.0,4.0,manual,front_wheel_drive,4.0,hatchback,compact,4dr_hatchback,35,27,1385,14250
dodge,ram_150,1993,regular_unleaded,180.0,6.0,manual,four_wheel_drive,2.0,,large,regular_cab_pickup,16,11,1851,2000
volvo,xc70,2016,regular_unleaded,240.0,4.0,automatic,front_wheel_drive,4.0,"crossover,luxury",midsize,wagon,31,23,870,41550
gmc,envoy,2008,regular_unleaded,285.0,6.0,automatic,rear_wheel_drive,4.0,,midsize,4dr_suv,20,14,549,31885
mercedes-benz,cls-class,2015,premium_unleaded_(required),329.0,6.0,automatic,all_wheel_drive,4.0,"luxury,performance",midsize,sedan,28,20,617,68490
volkswagen,corrado,1992,regular_unleaded,158.0,4.0,manual,front_wheel_drive,2.0,"hatchback,performance",compact,2dr_hatchback,26,18,873,2000
dodge,dakota,2009,regular_unleaded,210.0,6.0,automatic,rear_wheel_drive,4.0,flex_fuel,compact,extended_cab_pickup,20,15,1851,23710
buick,lucerne,2009,flex-fuel_(unleaded/e85),227.0,6.0,automatic,front_wheel_drive,4.0,flex_fuel,large,sedan,26,17,155,29265
chevrolet,silverado_1500,2017,regular_unleaded,355.0,8.0,automatic,rear_wheel_drive,4.0,flex_fuel,large,crew_cab_pickup,23,16,1385,39230
volkswagen,golf,2016,regular_unleaded,170.0,4.0,automatic,front_wheel_drive,2.0,hatchback,compact,2dr_hatchback,36,25,873,19595
mazda,5,2014,regular_unleaded,157.0,4.0,manual,front_wheel_drive,4.0,,compact,passenger_minivan,28,21,586,20140
gmc,canyon,2015,regular_unleaded,305.0,6.0,automatic,four_wheel_drive,4.0,,compact,crew_cab_pickup,24,17,549,36950
kia,soul,2015,regular_unleaded,130.0,4.0,automatic,front_wheel_drive,4.0,,compact,wagon,30,24,1720,17190
volkswagen,jetta_sportwagen,2013,diesel,140.0,4.0,manual,front_wheel_drive,4.0,diesel,compact,wagon,42,30,873,25795
saab,9000,1996,regular_unleaded,210.0,6.0,automatic,front_wheel_drive,4.0,"hatchback,luxury",midsize,4dr_hatchback,24,16,376,2000
audi,a4,2016,premium_unleaded_(required),220.0,4.0,manual,all_wheel_drive,4.0,luxury,midsize,sedan,32,22,3105,37000
fiat,500,2016,premium_unleaded_(recommended),160.0,4.0,manual,front_wheel_drive,2.0,"hatchback,factory_tuner,performance",compact,2dr_hatchback,34,28,819,22575
mercedes-benz,cls-class,2015,premium_unleaded_(required),329.0,6.0,automatic,rear_wheel_drive,4.0,"luxury,performance",midsize,sedan,30,20,617,65990
mercedes-benz,clk-class,2008,premium_unleaded_(required),500.0,8.0,automatic,rear_wheel_drive,2.0,"factory_tuner,luxury,high-performance",compact,coupe,19,12,617,135000
chevrolet,suburban,2017,flex-fuel_(unleaded/e85),355.0,8.0,automatic,rear_wheel_drive,4.0,"flex_fuel,performance",large,4dr_suv,23,16,1385,49915
gmc,savana,2015,flex-fuel_(unleaded/e85),285.0,8.0,automatic,rear_wheel_drive,3.0,flex_fuel,midsize,passenger_van,17,11,549,32190
lincoln,mkx,2016,regular_unleaded,303.0,6.0,automatic,all_wheel_drive,4.0,"crossover,luxury",midsize,4dr_suv,26,17,61,44045
subaru,justy,1994,regular_unleaded,73.0,3.0,manual,front_wheel_drive,2.0,hatchback,compact,2dr_hatchback,33,28,640,2000
ferrari,458_italia,2014,premium_unleaded_(required),562.0,8.0,automated_manual,rear_wheel_drive,2.0,"exotic,high-performance",compact,coupe,17,13,2774,233509
bmw,3_series,2016,premium_unleaded_(required),180.0,4.0,automatic,rear_wheel_drive,4.0,luxury,midsize,sedan,36,24,3916,33150
gmc,sierra_1500,2016,regular_unleaded,355.0,8.0,automatic,rear_wheel_drive,4.0,,large,crew_cab_pickup,23,16,549,44420
ford,transit_wagon,2015,flex-fuel_(unleaded/e85),275.0,6.0,automatic,rear_wheel_drive,3.0,"flex_fuel,diesel",midsize,passenger_van,19,14,5657,37420
toyota,sequoia,2017,flex-fuel_(unleaded/e85),381.0,8.0,automatic,four_wheel_drive,4.0,flex_fuel,large,4dr_suv,17,13,2031,57475
cadillac,escalade,2015,flex-fuel_(unleaded/e85),420.0,8.0,automatic,rear_wheel_drive,4.0,"flex_fuel,luxury,performance",large,4dr_suv,21,15,1624,80195
gmc,sierra_1500,2015,regular_unleaded,355.0,8.0,automatic,four_wheel_drive,4.0,,large,crew_cab_pickup,22,16,549,46810
dodge,challenger,2017,premium_unleaded_(recommended),707.0,8.0,manual,rear_wheel_drive,2.0,"factory_tuner,high-performance",large,coupe,21,13,1851,62495
cadillac,ats,2015,premium_unleaded_(recommended),272.0,4.0,automatic,all_wheel_drive,4.0,"luxury,performance",compact,sedan,28,20,1624,46715
toyota,tundra,2016,flex-fuel_(unleaded/e85),381.0,8.0,automatic,four_wheel_drive,4.0,flex_fuel,large,crew_cab_pickup,17,13,2031,43585
ford,e-series_van,2013,flex-fuel_(unleaded/e85),225.0,8.0,automatic,rear_wheel_drive,3.0,flex_fuel,midsize,cargo_van,17,13,5657,27325
toyota,highlander,2016,regular_unleaded,270.0,6.0,automatic,all_wheel_drive,4.0,crossover,midsize,4dr_suv,24,18,2031,42375
maserati,granturismo_convertible,2015,premium_unleaded_(required),454.0,8.0,automatic,rear_wheel_drive,2.0,"exotic,factory_tuner,luxury,high-performance",midsize,convertible,20,13,238,161070
kia,sorento,2017,regular_unleaded,240.0,4.0,automatic,front_wheel_drive,4.0,crossover,midsize,4dr_suv,27,20,1720,31500
chevrolet,silverado_1500_hybrid,2012,regular_unleaded,332.0,8.0,automatic,four_wheel_drive,4.0,hybrid,large,crew_cab_pickup,23,20,1385,42840
saab,900,1997,regular_unleaded,185.0,4.0,manual,front_wheel_drive,2.0,"hatchback,luxury,performance",compact,2dr_hatchback,25,18,376,2000
audi,a3,2016,premium_unleaded_(recommended),220.0,4.0,automated_manual,all_wheel_drive,2.0,luxury,compact,convertible,32,23,3105,42300
subaru,impreza,2015,regular_unleaded,148.0,4.0,manual,all_wheel_drive,4.0,,compact,sedan,34,25,640,18195
plymouth,colt,1994,regular_unleaded,92.0,4.0,manual,front_wheel_drive,2.0,,compact,coupe,35,28,535,2000
land_rover,range_rover_evoque,2016,premium_unleaded_(recommended),240.0,4.0,automatic,all_wheel_drive,4.0,"crossover,luxury",compact,4dr_suv,30,21,258,53775
ford,freestar,2007,regular_unleaded,201.0,6.0,automatic,front_wheel_drive,4.0,,midsize,passenger_minivan,21,15,5657,29575
aston_martin,v8_vantage,2016,premium_unleaded_(required),430.0,8.0,manual,rear_wheel_drive,2.0,"exotic,high-performance",compact,convertible,19,13,259,117800
cadillac,srx,2016,regular_unleaded,308.0,6.0,automatic,all_wheel_drive,4.0,"crossover,luxury",midsize,4dr_suv,23,16,1624,46135
bmw,x4,2017,premium_unleaded_(required),240.0,4.0,automatic,all_wheel_drive,4.0,"crossover,luxury",midsize,4dr_suv,28,20,3916,45550
audi,a8,2016,premium_unleaded_(required),450.0,8.0,automatic,all_wheel_drive,4.0,"luxury,high-performance",large,sedan,29,18,3105,90500
land_rover,lr2,2014,premium_unleaded_(recommended),240.0,4.0,automatic,all_wheel_drive,4.0,"crossover,luxury",compact,4dr_suv,24,17,258,39100
volvo,xc60,2016,regular_unleaded,250.0,5.0,automatic,all_wheel_drive,4.0,"crossover,luxury",midsize,4dr_suv,26,19,870,41350
nissan,pathfinder,2016,regular_unleaded,260.0,6.0,automatic,four_wheel_drive,4.0,crossover,large,4dr_suv,26,19,2009,38100
infiniti,qx60,2017,premium_unleaded_(recommended),295.0,6.0,automatic,all_wheel_drive,4.0,"crossover,luxury",large,4dr_suv,26,19,190,44900
chevrolet,corvette,2016,premium_unleaded_(required),650.0,8.0,manual,rear_wheel_drive,2.0,"factory_tuner,high-performance",compact,convertible,22,15,1385,92345
mitsubishi,mirage,2015,regular_unleaded,74.0,3.0,manual,front_wheel_drive,4.0,hatchback,compact,4dr_hatchback,42,34,436,12995
volkswagen,beetle_convertible,2015,premium_unleaded_(recommended),210.0,4.0,automated_manual,front_wheel_drive,2.0,performance,compact,convertible,29,23,873,35975
ford,transit_connect,2017,flex-fuel_(unleaded/e85),169.0,4.0,automatic,front_wheel_drive,4.0,,compact,cargo_minivan,27,20,5657,25425
cadillac,srx,2014,regular_unleaded,308.0,6.0,automatic,all_wheel_drive,4.0,"crossover,luxury",midsize,4dr_suv,23,16,1624,50955
hyundai,tiburon,2007,regular_unleaded,138.0,4.0,manual,front_wheel_drive,2.0,hatchback,compact,2dr_hatchback,28,20,1439,16695
bmw,x6,2016,premium_unleaded_(required),300.0,6.0,automatic,rear_wheel_drive,4.0,"crossover,luxury",midsize,4dr_suv,25,18,3916,60600
bmw,alpina_b7,2014,premium_unleaded_(required),540.0,8.0,automatic,rear_wheel_drive,4.0,"factory_tuner,luxury,high-performance",large,sedan,25,16,3916,128300
acura,integra,2001,regular_unleaded,140.0,4.0,automatic,front_wheel_drive,4.0,luxury,compact,sedan,28,21,204,22400
audi,allroad_quattro,2005,regular_unleaded,250.0,6.0,automatic,all_wheel_drive,4.0,"crossover,luxury,performance",midsize,wagon,20,15,3105,40250
suzuki,sx4,2013,regular_unleaded,148.0,4.0,automatic,all_wheel_drive,4.0,"crossover,hatchback",compact,4dr_hatchback,29,23,481,20449
lamborghini,huracan,2016,premium_unleaded_(required),610.0,10.0,automated_manual,all_wheel_drive,2.0,"exotic,high-performance",compact,convertible,20,14,1158,262350
mazda,6,2016,regular_unleaded,184.0,4.0,manual,front_wheel_drive,4.0,,midsize,sedan,37,25,586,23945
subaru,xv_crosstrek,2013,regular_unleaded,148.0,4.0,automatic,all_wheel_drive,4.0,crossover,compact,4dr_suv,33,25,640,22995
chevrolet,trailblazer,2007,regular_unleaded,291.0,6.0,automatic,four_wheel_drive,4.0,,midsize,4dr_suv,20,14,1385,27340
hyundai,veloster,2015,regular_unleaded,132.0,4.0,automated_manual,front_wheel_drive,3.0,hatchback,compact,2dr_hatchback,36,27,1439,21950
chevrolet,silverado_1500,2017,flex-fuel_(unleaded/e85),285.0,6.0,automatic,four_wheel_drive,4.0,flex_fuel,large,extended_cab_pickup,22,17,1385,35590
cadillac,ats_coupe,2016,regular_unleaded,335.0,6.0,automatic,rear_wheel_drive,2.0,"luxury,high-performance",compact,coupe,30,20,1624,50835
mitsubishi,diamante,2003,premium_unleaded_(required),205.0,6.0,automatic,front_wheel_drive,4.0,,midsize,sedan,23,16,436,25997
chevrolet,equinox,2016,regular_unleaded,182.0,4.0,automatic,front_wheel_drive,4.0,crossover,compact,4dr_suv,32,22,1385,25210
acura,mdx,2016,premium_unleaded_(recommended),290.0,6.0,automatic,all_wheel_drive,4.0,"crossover,luxury",midsize,4dr_suv,26,18,204,50640
gmc,sierra_1500_classic,2007,regular_unleaded,295.0,8.0,automatic,rear_wheel_drive,4.0,,large,extended_cab_pickup,19,14,549,28915
chevrolet,colorado,2012,regular_unleaded,300.0,8.0,automatic,rear_wheel_drive,4.0,performance,compact,extended_cab_pickup,20,14,1385,27010
infiniti,m,2013,premium_unleaded_(required),420.0,8.0,automatic,all_wheel_drive,4.0,"luxury,performance",large,sedan,23,16,190,63700
volkswagen,beetle,2015,premium_unleaded_(recommended),210.0,4.0,manual,front_wheel_drive,2.0,"hatchback,performance",compact,2dr_hatchback,31,23,873,28675
plymouth,neon,2001,regular_unleaded,132.0,4.0,manual,front_wheel_drive,4.0,,compact,sedan,30,24,535,12715
ford,ltd_crown_victoria,1991,regular_unleaded,150.0,8.0,automatic,rear_wheel_drive,4.0,,large,sedan,22,15,5657,2000
mercedes-benz,clk-class,2008,premium_unleaded_(required),382.0,8.0,automatic,rear_wheel_drive,2.0,"luxury,high-performance",compact,convertible,21,15,617,63200
ford,focus,2017,electric,,0.0,direct_drive,front_wheel_drive,4.0,hatchback,compact,4dr_hatchback,99,110,5657,29120
acura,integra,1999,regular_unleaded,140.0,4.0,manual,front_wheel_drive,2.0,"hatchback,luxury",compact,2dr_hatchback,29,22,204,2912
gmc,envoy,2008,regular_unleaded,300.0,8.0,automatic,four_wheel_drive,4.0,,midsize,4dr_suv,19,13,549,37105
ford,shelby_gt500,2013,premium_unleaded_(required),662.0,8.0,manual,rear_wheel_drive,2.0,"factory_tuner,high-performance",midsize,coupe,24,15,5657,54200
oldsmobile,alero,2004,regular_unleaded,140.0,4.0,automatic,front_wheel_drive,4.0,,midsize,sedan,31,21,26,20435
mazda,cx-3,2017,regular_unleaded,146.0,4.0,automatic,front_wheel_drive,4.0,crossover,compact,4dr_suv,34,29,586,19960
lexus,is_300,2005,premium_unleaded_(required),215.0,6.0,automatic,rear_wheel_drive,4.0,"luxury,performance",compact,wagon,23,16,454,31105
ford,escort,2003,regular_unleaded,130.0,4.0,manual,front_wheel_drive,2.0,,compact,coupe,30,23,5657,14810
audi,a5,2016,premium_unleaded_(required),220.0,4.0,automatic,all_wheel_drive,2.0,luxury,midsize,convertible,29,21,3105,50200
chevrolet,express,2015,flex-fuel_(unleaded/e85),285.0,8.0,automatic,rear_wheel_drive,3.0,flex_fuel,midsize,passenger_van,17,11,1385,32190
ford,e-series_van,2014,flex-fuel_(unleaded/e85),225.0,8.0,automatic,rear_wheel_drive,3.0,flex_fuel,large,cargo_van,16,13,5657,29815
fiat,500x,2017,premium_unleaded_(recommended),160.0,4.0,manual,front_wheel_drive,4.0,crossover,compact,4dr_suv,33,25,819,19995
volkswagen,beetle,2015,regular_unleaded,170.0,4.0,manual,front_wheel_drive,2.0,hatchback,compact,2dr_hatchback,33,24,873,20695
audi,q5,2015,premium_unleaded_(required),272.0,6.0,automatic,all_wheel_drive,4.0,"crossover,luxury",midsize,4dr_suv,26,18,3105,52900
volkswagen,jetta_sportwagen,2012,regular_unleaded,170.0,5.0,manual,front_wheel_drive,4.0,,compact,wagon,33,23,873,20195
dodge,ram_pickup_1500,2010,flex-fuel_(unleaded/e85),310.0,8.0,automatic,four_wheel_drive,2.0,flex_fuel,large,regular_cab_pickup,18,13,1851,25065
hyundai,veloster,2014,regular_unleaded,132.0,4.0,automated_manual,front_wheel_drive,3.0,hatchback,compact,2dr_hatchback,36,28,1439,21650
bmw,7_series,2015,premium_unleaded_(required),535.0,12.0,automatic,rear_wheel_drive,4.0,"luxury,high-performance",large,sedan,20,13,3916,141200
chevrolet,trailblazer,2009,premium_unleaded_(recommended),390.0,8.0,automatic,rear_wheel_drive,4.0,"factory_tuner,performance",midsize,4dr_suv,16,12,1385,37195
bmw,3_series,2016,premium_unleaded_(required),240.0,4.0,manual,rear_wheel_drive,4.0,"luxury,performance",midsize,sedan,34,22,3916,38350
gmc,sierra_1500,2016,flex-fuel_(unleaded/e85),285.0,6.0,automatic,four_wheel_drive,2.0,flex_fuel,large,regular_cab_pickup,22,17,549,31955
toyota,tacoma,2017,regular_unleaded,278.0,6.0,automatic,rear_wheel_drive,4.0,,compact,extended_cab_pickup,24,19,2031,28700
fiat,500,2016,premium_unleaded_(recommended),101.0,4.0,manual,front_wheel_drive,2.0,,compact,convertible,40,31,819,20395
lincoln,navigator,2016,regular_unleaded,380.0,6.0,automatic,four_wheel_drive,4.0,luxury,large,4dr_suv,19,15,61,69135
dodge,nitro,2010,regular_unleaded,260.0,6.0,automatic,rear_wheel_drive,4.0,"crossover,performance",midsize,4dr_suv,21,16,1851,25750
chevrolet,corvette,2016,premium_unleaded_(required),650.0,8.0,manual,rear_wheel_drive,2.0,"factory_tuner,high-performance",compact,coupe,22,15,1385,82965
lincoln,aviator,2005,premium_unleaded_(required),302.0,8.0,automatic,rear_wheel_drive,4.0,luxury,midsize,4dr_suv,17,11,61,40635
nissan,truck,1996,regular_unleaded,134.0,4.0,manual,rear_wheel_drive,2.0,,compact,regular_cab_pickup,24,19,2009,2000
honda,element,2010,regular_unleaded,166.0,4.0,automatic,front_wheel_drive,4.0,crossover,compact,4dr_suv,25,20,2202,22635
ford,f-250,1998,regular_unleaded,220.0,8.0,automatic,rear_wheel_drive,3.0,,large,extended_cab_pickup,18,13,5657,3395
dodge,dakota,2010,regular_unleaded,210.0,6.0,automatic,rear_wheel_drive,4.0,flex_fuel,compact,extended_cab_pickup,20,15,1851,22755
acura,integra,2001,premium_unleaded_(required),195.0,4.0,manual,front_wheel_drive,2.0,"hatchback,factory_tuner,luxury,performance",compact,2dr_hatchback,28,22,204,24450
hyundai,veracruz,2011,regular_unleaded,260.0,6.0,automatic,front_wheel_drive,4.0,crossover,midsize,4dr_suv,22,17,1439,28345
maserati,spyder,2005,premium_unleaded_(required),385.0,8.0,automated_manual,rear_wheel_drive,2.0,"exotic,luxury,high-performance",compact,convertible,16,11,238,91415
suzuki,equator,2010,regular_unleaded,261.0,6.0,automatic,rear_wheel_drive,4.0,,compact,extended_cab_pickup,20,15,481,23245
ford,e-series_van,2013,flex-fuel_(unleaded/e85),225.0,8.0,automatic,rear_wheel_drive,3.0,flex_fuel,large,cargo_van,17,13,5657,30145
maserati,ghibli,2017,premium_unleaded_(required),404.0,6.0,automatic,all_wheel_drive,4.0,"exotic,luxury,high-performance",midsize,sedan,24,16,238,79700
chevrolet,express,2016,flex-fuel_(unleaded/e85),285.0,8.0,automatic,rear_wheel_drive,3.0,flex_fuel,large,passenger_van,16,11,1385,37155
gmc,acadia,2017,regular_unleaded,310.0,6.0,automatic,all_wheel_drive,4.0,crossover,midsize,4dr_suv,25,18,549,41450
mazda,mx-6,1996,regular_unleaded,164.0,6.0,manual,front_wheel_drive,2.0,performance,compact,coupe,24,18,586,2000
porsche,928,1993,regular_unleaded,345.0,8.0,manual,rear_wheel_drive,2.0,"hatchback,luxury,performance",compact,2dr_hatchback,17,11,1715,6294
lexus,nx_200t,2017,premium_unleaded_(required),235.0,4.0,automatic,front_wheel_drive,4.0,"crossover,luxury",midsize,4dr_suv,28,22,454,37185
chevrolet,blazer,2004,regular_unleaded,190.0,6.0,automatic,rear_wheel_drive,4.0,,midsize,4dr_suv,19,14,1385,25230
toyota,sienna,2015,regular_unleaded,266.0,6.0,automatic,front_wheel_drive,4.0,,large,passenger_minivan,25,18,2031,28700
pontiac,vibe,2009,regular_unleaded,158.0,4.0,manual,front_wheel_drive,4.0,hatchback,compact,4dr_hatchback,28,21,210,16495
cadillac,xlr,2007,regular_unleaded,320.0,8.0,automatic,rear_wheel_drive,2.0,luxury,compact,convertible,24,15,1624,84160
ford,escort,2003,regular_unleaded,130.0,4.0,manual,front_wheel_drive,2.0,,compact,coupe,30,23,5657,13205
toyota,camry_solara,2006,regular_unleaded,225.0,6.0,automatic,front_wheel_drive,2.0,,midsize,convertible,26,18,2031,26940
volvo,850,1995,regular_unleaded,222.0,5.0,automatic,front_wheel_drive,4.0,"luxury,performance",midsize,wagon,24,17,870,2000
cadillac,cts,2016,premium_unleaded_(recommended),268.0,4.0,automatic,rear_wheel_drive,4.0,"luxury,performance",large,sedan,31,21,1624,60685
chevrolet,camaro,2017,premium_unleaded_(recommended),275.0,4.0,automatic,rear_wheel_drive,2.0,performance,midsize,convertible,31,22,1385,32600
ford,f-150,2015,regular_unleaded,325.0,6.0,automatic,four_wheel_drive,4.0,flex_fuel,large,crew_cab_pickup,23,18,5657,45090
ford,f-150,2016,flex-fuel_(unleaded/e85),385.0,8.0,automatic,rear_wheel_drive,4.0,flex_fuel,large,crew_cab_pickup,22,15,5657,52515
honda,ridgeline,2017,regular_unleaded,280.0,6.0,automatic,front_wheel_drive,4.0,,large,crew_cab_pickup,26,19,2202,35930
lexus,rc_200t,2016,premium_unleaded_(required),241.0,4.0,automatic,rear_wheel_drive,2.0,luxury,midsize,coupe,32,22,454,39995
dodge,durango,2016,premium_unleaded_(recommended),360.0,8.0,automatic,all_wheel_drive,4.0,"crossover,performance",large,4dr_suv,22,14,1851,44595
mazda,3,2015,regular_unleaded,184.0,4.0,automatic,front_wheel_drive,4.0,performance,compact,sedan,39,28,586,24895
infiniti,g37_sedan,2010,premium_unleaded_(recommended),328.0,6.0,automatic,all_wheel_drive,4.0,luxury,midsize,sedan,25,18,190,36050
gmc,envoy_xuv,2005,regular_unleaded,275.0,6.0,automatic,four_wheel_drive,4.0,,large,4dr_suv,17,12,549,36115
cadillac,cts_wagon,2013,regular_unleaded,318.0,6.0,automatic,rear_wheel_drive,4.0,"luxury,performance",midsize,wagon,26,18,1624,44190
lincoln,ls,2004,premium_unleaded_(required),232.0,6.0,automatic,rear_wheel_drive,4.0,"luxury,performance",midsize,sedan,24,17,61,36140
volkswagen,golf_gti,2015,premium_unleaded_(recommended),220.0,4.0,manual,front_wheel_drive,4.0,"hatchback,performance",compact,4dr_hatchback,34,25,873,26880
mazda,tribute,2009,regular_unleaded,171.0,4.0,automatic,front_wheel_drive,4.0,crossover,compact,4dr_suv,28,20,586,21790
lincoln,mark_lt,2007,regular_unleaded,300.0,8.0,automatic,rear_wheel_drive,4.0,luxury,large,crew_cab_pickup,16,12,61,38125
land_rover,range_rover,2014,flex-fuel_(premium_unleaded_required/e85),510.0,8.0,automatic,four_wheel_drive,4.0,"flex_fuel,luxury,high-performance",large,4dr_suv,19,13,258,136750
chevrolet,sonic,2017,regular_unleaded,138.0,4.0,manual,front_wheel_drive,4.0,,compact,sedan,39,28,1385,19720
land_rover,range_rover_sport,2014,premium_unleaded_(required),340.0,6.0,automatic,four_wheel_drive,4.0,"luxury,performance",midsize,4dr_suv,23,17,258,62600
gmc,savana,2014,flex-fuel_(unleaded/e85),280.0,8.0,automatic,rear_wheel_drive,3.0,flex_fuel,large,passenger_van,17,11,549,36030
mazda,mx-3,1994,regular_unleaded,130.0,6.0,manual,front_wheel_drive,2.0,hatchback,compact,2dr_hatchback,26,20,586,2000
acura,mdx,2016,premium_unleaded_(recommended),290.0,6.0,automatic,all_wheel_drive,4.0,"crossover,luxury",midsize,4dr_suv,26,18,204,51440
ford,f-150,2016,regular_unleaded,365.0,6.0,automatic,rear_wheel_drive,4.0,,large,crew_cab_pickup,25,18,5657,58885
ford,ranger,2009,regular_unleaded,207.0,6.0,manual,rear_wheel_drive,2.0,,compact,extended_cab_pickup,21,15,5657,20405
cadillac,cts_wagon,2012,regular_unleaded,318.0,6.0,automatic,rear_wheel_drive,4.0,"luxury,performance",midsize,wagon,26,18,1624,44190
rolls-royce,ghost_series_ii,2016,premium_unleaded_(required),563.0,12.0,automatic,rear_wheel_drive,4.0,"exotic,luxury,performance",large,sedan,21,13,86,295850
hyundai,elantra,2017,regular_unleaded,201.0,4.0,automated_manual,front_wheel_drive,4.0,,compact,sedan,33,26,1439,22750
mazda,navajo,1994,regular_unleaded,160.0,6.0,manual,four_wheel_drive,2.0,,compact,2dr_suv,18,14,586,2000
mazda,b-series_truck,2008,regular_unleaded,143.0,4.0,manual,rear_wheel_drive,2.0,,compact,regular_cab_pickup,26,21,586,15535
oldsmobile,regency,1998,regular_unleaded,205.0,6.0,automatic,front_wheel_drive,4.0,,large,sedan,27,17,26,2084
kia,cadenza,2017,regular_unleaded,290.0,6.0,automatic,front_wheel_drive,4.0,performance,midsize,sedan,28,20,1720,38990
bmw,4_series,2016,premium_unleaded_(required),300.0,6.0,automatic,rear_wheel_drive,2.0,"luxury,performance",midsize,convertible,31,20,3916,56950
ford,festiva,1992,regular_unleaded,63.0,4.0,manual,front_wheel_drive,2.0,hatchback,compact,2dr_hatchback,37,30,5657,2000
infiniti,q60_coupe,2017,premium_unleaded_(recommended),208.0,4.0,automatic,rear_wheel_drive,2.0,luxury,midsize,coupe,30,22,190,41300
chevrolet,express,2015,flex-fuel_(unleaded/e85),285.0,8.0,automatic,rear_wheel_drive,3.0,flex_fuel,midsize,passenger_van,17,11,1385,34485
volkswagen,jetta,2015,premium_unleaded_(recommended),210.0,4.0,automatic,front_wheel_drive,4.0,"factory_tuner,performance",midsize,sedan,32,24,873,28020
honda,civic_crx,1990,regular_unleaded,62.0,4.0,manual,front_wheel_drive,2.0,hatchback,compact,2dr_hatchback,44,36,2202,2000
cadillac,escalade_hybrid,2011,regular_unleaded,332.0,8.0,automatic,four_wheel_drive,4.0,"luxury,hybrid",large,4dr_suv,23,20,1624,88435
nissan,frontier,2016,regular_unleaded,152.0,4.0,manual,rear_wheel_drive,4.0,,compact,extended_cab_pickup,23,19,2009,22180
acura,ilx,2016,premium_unleaded_(recommended),201.0,4.0,automated_manual,front_wheel_drive,4.0,luxury,compact,sedan,36,25,204,34890
gmc,safari,2003,regular_unleaded,190.0,6.0,automatic,all_wheel_drive,3.0,,large,passenger_minivan,16,12,549,25690
chevrolet,trailblazer,2008,regular_unleaded,285.0,6.0,automatic,four_wheel_drive,4.0,,midsize,4dr_suv,20,14,1385,28525
acura,rlx,2017,premium_unleaded_(recommended),310.0,6.0,automatic,front_wheel_drive,4.0,"luxury,performance",midsize,sedan,30,20,204,60450
chevrolet,trax,2016,regular_unleaded,138.0,4.0,automatic,all_wheel_drive,4.0,crossover,compact,4dr_suv,31,24,1385,26730
audi,s5,2016,premium_unleaded_(required),333.0,6.0,manual,all_wheel_drive,2.0,"factory_tuner,luxury,high-performance",midsize,coupe,26,17,3105,59350
subaru,wrx,2017,premium_unleaded_(recommended),268.0,4.0,automatic,all_wheel_drive,4.0,performance,compact,sedan,24,18,640,32195
ford,aerostar,1995,regular_unleaded,135.0,6.0,automatic,rear_wheel_drive,3.0,,midsize,passenger_minivan,22,15,5657,2000
ford,f-150,2017,flex-fuel_(unleaded/e85),385.0,8.0,automatic,rear_wheel_drive,4.0,flex_fuel,large,crew_cab_pickup,22,15,5657,52835
toyota,avalon_hybrid,2017,regular_unleaded,200.0,4.0,automatic,front_wheel_drive,4.0,hybrid,midsize,sedan,39,40,2031,42550
dodge,shadow,1994,regular_unleaded,93.0,4.0,manual,front_wheel_drive,4.0,hatchback,compact,4dr_hatchback,30,23,1851,2000
scion,tc,2016,regular_unleaded,179.0,4.0,automatic,front_wheel_drive,2.0,hatchback,compact,2dr_hatchback,31,23,105,24340
lexus,gs_300,2006,premium_unleaded_(required),245.0,6.0,automatic,all_wheel_drive,4.0,luxury,midsize,sedan,25,19,454,45100
fiat,500e,2015,electric,,0.0,direct_drive,front_wheel_drive,2.0,hatchback,compact,2dr_hatchback,108,122,819,31800
dodge,journey,2015,regular_unleaded,283.0,6.0,automatic,front_wheel_drive,4.0,crossover,midsize,4dr_suv,25,17,1851,31395
volvo,s60,2015,regular_unleaded,325.0,6.0,automatic,all_wheel_drive,4.0,"factory_tuner,luxury,high-performance",midsize,sedan,28,19,870,43800
ferrari,550,2001,premium_unleaded_(required),485.0,12.0,manual,rear_wheel_drive,2.0,"exotic,high-performance",compact,convertible,12,8,2774,248500
lexus,ct_200h,2015,regular_unleaded,134.0,4.0,automatic,front_wheel_drive,4.0,"hatchback,luxury,hybrid",compact,4dr_hatchback,40,43,454,32200
tesla,model_s,2014,electric,,0.0,direct_drive,rear_wheel_drive,4.0,"exotic,performance",large,sedan,97,94,1391,69900
ford,fiesta,2017,regular_unleaded,120.0,4.0,manual,front_wheel_drive,4.0,,compact,sedan,35,27,5657,15360
mazda,cx-7,2010,premium_unleaded_(recommended),244.0,4.0,automatic,all_wheel_drive,4.0,crossover,midsize,4dr_suv,23,17,586,33035
lincoln,mks,2014,premium_unleaded_(recommended),365.0,6.0,automatic,all_wheel_drive,4.0,"luxury,performance",large,sedan,25,17,61,45840
dodge,dakota,2008,regular_unleaded,210.0,6.0,automatic,four_wheel_drive,4.0,,compact,crew_cab_pickup,18,14,1851,30780
pontiac,solstice,2009,premium_unleaded_(recommended),260.0,4.0,manual,rear_wheel_drive,2.0,"factory_tuner,high-performance",compact,convertible,28,19,210,29485
mitsubishi,outlander,2017,regular_unleaded,166.0,4.0,automatic,front_wheel_drive,4.0,crossover,midsize,4dr_suv,30,25,436,23495
pontiac,grand_am,2004,regular_unleaded,140.0,4.0,manual,front_wheel_drive,4.0,,midsize,sedan,33,23,210,17070
dodge,charger,2015,regular_unleaded,292.0,6.0,automatic,all_wheel_drive,4.0,,large,sedan,27,18,1851,30995
ford,explorer_sport,2002,regular_unleaded,203.0,6.0,automatic,four_wheel_drive,2.0,,midsize,2dr_suv,18,13,5657,26075
chevrolet,city_express,2016,regular_unleaded,131.0,4.0,automatic,front_wheel_drive,4.0,,compact,cargo_minivan,26,24,1385,23515
suzuki,xl7,2009,regular_unleaded,252.0,6.0,automatic,all_wheel_drive,4.0,crossover,midsize,4dr_suv,23,16,481,30230
ford,fiesta,2015,regular_unleaded,120.0,4.0,manual,front_wheel_drive,4.0,hatchback,compact,4dr_hatchback,36,28,5657,18805
volkswagen,jetta,2015,regular_unleaded,170.0,4.0,automatic,front_wheel_drive,4.0,,midsize,sedan,37,25,873,23650
toyota,tundra,2017,flex-fuel_(unleaded/e85),381.0,8.0,automatic,four_wheel_drive,4.0,flex_fuel,large,extended_cab_pickup,17,13,2031,43395
volkswagen,rabbit,2007,regular_unleaded,150.0,5.0,manual,front_wheel_drive,2.0,hatchback,compact,2dr_hatchback,28,19,873,14990
plymouth,sundance,1993,regular_unleaded,93.0,4.0,manual,front_wheel_drive,4.0,hatchback,compact,4dr_hatchback,29,23,535,2000
mercedes-benz,clk-class,2007,premium_unleaded_(required),382.0,8.0,automatic,rear_wheel_drive,2.0,"luxury,high-performance",compact,coupe,22,15,617,54900
infiniti,qx50,2015,premium_unleaded_(recommended),325.0,6.0,automatic,rear_wheel_drive,4.0,"crossover,luxury",midsize,4dr_suv,25,17,190,35000
toyota,pickup,1994,regular_unleaded,116.0,4.0,manual,rear_wheel_drive,2.0,,compact,regular_cab_pickup,25,19,2031,2000
volvo,s80,2014,regular_unleaded,300.0,6.0,automatic,all_wheel_drive,4.0,"luxury,performance",midsize,sedan,25,18,870,43950
oldsmobile,toronado,1992,regular_unleaded,170.0,6.0,automatic,front_wheel_drive,2.0,,large,coupe,24,16,26,2000
mercedes-benz,190-class,1992,regular_unleaded,130.0,4.0,manual,rear_wheel_drive,4.0,luxury,compact,sedan,26,18,617,2000
dodge,viper,2015,premium_unleaded_(required),645.0,10.0,manual,rear_wheel_drive,2.0,"exotic,high-performance",compact,coupe,21,12,1851,84995
honda,cr-v,2015,regular_unleaded,185.0,4.0,automatic,front_wheel_drive,4.0,crossover,compact,4dr_suv,34,27,2202,28145
lotus,exige,2010,premium_unleaded_(recommended),240.0,4.0,manual,rear_wheel_drive,2.0,"exotic,high-performance",compact,coupe,26,20,613,65690
infiniti,q70,2015,premium_unleaded_(required),416.0,8.0,automatic,rear_wheel_drive,4.0,"luxury,high-performance",large,sedan,24,16,190,64550
aston_martin,v8_vantage,2016,premium_unleaded_(required),430.0,8.0,automated_manual,rear_wheel_drive,2.0,"exotic,high-performance",compact,convertible,21,14,259,123500
volvo,xc90,2017,premium_unleaded_(recommended),316.0,4.0,automatic,all_wheel_drive,4.0,"crossover,luxury,performance",large,4dr_suv,25,20,870,57200
mercedes-benz,gls-class,2017,premium_unleaded_(required),362.0,6.0,automatic,all_wheel_drive,4.0,"crossover,luxury",large,4dr_suv,22,17,617,68700
chevrolet,suburban,2016,flex-fuel_(unleaded/e85),355.0,8.0,automatic,rear_wheel_drive,4.0,"flex_fuel,performance",large,4dr_suv,23,16,1385,64440
audi,q5,2015,diesel,240.0,6.0,automatic,all_wheel_drive,4.0,"crossover,luxury,diesel",midsize,4dr_suv,31,24,3105,47500
nissan,350z,2007,regular_unleaded,306.0,6.0,manual,rear_wheel_drive,2.0,high-performance,compact,convertible,24,17,2009,37900
oldsmobile,bravada,2002,regular_unleaded,270.0,6.0,automatic,rear_wheel_drive,4.0,,midsize,4dr_suv,20,14,26,32215
toyota,tundra,2015,regular_unleaded,381.0,8.0,automatic,four_wheel_drive,2.0,,large,regular_cab_pickup,17,13,2031,32170
chevrolet,silverado_1500,2017,regular_unleaded,355.0,8.0,automatic,four_wheel_drive,4.0,,large,crew_cab_pickup,22,15,1385,54925
infiniti,q40,2015,premium_unleaded_(required),328.0,6.0,automatic,all_wheel_drive,4.0,luxury,midsize,sedan,25,18,190,35550
subaru,impreza,2015,regular_unleaded,148.0,4.0,automatic,all_wheel_drive,4.0,hatchback,compact,4dr_hatchback,36,27,640,23295
lincoln,navigator,2017,regular_unleaded,380.0,6.0,automatic,four_wheel_drive,4.0,luxury,large,4dr_suv,20,15,61,74260
subaru,loyale,1993,regular_unleaded,90.0,4.0,manual,front_wheel_drive,4.0,,compact,sedan,29,22,640,2000
toyota,corolla,2015,regular_unleaded,132.0,4.0,manual,front_wheel_drive,4.0,,compact,sedan,37,28,2031,21495
mercedes-benz,gle-class_coupe,2016,premium_unleaded_(required),362.0,6.0,automatic,all_wheel_drive,4.0,"crossover,luxury,performance",midsize,4dr_suv,23,17,617,65100
toyota,corolla_im,2017,regular_unleaded,137.0,4.0,automatic,front_wheel_drive,4.0,hatchback,compact,4dr_hatchback,36,28,2031,19490
volkswagen,golf_gti,2016,premium_unleaded_(recommended),220.0,4.0,manual,front_wheel_drive,4.0,"hatchback,performance",compact,4dr_hatchback,34,25,873,31630
hyundai,santa_fe_sport,2015,regular_unleaded,264.0,4.0,automatic,front_wheel_drive,4.0,crossover,midsize,4dr_suv,27,19,1439,31250
ford,taurus_x,2008,regular_unleaded,260.0,6.0,automatic,all_wheel_drive,4.0,crossover,large,wagon,22,15,5657,32600
porsche,panamera,2016,premium_unleaded_(required),310.0,6.0,automated_manual,all_wheel_drive,4.0,"luxury,performance",large,sedan,27,18,1715,84300
audi,s3,2016,premium_unleaded_(required),292.0,4.0,automated_manual,all_wheel_drive,4.0,"factory_tuner,luxury,high-performance",compact,sedan,31,23,3105,48650
kia,optima,2014,regular_unleaded,199.0,4.0,automatic,front_wheel_drive,4.0,hybrid,midsize,sedan,40,36,1720,25995
chevrolet,s-10_blazer,1994,regular_unleaded,165.0,6.0,manual,rear_wheel_drive,2.0,,compact,2dr_suv,20,15,1385,2000
ferrari,enzo,2003,premium_unleaded_(required),660.0,12.0,automated_manual,rear_wheel_drive,2.0,"exotic,high-performance",compact,coupe,12,7,2774,643330
hyundai,veloster,2016,regular_unleaded,201.0,4.0,manual,front_wheel_drive,3.0,"hatchback,performance",compact,2dr_hatchback,33,25,1439,22600
bentley,azure_t,2010,premium_unleaded_(required),500.0,8.0,automatic,rear_wheel_drive,2.0,"exotic,luxury,high-performance",large,convertible,15,9,520,363000
infiniti,qx70,2017,premium_unleaded_(required),325.0,6.0,automatic,rear_wheel_drive,4.0,"crossover,luxury,performance",midsize,4dr_suv,24,17,190,45850
chevrolet,equinox,2017,regular_unleaded,182.0,4.0,automatic,front_wheel_drive,4.0,crossover,compact,4dr_suv,32,22,1385,23100
ford,transit_connect,2016,regular_unleaded,169.0,4.0,automatic,front_wheel_drive,4.0,,compact,cargo_minivan,29,21,5657,23675
infiniti,fx50,2010,premium_unleaded_(required),390.0,8.0,automatic,all_wheel_drive,4.0,"crossover,luxury,high-performance",midsize,4dr_suv,20,14,190,59000
toyota,pickup,1995,regular_unleaded,116.0,4.0,manual,four_wheel_drive,2.0,,compact,extended_cab_pickup,20,17,2031,2553
chrysler,pacifica,2007,regular_unleaded,255.0,6.0,automatic,front_wheel_drive,4.0,crossover,large,wagon,22,15,1013,27600
volkswagen,golf,2015,regular_unleaded,170.0,4.0,automatic,front_wheel_drive,4.0,hatchback,compact,4dr_hatchback,36,25,873,22395
lincoln,mkz,2017,premium_unleaded_(recommended),245.0,4.0,automatic,all_wheel_drive,4.0,luxury,midsize,sedan,28,20,61,36900
volkswagen,tiguan,2016,premium_unleaded_(recommended),200.0,4.0,automatic,front_wheel_drive,4.0,crossover,compact,4dr_suv,26,21,873,24890
infiniti,qx80,2015,premium_unleaded_(recommended),400.0,8.0,automatic,four_wheel_drive,4.0,luxury,large,4dr_suv,20,14,190,66350
chevrolet,sportvan,1994,regular_unleaded,200.0,8.0,automatic,rear_wheel_drive,3.0,,large,passenger_van,16,11,1385,2000
porsche,cayenne,2016,diesel,240.0,6.0,automatic,all_wheel_drive,4.0,"crossover,luxury,diesel",midsize,4dr_suv,29,20,1715,62300
tesla,model_s,2014,electric,,0.0,direct_drive,rear_wheel_drive,4.0,"exotic,high-performance",large,sedan,90,88,1391,93400
ford,freestar,2006,regular_unleaded,193.0,6.0,automatic,front_wheel_drive,4.0,,midsize,cargo_minivan,22,16,5657,19650
volkswagen,r32,2004,premium_unleaded_(recommended),240.0,6.0,manual,all_wheel_drive,2.0,"hatchback,performance",compact,2dr_hatchback,24,17,873,29100
nissan,versa,2015,regular_unleaded,109.0,4.0,automatic,front_wheel_drive,4.0,,compact,sedan,40,31,2009,15530
hyundai,azera,2015,regular_unleaded,293.0,6.0,automatic,front_wheel_drive,4.0,performance,midsize,sedan,29,20,1439,34000
cadillac,xts,2016,regular_unleaded,304.0,6.0,automatic,all_wheel_drive,4.0,"luxury,performance",large,sedan,26,17,1624,57935
chevrolet,s-10,2003,flex-fuel_(unleaded/e85),120.0,4.0,manual,rear_wheel_drive,3.0,flex_fuel,compact,extended_cab_pickup,25,19,1385,16570
ford,expedition,2016,regular_unleaded,365.0,6.0,automatic,rear_wheel_drive,4.0,,large,4dr_suv,21,15,5657,48145
mazda,protege,2002,regular_unleaded,130.0,4.0,manual,front_wheel_drive,4.0,,compact,sedan,28,22,586,14975
ford,e-series_wagon,2012,flex-fuel_(unleaded/e85),255.0,8.0,automatic,rear_wheel_drive,3.0,flex_fuel,midsize,passenger_van,15,11,5657,34160
volkswagen,routan,2010,regular_unleaded,197.0,6.0,automatic,front_wheel_drive,4.0,,midsize,passenger_minivan,23,16,873,30600
infiniti,ex,2012,premium_unleaded_(recommended),297.0,6.0,automatic,all_wheel_drive,4.0,"crossover,luxury,performance",midsize,4dr_suv,24,17,190,39500
volkswagen,gti,2013,premium_unleaded_(recommended),200.0,4.0,automated_manual,front_wheel_drive,2.0,"hatchback,performance",compact,2dr_hatchback,33,24,873,27895
audi,a4,2017,premium_unleaded_(recommended),190.0,4.0,automated_manual,front_wheel_drive,4.0,luxury,midsize,sedan,37,27,3105,37850
chevrolet,silverado_1500_hybrid,2012,regular_unleaded,332.0,8.0,automatic,four_wheel_drive,4.0,hybrid,large,crew_cab_pickup,23,20,1385,49620
gmc,acadia,2017,regular_unleaded,310.0,6.0,automatic,front_wheel_drive,4.0,crossover,midsize,4dr_suv,25,18,549,41750
honda,accord,2016,regular_unleaded,185.0,4.0,automatic,front_wheel_drive,2.0,,midsize,coupe,35,26,2202,25725
kia,rio,2016,regular_unleaded,138.0,4.0,automatic,front_wheel_drive,4.0,,compact,sedan,37,27,1720,20755
volkswagen,tiguan,2017,premium_unleaded_(recommended),200.0,4.0,automatic,front_wheel_drive,4.0,crossover,compact,4dr_suv,24,20,873,24995
volkswagen,beetle_convertible,2015,premium_unleaded_(recommended),210.0,4.0,automated_manual,front_wheel_drive,2.0,performance,compact,convertible,29,23,873,30995
fiat,124_spider,2017,premium_unleaded_(recommended),160.0,4.0,manual,rear_wheel_drive,2.0,performance,compact,convertible,35,26,819,28195
hyundai,entourage,2007,regular_unleaded,242.0,6.0,automatic,front_wheel_drive,4.0,,midsize,passenger_minivan,23,16,1439,28895
aston_martin,vanquish,2015,premium_unleaded_(required),568.0,12.0,automatic,rear_wheel_drive,2.0,"exotic,high-performance",midsize,coupe,21,13,259,283695
lexus,lx_570,2017,premium_unleaded_(recommended),383.0,8.0,automatic,four_wheel_drive,4.0,luxury,large,4dr_suv,18,13,454,89380
mercedes-benz,amg_gt,2017,premium_unleaded_(required),503.0,8.0,automatic,rear_wheel_drive,2.0,"exotic,factory_tuner,luxury,high-performance",compact,coupe,22,16,617,131200
volkswagen,jetta,2015,regular_unleaded,170.0,4.0,automatic,front_wheel_drive,4.0,,midsize,sedan,37,25,873,25380
buick,skylark,1997,regular_unleaded,155.0,6.0,automatic,front_wheel_drive,4.0,,midsize,sedan,26,18,155,2000
saab,9-3_griffin,2012,flex-fuel_(premium_unleaded_recommended/e85),220.0,4.0,manual,front_wheel_drive,2.0,"flex_fuel,luxury",compact,convertible,33,20,376,39490
subaru,forester,2015,regular_unleaded,170.0,4.0,manual,all_wheel_drive,4.0,crossover,midsize,4dr_suv,29,22,640,22195
dodge,ram_150,1991,regular_unleaded,170.0,8.0,manual,four_wheel_drive,2.0,,large,extended_cab_pickup,13,10,1851,2000
infiniti,q70,2016,premium_unleaded_(required),330.0,6.0,automatic,rear_wheel_drive,4.0,"luxury,performance",large,sedan,26,18,190,51350
honda,civic_crx,1990,regular_unleaded,92.0,4.0,manual,front_wheel_drive,2.0,hatchback,compact,2dr_hatchback,32,27,2202,2000
audi,s6,2017,premium_unleaded_(required),450.0,8.0,automated_manual,all_wheel_drive,4.0,"factory_tuner,luxury,high-performance",midsize,sedan,27,18,3105,70900
dodge,grand_caravan,2016,flex-fuel_(unleaded/e85),283.0,6.0,automatic,front_wheel_drive,4.0,flex_fuel,midsize,passenger_minivan,25,17,1851,28295
mitsubishi,eclipse_spyder,2010,regular_unleaded,162.0,4.0,automatic,front_wheel_drive,2.0,,compact,convertible,26,19,436,27799
chevrolet,sonic,2015,regular_unleaded,138.0,4.0,automatic,front_wheel_drive,4.0,hatchback,compact,4dr_hatchback,35,25,1385,17845
cadillac,cts_coupe,2012,regular_unleaded,318.0,6.0,automatic,rear_wheel_drive,2.0,"luxury,performance",midsize,coupe,27,18,1624,43950
ferrari,360,2004,premium_unleaded_(required),425.0,8.0,automated_manual,rear_wheel_drive,2.0,"exotic,factory_tuner,high-performance",compact,coupe,15,10,2774,187124
nissan,370z,2015,premium_unleaded_(required),332.0,6.0,manual,rear_wheel_drive,2.0,high-performance,compact,coupe,26,18,2009,33570
chevrolet,trailblazer_ext,2006,regular_unleaded,291.0,6.0,automatic,rear_wheel_drive,4.0,,large,4dr_suv,19,14,1385,25880
infiniti,g_coupe,2013,premium_unleaded_(recommended),330.0,6.0,manual,rear_wheel_drive,2.0,"luxury,high-performance",midsize,coupe,25,17,190,45500
nissan,300zx,1995,regular_unleaded,222.0,6.0,manual,rear_wheel_drive,2.0,performance,compact,coupe,22,17,2009,2774
toyota,sequoia,2015,flex-fuel_(unleaded/e85),381.0,8.0,automatic,four_wheel_drive,4.0,flex_fuel,large,4dr_suv,17,13,2031,47620
nissan,rogue,2016,regular_unleaded,170.0,4.0,automatic,front_wheel_drive,4.0,crossover,midsize,4dr_suv,33,26,2009,23330
toyota,pickup,1994,regular_unleaded,150.0,6.0,manual,rear_wheel_drive,2.0,,compact,extended_cab_pickup,20,15,2031,2188
gmc,sierra_1500,2016,flex-fuel_(unleaded/e85),285.0,6.0,automatic,four_wheel_drive,4.0,flex_fuel,large,crew_cab_pickup,22,17,549,39380
porsche,911,2015,premium_unleaded_(required),400.0,6.0,manual,all_wheel_drive,2.0,"luxury,high-performance",compact,convertible,26,18,1715,117530
aston_martin,db9,2013,premium_unleaded_(required),510.0,12.0,automatic,rear_wheel_drive,2.0,"exotic,high-performance",midsize,coupe,19,13,259,183700
kia,sorento,2016,regular_unleaded,240.0,4.0,automatic,all_wheel_drive,4.0,crossover,midsize,4dr_suv,25,19,1720,41700
mazda,cx-7,2012,regular_unleaded,161.0,4.0,automatic,front_wheel_drive,4.0,crossover,midsize,4dr_suv,27,20,586,26590
subaru,legacy,2016,regular_unleaded,175.0,4.0,automatic,all_wheel_drive,4.0,,midsize,sedan,36,26,640,27145
ford,f-150_heritage,2004,regular_unleaded,202.0,6.0,manual,rear_wheel_drive,2.0,,large,regular_cab_pickup,19,15,5657,19910
cadillac,xlr-v,2007,premium_unleaded_(required),443.0,8.0,automatic,rear_wheel_drive,2.0,"factory_tuner,luxury,high-performance",compact,convertible,20,13,1624,97460
gmc,canyon,2012,regular_unleaded,185.0,4.0,manual,rear_wheel_drive,2.0,,compact,regular_cab_pickup,25,18,549,17490
acura,mdx,2017,premium_unleaded_(recommended),290.0,6.0,automatic,front_wheel_drive,4.0,"crossover,luxury",midsize,4dr_suv,27,19,204,48360
suzuki,grand_vitara,2011,regular_unleaded,166.0,4.0,automatic,rear_wheel_drive,4.0,crossover,compact,4dr_suv,25,19,481,21099
gmc,suburban,1997,regular_unleaded,255.0,8.0,automatic,four_wheel_drive,4.0,,large,4dr_suv,15,11,549,2585
nissan,350z,2008,regular_unleaded,306.0,6.0,automatic,rear_wheel_drive,2.0,high-performance,compact,convertible,23,17,2009,41980
subaru,wrx,2015,premium_unleaded_(required),305.0,4.0,manual,all_wheel_drive,4.0,"factory_tuner,high-performance",compact,sedan,23,17,640,37395
bentley,arnage,2007,premium_unleaded_(required),450.0,8.0,automatic,rear_wheel_drive,4.0,"exotic,luxury,performance",large,sedan,15,10,520,221990
honda,hr-v,2016,regular_unleaded,141.0,4.0,automatic,front_wheel_drive,4.0,crossover,compact,4dr_suv,35,28,2202,22065
suzuki,equator,2012,regular_unleaded,261.0,6.0,automatic,rear_wheel_drive,4.0,,compact,crew_cab_pickup,20,15,481,25699
fiat,500,2015,premium_unleaded_(recommended),101.0,4.0,manual,front_wheel_drive,2.0,,compact,convertible,34,28,819,24700
ford,f-150_heritage,2004,regular_unleaded,231.0,8.0,automatic,rear_wheel_drive,4.0,,large,extended_cab_pickup,18,14,5657,25460
mazda,2,2013,regular_unleaded,100.0,4.0,manual,front_wheel_drive,4.0,hatchback,compact,4dr_hatchback,35,29,586,14720
honda,accord,2017,regular_unleaded,185.0,4.0,automatic,front_wheel_drive,4.0,,midsize,sedan,36,27,2202,28820
honda,hr-v,2016,regular_unleaded,141.0,4.0,automatic,all_wheel_drive,4.0,crossover,compact,4dr_suv,32,27,2202,25990
volvo,s60,2015,regular_unleaded,240.0,4.0,automatic,front_wheel_drive,4.0,"luxury,performance",midsize,sedan,37,25,870,33300
chevrolet,silverado_1500,2017,regular_unleaded,355.0,8.0,automatic,four_wheel_drive,4.0,,large,extended_cab_pickup,20,15,1385,44815
dodge,stratus,2004,regular_unleaded,200.0,6.0,manual,front_wheel_drive,2.0,performance,midsize,coupe,26,18,1851,22695
dodge,viper,2017,premium_unleaded_(required),645.0,10.0,manual,rear_wheel_drive,2.0,"exotic,high-performance",compact,coupe,19,12,1851,118795
toyota,echo,2004,regular_unleaded,108.0,4.0,manual,front_wheel_drive,2.0,,compact,coupe,38,30,2031,10355
suzuki,kizashi,2011,regular_unleaded,185.0,4.0,manual,front_wheel_drive,4.0,,midsize,sedan,31,21,481,18999
infiniti,g_coupe,2011,premium_unleaded_(recommended),330.0,6.0,automatic,all_wheel_drive,2.0,"luxury,performance",midsize,coupe,25,18,190,40250
audi,a6,2017,premium_unleaded_(recommended),252.0,4.0,automated_manual,front_wheel_drive,4.0,luxury,midsize,sedan,354,24,3105,51600
chevrolet,trailblazer_ext,2005,regular_unleaded,275.0,6.0,automatic,four_wheel_drive,4.0,,large,4dr_suv,17,12,1385,32515
nissan,rogue,2015,regular_unleaded,170.0,4.0,automatic,front_wheel_drive,4.0,crossover,midsize,4dr_suv,33,26,2009,28280
chrysler,aspen,2008,regular_unleaded,302.0,8.0,automatic,four_wheel_drive,4.0,,large,4dr_suv,17,13,1013,35780
mazda,mx-5_miata,2016,premium_unleaded_(recommended),155.0,4.0,manual,rear_wheel_drive,2.0,performance,compact,convertible,34,27,586,24915
cadillac,allante,1993,regular_unleaded,295.0,8.0,automatic,front_wheel_drive,2.0,"luxury,performance",compact,convertible,20,13,1624,2358
audi,a4_allroad,2017,premium_unleaded_(recommended),252.0,4.0,automated_manual,all_wheel_drive,4.0,luxury,midsize,wagon,28,23,3105,51400
suzuki,equator,2011,regular_unleaded,261.0,6.0,automatic,four_wheel_drive,4.0,,compact,extended_cab_pickup,19,14,481,25979
ford,five_hundred,2005,regular_unleaded,203.0,6.0,automatic,all_wheel_drive,4.0,,large,sedan,23,17,5657,23965
chevrolet,silverado_1500,2016,flex-fuel_(unleaded/e85),285.0,6.0,automatic,rear_wheel_drive,2.0,flex_fuel,large,regular_cab_pickup,24,18,1385,27095
buick,enclave,2017,regular_unleaded,288.0,6.0,automatic,all_wheel_drive,4.0,crossover,midsize,4dr_suv,22,15,155,45765
nissan,pathfinder,2015,regular_unleaded,260.0,6.0,automatic,front_wheel_drive,4.0,crossover,large,4dr_suv,27,20,2009,36210
bmw,3_series,2015,premium_unleaded_(required),241.0,4.0,automatic,all_wheel_drive,4.0,luxury,midsize,wagon,33,22,3916,41950
cadillac,xlr-v,2008,premium_unleaded_(required),443.0,8.0,automatic,rear_wheel_drive,2.0,"factory_tuner,luxury,high-performance",compact,convertible,21,14,1624,99160
ford,expedition,2017,regular_unleaded,365.0,6.0,automatic,four_wheel_drive,4.0,,large,4dr_suv,19,15,5657,61061
cadillac,ats,2015,regular_unleaded,202.0,4.0,automatic,rear_wheel_drive,4.0,luxury,compact,sedan,33,21,1624,37340
gmc,sierra_1500_classic,2007,regular_unleaded,285.0,8.0,automatic,four_wheel_drive,2.0,flex_fuel,large,regular_cab_pickup,18,14,549,26295
hyundai,santa_fe_sport,2016,regular_unleaded,265.0,4.0,automatic,front_wheel_drive,4.0,crossover,midsize,4dr_suv,27,19,1439,31250
dodge,durango,2015,premium_unleaded_(recommended),360.0,8.0,automatic,all_wheel_drive,4.0,"crossover,performance",large,4dr_suv,22,14,1851,42495
volvo,v60,2017,regular_unleaded,302.0,4.0,automatic,all_wheel_drive,4.0,"luxury,performance",midsize,wagon,31,23,870,48950
dodge,ram_50_pickup,1991,regular_unleaded,116.0,4.0,manual,rear_wheel_drive,2.0,,compact,extended_cab_pickup,22,17,1851,2000
honda,ridgeline,2017,regular_unleaded,280.0,6.0,automatic,all_wheel_drive,4.0,,large,crew_cab_pickup,25,18,2202,31275
toyota,camry_solara,2007,regular_unleaded,155.0,4.0,automatic,front_wheel_drive,2.0,,midsize,coupe,31,22,2031,20760
ford,windstar,2003,regular_unleaded,200.0,6.0,automatic,front_wheel_drive,4.0,,midsize,passenger_minivan,22,16,5657,27870
mazda,cx-7,2010,premium_unleaded_(recommended),244.0,4.0,automatic,all_wheel_drive,4.0,crossover,midsize,4dr_suv,23,17,586,27650
ferrari,ff,2013,premium_unleaded_(required),651.0,12.0,automated_manual,all_wheel_drive,,"exotic,high-performance",large,coupe,16,11,2774,295000
volkswagen,gti,2013,premium_unleaded_(recommended),200.0,4.0,automated_manual,front_wheel_drive,4.0,"hatchback,performance",compact,4dr_hatchback,33,24,873,30795
mazda,mpv,2006,regular_unleaded,200.0,6.0,automatic,front_wheel_drive,4.0,,compact,passenger_minivan,23,16,586,28515
plymouth,grand_voyager,1999,flex-fuel_(unleaded/e85),158.0,6.0,automatic,front_wheel_drive,4.0,flex_fuel,large,passenger_minivan,22,16,535,2152
lincoln,zephyr,2006,regular_unleaded,221.0,6.0,automatic,front_wheel_drive,4.0,luxury,midsize,sedan,26,17,61,28995
cadillac,dts,2010,premium_unleaded_(recommended),275.0,8.0,automatic,front_wheel_drive,4.0,luxury,large,sedan,23,15,1624,46280
bmw,4_series,2015,premium_unleaded_(required),300.0,6.0,automatic,rear_wheel_drive,2.0,"luxury,performance",midsize,convertible,31,20,3916,54900
volkswagen,beetle,2015,premium_unleaded_(recommended),210.0,4.0,automated_manual,front_wheel_drive,2.0,"hatchback,performance",compact,2dr_hatchback,30,24,873,29215
gmc,sierra_1500,2015,flex-fuel_(unleaded/e85),285.0,6.0,automatic,four_wheel_drive,4.0,flex_fuel,large,extended_cab_pickup,22,17,549,34675
rolls-royce,ghost,2014,premium_unleaded_(required),563.0,12.0,automatic,rear_wheel_drive,4.0,"exotic,luxury,performance",large,sedan,21,13,86,303300
volkswagen,cc,2017,premium_unleaded_(recommended),200.0,4.0,automated_manual,front_wheel_drive,4.0,performance,midsize,sedan,31,22,873,37820
